-- phpMyAdmin SQL Dump
-- version 4.1.14
-- http://www.phpmyadmin.net
--
-- Host: 127.0.0.1
-- Generation Time: 2016 年 12 朁E29 日 09:21
-- サーバのバージョン： 5.6.17
-- PHP Version: 5.5.12

SET SQL_MODE = "NO_AUTO_VALUE_ON_ZERO";
SET time_zone = "+00:00";


/*!40101 SET @OLD_CHARACTER_SET_CLIENT=@@CHARACTER_SET_CLIENT */;
/*!40101 SET @OLD_CHARACTER_SET_RESULTS=@@CHARACTER_SET_RESULTS */;
/*!40101 SET @OLD_COLLATION_CONNECTION=@@COLLATION_CONNECTION */;
/*!40101 SET NAMES utf8 */;

--
-- Database: `adminhis`
--

-- --------------------------------------------------------

--
-- テーブルの構造 `zh_access`
--

CREATE TABLE IF NOT EXISTS `zh_access` (
  `rid` smallint(5) unsigned NOT NULL,
  `nid` smallint(5) unsigned NOT NULL,
  KEY `gid` (`rid`),
  KEY `nid` (`nid`)
) ENGINE=MyISAM DEFAULT CHARSET=utf8 COMMENT='管理员权限分配表';

--
-- テーブルのデータのダンプ `zh_access`
--

INSERT INTO `zh_access` (`rid`, `nid`) VALUES
(15, 1),
(15, 2),
(15, 4),
(15, 180),
(15, 13),
(15, 184),
(15, 185),
(15, 186),
(15, 187),
(15, 5),
(15, 61),
(15, 8),
(15, 6),
(15, 9),
(15, 10),
(15, 70),
(15, 179),
(15, 15),
(15, 14),
(15, 3),
(15, 79),
(15, 69),
(15, 80),
(15, 200),
(15, 12),
(15, 16),
(15, 11),
(15, 18),
(15, 17),
(15, 19),
(15, 20),
(15, 21),
(15, 206),
(15, 207),
(15, 209),
(15, 208),
(15, 36),
(15, 37),
(15, 38),
(15, 39),
(15, 30),
(15, 34),
(15, 35),
(15, 31),
(15, 33),
(15, 32),
(15, 26),
(15, 29),
(15, 28),
(15, 27),
(15, 91),
(15, 92),
(15, 93),
(15, 94),
(15, 205),
(16, 1),
(16, 2),
(16, 4),
(16, 180),
(16, 13),
(16, 184),
(16, 185),
(16, 186),
(16, 187),
(16, 5),
(16, 61),
(16, 8),
(16, 6),
(16, 9),
(16, 10),
(16, 70),
(16, 179),
(16, 15),
(16, 14),
(16, 3),
(16, 79),
(16, 69),
(16, 80),
(16, 200),
(16, 12),
(16, 16),
(16, 11),
(16, 18),
(16, 17),
(16, 19),
(16, 20),
(16, 21),
(16, 206),
(16, 207),
(16, 209),
(16, 208),
(16, 36),
(16, 37),
(16, 38),
(16, 39),
(16, 30),
(16, 34),
(16, 35),
(16, 31),
(16, 33),
(16, 32),
(16, 26),
(16, 29),
(16, 28),
(16, 27),
(16, 91),
(16, 92),
(16, 93),
(16, 94),
(16, 205),
(17, 206),
(17, 215),
(17, 216),
(17, 223),
(17, 224),
(17, 220),
(17, 221),
(17, 222),
(17, 213),
(17, 214),
(17, 218),
(17, 219),
(17, 207),
(17, 208),
(17, 217),
(17, 212),
(17, 209),
(17, 210),
(18, 229),
(18, 228),
(18, 237),
(18, 235),
(18, 234),
(18, 233),
(18, 227),
(18, 17),
(18, 236),
(18, 11),
(18, 226),
(18, 225),
(20, 235),
(20, 234),
(20, 233),
(18, 16),
(18, 4),
(18, 2),
(18, 1),
(20, 227),
(19, 235),
(19, 234),
(19, 233),
(19, 227),
(21, 227),
(21, 233),
(21, 234),
(21, 235),
(22, 235),
(22, 234),
(22, 233),
(22, 227),
(18, 231),
(18, 232),
(19, 237),
(20, 237),
(22, 237);

-- --------------------------------------------------------

--
-- テーブルの構造 `zh_admin_log`
--

CREATE TABLE IF NOT EXISTS `zh_admin_log` (
  `log_id` int(10) unsigned NOT NULL AUTO_INCREMENT COMMENT '自增ID号',
  `log_time` int(10) unsigned NOT NULL DEFAULT '0' COMMENT '写日志时间',
  `user_id` tinyint(3) unsigned NOT NULL DEFAULT '0' COMMENT '该日志所记录的操作者id，同admin的user_id',
  `log_info` varchar(255) NOT NULL DEFAULT '' COMMENT '管理操作内容',
  `ip_address` varchar(15) NOT NULL DEFAULT '' COMMENT '管理者登录ip',
  PRIMARY KEY (`log_id`),
  KEY `log_time` (`log_time`),
  KEY `user_id` (`user_id`)
) ENGINE=MyISAM  DEFAULT CHARSET=utf8 AUTO_INCREMENT=604 ;

--
-- テーブルのデータのダンプ `zh_admin_log`
--

INSERT INTO `zh_admin_log` (`log_id`, `log_time`, `user_id`, `log_info`, `ip_address`) VALUES
(466, 1433816148, 1, '添加属性(attgribute): 测试属性1', '192.168.1.105'),
(467, 1433818334, 1, '添加属性(attgribute): 测试属性11', '192.168.1.105'),
(468, 1433818477, 1, '修改属性(attgribute): 测试属性2', '192.168.1.105'),
(469, 1433818488, 1, '修改属性(attgribute): 测试属性2', '192.168.1.105'),
(470, 1433819026, 1, '修改属性(attgribute): 测试属性1', '192.168.1.105'),
(471, 1433820634, 1, '添加属性(attgribute): 测试属性2', '192.168.1.105'),
(472, 1433821472, 1, '删除产品类型: 测试类型', '192.168.1.105'),
(473, 1433821799, 1, '添加属性(attgribute): 测试属性1', '192.168.1.105'),
(474, 1433821803, 1, '删除产品类型: 测试属性', '192.168.1.105'),
(475, 1433821907, 1, '添加属性(attgribute): 测试属性1', '192.168.1.105'),
(476, 1434065558, 1, '添加商品分类: 测试分类', '192.168.1.105'),
(477, 1434330296, 1, '添加商品分类: 测试定级分类', '192.168.1.105'),
(478, 1434332355, 1, '修改商品分类: 测试定级分类1', '192.168.1.105'),
(479, 1434332362, 1, '修改商品分类: 测试分类', '192.168.1.105'),
(480, 1434332374, 1, '修改商品分类: 测试分类1', '192.168.1.105'),
(481, 1434332385, 1, '修改商品分类: 测试分类1', '192.168.1.105'),
(482, 1434332390, 1, '修改商品分类: 测试分类1', '192.168.1.105'),
(483, 1434409473, 1, '添加商品分类: 测试分类1', '192.168.1.105'),
(484, 1434409477, 1, '删除商品分类: 测试分类1', '192.168.1.105'),
(485, 1434503458, 1, '添加供货商: 湖北供货商', '192.168.1.105'),
(486, 1434506328, 1, '添加供货商: 湖北供货商1', '192.168.1.105'),
(487, 1434506387, 1, '修改供货商: 湖北供货商1', '192.168.1.105'),
(488, 1435624725, 1, '添加EC会员等级(ec_user_rank): 测试用户等级', '127.0.0.1'),
(489, 1435626130, 1, '修改EC会员等级(ec_user_rank): 测试用户等级', '127.0.0.1'),
(490, 1435626390, 1, '删除EC会员等级(ec_user_rank): 测试用户等级', '127.0.0.1'),
(491, 1437014626, 1, '添加文章分类: 测试分类1', '127.0.0.1'),
(492, 1437015377, 1, '添加文章分类: 测试文章分类2', '127.0.0.1'),
(493, 1437508020, 1, '修改文章分类: 测试分类11', '127.0.0.1'),
(494, 1437508025, 1, '修改文章分类: 测试分类11', '127.0.0.1'),
(495, 1437508053, 1, '修改文章分类: 测试分类1', '127.0.0.1'),
(496, 1437508077, 1, '修改文章分类: 测试分类11', '127.0.0.1'),
(497, 1437508188, 1, '修改文章分类: 测试分类11', '127.0.0.1'),
(498, 1437509530, 1, '删除文章分类: ', '127.0.0.1'),
(499, 1437509565, 1, '删除文章分类: 14', '127.0.0.1'),
(500, 1439170743, 1, '修改属性(attgribute): 尺寸体积', '127.0.0.1'),
(501, 1439170839, 1, '添加属性(attgribute): 测试属性3', '127.0.0.1'),
(502, 1439170892, 1, '添加属性(attgribute): 测试属性2', '127.0.0.1'),
(503, 1439171138, 1, '添加商品: 测试商品', '127.0.0.1'),
(504, 1439171157, 1, '添加商品: 测试商品', '127.0.0.1'),
(505, 1439171312, 1, '添加商品: 测试商品', '127.0.0.1'),
(506, 1439171529, 1, '添加商品: 测试商品', '127.0.0.1'),
(507, 1439171971, 1, '添加商品: 测试商品', '127.0.0.1'),
(508, 1439171982, 1, '添加商品: 测试商品', '127.0.0.1'),
(509, 1439172061, 1, '添加商品: 测试商品', '127.0.0.1'),
(510, 1439172319, 1, '添加商品: 测试商品', '127.0.0.1'),
(511, 1439172328, 1, '添加商品: 测试商品', '127.0.0.1'),
(512, 1439172389, 1, '添加商品: 测试商品', '127.0.0.1'),
(513, 1439172766, 1, '添加商品: 测试商品', '127.0.0.1'),
(514, 1439172779, 1, '添加商品: 测试商品', '127.0.0.1'),
(515, 1439172831, 1, '添加商品: 测试商品', '127.0.0.1'),
(516, 1439172867, 1, '添加商品: 测试商品', '127.0.0.1'),
(517, 1439172925, 1, '添加商品: 测试商品', '127.0.0.1'),
(518, 1439173132, 1, '添加商品: 测试商品', '127.0.0.1'),
(519, 1439174100, 1, '添加商品: 测试商品', '127.0.0.1'),
(520, 1439174759, 1, '添加商品: 测试商品', '127.0.0.1'),
(521, 1439174814, 1, '添加商品: 测试商品', '127.0.0.1'),
(522, 1439174828, 1, '添加商品: 测试商品', '127.0.0.1'),
(523, 1439174899, 1, '添加商品: 测试商品', '127.0.0.1'),
(524, 1439174918, 1, '添加商品: 测试商品', '127.0.0.1'),
(525, 1439175176, 1, '添加商品: 测试商品', '127.0.0.1'),
(526, 1439175212, 1, '添加商品: 测试商品', '127.0.0.1'),
(527, 1439320017, 1, '添加商品: 测试商品', '127.0.0.1'),
(528, 1439320820, 1, '添加商品: 测试商品', '127.0.0.1'),
(529, 1439320846, 1, '添加商品: 测试商品', '127.0.0.1'),
(530, 1439320908, 1, '添加商品: 测试商品', '127.0.0.1'),
(531, 1439322621, 1, '添加商品: 测试商品', '127.0.0.1'),
(532, 1439322693, 1, '添加商品: 测试商品', '127.0.0.1'),
(533, 1439322732, 1, '添加商品: 测试商品', '127.0.0.1'),
(534, 1439322873, 1, '添加商品: 测试商品', '127.0.0.1'),
(535, 1439322952, 1, '添加商品: 测试商品', '127.0.0.1'),
(536, 1439323072, 1, '添加商品: 测试商品', '127.0.0.1'),
(537, 1439324765, 1, '添加商品: 测试商品', '127.0.0.1'),
(538, 1439324782, 1, '添加商品: 测试商品', '127.0.0.1'),
(539, 1439324801, 1, '添加商品: 测试商品', '127.0.0.1'),
(540, 1439324874, 1, '添加商品: 测试商品', '127.0.0.1'),
(541, 1439324909, 1, '添加商品: 测试商品', '127.0.0.1'),
(542, 1439324966, 1, '添加商品: 测试商品', '127.0.0.1'),
(543, 1439325054, 1, '添加商品: 测试商品', '127.0.0.1'),
(544, 1439325329, 1, '添加商品: 测试商品', '127.0.0.1'),
(545, 1439325450, 1, '添加商品: 测试商品', '127.0.0.1'),
(546, 1439325527, 1, '添加商品: 测试商品', '127.0.0.1'),
(547, 1439325680, 1, '添加商品: 测试商品', '127.0.0.1'),
(548, 1439325697, 1, '添加商品: 测试商品', '127.0.0.1'),
(549, 1439331403, 1, '添加商品: 测试商品', '127.0.0.1'),
(550, 1439331463, 1, '添加商品: 测试商品', '127.0.0.1'),
(551, 1439331483, 1, '添加商品: 测试商品', '127.0.0.1'),
(552, 1439331559, 1, '添加商品: 测试商品', '127.0.0.1'),
(553, 1439333683, 1, '添加商品: 测试商品', '127.0.0.1'),
(554, 1439333703, 1, '添加商品: 测试商品', '127.0.0.1'),
(555, 1439335868, 1, '添加商品: 测试商品', '127.0.0.1'),
(556, 1439430713, 1, '编辑商品: 测试商品111', '127.0.0.1'),
(557, 1439430799, 1, '编辑商品: 测试商品111', '127.0.0.1'),
(558, 1439430911, 1, '编辑商品: 测试商品222', '127.0.0.1'),
(559, 1439430938, 1, '编辑商品: 测试商品222', '127.0.0.1'),
(560, 1439430946, 1, '编辑商品: 测试商品222', '127.0.0.1'),
(561, 1439431055, 1, '编辑商品: 测试商品222', '127.0.0.1'),
(562, 1439431108, 1, '编辑商品: 测试商品222', '127.0.0.1'),
(563, 1439431131, 1, '编辑商品: 测试商品222', '127.0.0.1'),
(564, 1439431205, 1, '编辑商品: 测试商品222', '127.0.0.1'),
(565, 1439431223, 1, '编辑商品: 测试商品222', '127.0.0.1'),
(566, 1439431232, 1, '编辑商品: 测试商品222', '127.0.0.1'),
(567, 1439431247, 1, '编辑商品: 测试商品222', '127.0.0.1'),
(568, 1439431283, 1, '编辑商品: 测试商品222', '127.0.0.1'),
(569, 1439431319, 1, '编辑商品: 测试商品222', '127.0.0.1'),
(570, 1439431340, 1, '编辑商品: 测试商品222', '127.0.0.1'),
(571, 1439431423, 1, '编辑商品: 测试商品222', '127.0.0.1'),
(572, 1439431434, 1, '编辑商品: 测试商品222', '127.0.0.1'),
(573, 1439431446, 1, '编辑商品: 测试商品222', '127.0.0.1'),
(574, 1439431460, 1, '编辑商品: 测试商品222', '127.0.0.1'),
(575, 1439431468, 1, '编辑商品: 测试商品222', '127.0.0.1'),
(576, 1439431517, 1, '编辑商品: 测试商品222', '127.0.0.1'),
(577, 1439431537, 1, '编辑商品: 测试商品111', '127.0.0.1'),
(578, 1439431541, 1, '编辑商品: 测试商品111', '127.0.0.1'),
(579, 1439431545, 1, '编辑商品: 测试商品111', '127.0.0.1'),
(580, 1439431564, 1, '编辑商品: 测试商品111', '127.0.0.1'),
(581, 1439431567, 1, '编辑商品: 测试商品111', '127.0.0.1'),
(582, 1439431571, 1, '编辑商品: 测试商品111', '127.0.0.1'),
(583, 1439431649, 1, '编辑商品: 测试商品111', '127.0.0.1'),
(584, 1439431652, 1, '编辑商品: 测试商品111', '127.0.0.1'),
(585, 1439431654, 1, '编辑商品: 测试商品111', '127.0.0.1'),
(586, 1439431700, 1, '编辑商品: 测试商品111', '127.0.0.1'),
(587, 1439431704, 1, '编辑商品: 测试商品111', '127.0.0.1'),
(588, 1439431727, 1, '编辑商品: 测试商品111', '127.0.0.1'),
(589, 1439431729, 1, '编辑商品: 测试商品111', '127.0.0.1'),
(590, 1439431768, 1, '编辑商品: 测试商品111', '127.0.0.1'),
(591, 1439431781, 1, '编辑商品: 测试商品111', '127.0.0.1'),
(592, 1439431791, 1, '编辑商品: 测试商品111', '127.0.0.1'),
(593, 1439431799, 1, '编辑商品: 测试商品111', '127.0.0.1'),
(594, 1439431844, 1, '编辑商品: 测试商品111', '127.0.0.1'),
(595, 1439431908, 1, '编辑商品: 测试商品111', '127.0.0.1'),
(596, 1440354954, 1, '添加红包类型: 测试类型', '127.0.0.1'),
(597, 1440355953, 1, '修改红包类型: 测试类型', '127.0.0.1'),
(598, 1440355967, 1, '修改红包类型: 测试类型', '127.0.0.1'),
(599, 1440355972, 1, '修改红包类型: 测试类型1', '127.0.0.1'),
(600, 1440355986, 1, '修改红包类型: 测试用户发放红包', '127.0.0.1'),
(601, 1441052099, 1, '修改商品分类: 耳机', '127.0.0.1'),
(602, 1442457689, 1, '修改商品分类: 充值卡', '127.0.0.1'),
(603, 1442457704, 1, '修改商品分类: 手机配件', '127.0.0.1');

-- --------------------------------------------------------

--
-- テーブルの構造 `zh_ad_custom`
--

CREATE TABLE IF NOT EXISTS `zh_ad_custom` (
  `ad_id` mediumint(8) unsigned NOT NULL AUTO_INCREMENT,
  `ad_type` tinyint(1) unsigned NOT NULL DEFAULT '1',
  `ad_name` varchar(60) DEFAULT NULL,
  `add_time` int(10) unsigned NOT NULL DEFAULT '0',
  `content` mediumtext,
  `url` varchar(255) DEFAULT NULL,
  `ad_status` tinyint(3) unsigned NOT NULL DEFAULT '0',
  PRIMARY KEY (`ad_id`)
) ENGINE=MyISAM DEFAULT CHARSET=utf8 AUTO_INCREMENT=1 ;

-- --------------------------------------------------------

--
-- テーブルの構造 `zh_allorderlist`
--

CREATE TABLE IF NOT EXISTS `zh_allorderlist` (
  `id` int(11) NOT NULL AUTO_INCREMENT,
  `webid` int(2) unsigned DEFAULT '0',
  `typeid` int(1) unsigned DEFAULT NULL COMMENT '栏目类型',
  `aid` varchar(255) DEFAULT NULL COMMENT '文章的aid',
  `classid` int(11) DEFAULT NULL COMMENT '分类id',
  `displayorder` int(11) unsigned DEFAULT '9999' COMMENT '排序ID',
  `istejia` int(1) unsigned DEFAULT '0' COMMENT '特惠',
  `isding` int(1) unsigned DEFAULT '0' COMMENT '是否置顶',
  `isjian` int(1) unsigned DEFAULT '0' COMMENT '是否推荐',
  PRIMARY KEY (`id`),
  KEY `typeid` (`typeid`),
  KEY `classid` (`classid`)
) ENGINE=InnoDB  DEFAULT CHARSET=utf8 COMMENT='ssmall全局排序表' AUTO_INCREMENT=47 ;

--
-- テーブルのデータのダンプ `zh_allorderlist`
--

INSERT INTO `zh_allorderlist` (`id`, `webid`, `typeid`, `aid`, `classid`, `displayorder`, `istejia`, `isding`, `isjian`) VALUES
(1, 0, 1, '24', 0, 9999, 0, 0, 0),
(2, 2, 1, '21', 0, 3, 0, 0, 0),
(3, 2, 1, '17', NULL, 1, 0, 0, 0),
(4, 2, 1, '22', NULL, 2, 0, 0, 0),
(5, 0, 1, '25', NULL, 9999, 0, 0, 0),
(6, 0, 1, '30', NULL, 1, 0, 0, 0),
(7, 1, 1, '30', NULL, 1, 0, 0, 0),
(8, 0, 1, '64', NULL, 9999, 0, 0, 0),
(9, 1, 1, '62', 0, 9999, 0, 0, 0),
(10, 1, 1, '63', 0, 9999, 0, 0, 0),
(11, 1, 1, '65', 0, 9999, 0, 0, 0),
(12, 1, 1, '64', 0, 9999, 0, 0, 0),
(13, 1, 1, '84', 0, 9999, 0, 0, 0),
(14, 1, 1, '83', 0, 9999, 0, 0, 0),
(15, 1, 1, '82', 0, 9999, 0, 0, 0),
(16, 1, 1, '81', 0, 9999, 0, 0, 0),
(17, 1, 1, '95', NULL, 9999, 0, 0, 0),
(18, 2, 1, '52', 0, 9999, 0, 0, 0),
(19, 2, 1, '53', NULL, 9999, 0, 0, 0),
(20, 2, 1, '48', 0, 9999, 0, 0, 0),
(21, 2, 1, '55', 0, 9999, 0, 0, 0),
(22, 2, 1, '51', 0, 9999, 0, 0, 0),
(23, 2, 1, '49', 0, 9999, 0, 0, 0),
(24, 2, 1, '65', 0, 9999, 0, 0, 0),
(25, 2, 1, '50', 0, 9999, 0, 0, 0),
(26, 2, 1, '106', 0, 9999, 0, 0, 0),
(27, 2, 1, '45', NULL, 9999, 0, 0, 0),
(28, 0, 1, '112', 0, 9999, 0, 0, 0),
(29, 0, 1, '228', NULL, 9999, 0, 0, 0),
(30, 0, 1, '226', NULL, 9999, 0, 0, 0),
(31, 3, 1, '216', NULL, 1, 0, 0, 0),
(32, 3, 1, '215', NULL, 2, 0, 0, 0),
(33, 3, 1, '214', NULL, 3, 0, 0, 0),
(34, 3, 1, '213', NULL, 4, 0, 0, 0),
(35, 3, 1, '174', NULL, 5, 0, 0, 0),
(36, 3, 1, '105', NULL, 9999, 0, 0, 0),
(37, 1, 1, '216', 0, 9999, 0, 0, 0),
(38, 1, 1, '228', 0, 9999, 0, 0, 0),
(39, 1, 1, '215', 0, 9999, 0, 0, 0),
(40, 1, 1, '214', 0, 9999, 0, 0, 0),
(41, 1, 1, '213', 0, 9999, 0, 0, 0),
(42, 0, 1, '255', 0, 9999, 0, 0, 0),
(43, 2, 1, '256', 0, 1, 0, 0, 0),
(44, 0, 1, '256', NULL, 1, 0, 0, 0),
(45, 2, 1, '255', 0, 2, 0, 0, 0),
(46, 2, 1, '239', NULL, 9999, 0, 0, 0);

-- --------------------------------------------------------

--
-- テーブルの構造 `zh_article`
--

CREATE TABLE IF NOT EXISTS `zh_article` (
  `article_id` mediumint(8) unsigned NOT NULL AUTO_INCREMENT COMMENT '自增ID号',
  `cat_id` smallint(5) NOT NULL DEFAULT '0' COMMENT '该文章的分类，同article_cat的cat_id,如果不在，将自动成为保留类型而不能删除',
  `title` varchar(150) NOT NULL COMMENT '文章题目',
  `content` longtext NOT NULL COMMENT '文章内容',
  `author` varchar(30) NOT NULL COMMENT '文章作者',
  `author_email` varchar(60) NOT NULL COMMENT '文章作者的email',
  `keywords` varchar(255) NOT NULL COMMENT '文章的关键字',
  `article_type` tinyint(1) unsigned NOT NULL DEFAULT '2' COMMENT '文章类型，0，普通；1，置顶；2和大于2的，为保留文章，保留文章不能删除',
  `is_open` tinyint(1) unsigned NOT NULL DEFAULT '1' COMMENT '是否显示。1，显示；0，不显示',
  `add_time` int(10) unsigned NOT NULL DEFAULT '0' COMMENT '文章添加时间',
  `file_url` varchar(255) NOT NULL COMMENT '上传文件或者外部文件的url',
  `open_type` tinyint(1) unsigned NOT NULL DEFAULT '0' COMMENT '0,正常；当该字段为1或者2时，会在文章最后添加一个链接“相关下载”，连接地址等于file_url的值；但程序在此处有bug',
  `link` varchar(255) NOT NULL COMMENT '该文章标题所引用的连接，如果该项有值将不能显示文章内容，即该表中content的值',
  `description` varchar(255) DEFAULT NULL COMMENT '简介',
  PRIMARY KEY (`article_id`),
  KEY `cat_id` (`cat_id`)
) ENGINE=MyISAM  DEFAULT CHARSET=utf8 AUTO_INCREMENT=36 ;

--
-- テーブルのデータのダンプ `zh_article`
--

INSERT INTO `zh_article` (`article_id`, `cat_id`, `title`, `content`, `author`, `author_email`, `keywords`, `article_type`, `is_open`, `add_time`, `file_url`, `open_type`, `link`, `description`) VALUES
(1, 2, '免责条款', '', '', '', '', 0, 1, 1432537679, '', 0, '', NULL),
(2, 2, '隐私保护', '', '', '', '', 0, 1, 1432537679, '', 0, '', NULL),
(3, 2, '咨询热点', '', '', '', '', 0, 1, 1432537679, '', 0, '', NULL),
(4, 2, '联系我们', '', '', '', '', 0, 1, 1432537679, '', 0, '', NULL),
(5, 2, '公司简介', '', '', '', '', 0, 1, 1432537679, '', 0, '', NULL),
(6, -1, '用户协议', '', '', '', '', 0, 1, 1432537679, '', 0, '', NULL),
(7, 4, '三星电子宣布将在中国发布15款3G手机', '<p>全球领先的电子产品及第二大移动通信终端制造商三星电子今天在北京宣布，为全面支持中国开展3G移动通信业务，将在3G服务正式商用之际，向中国市场推出 15款3G手机。这些产品分别支持中国三大无线运营商的各种3G服务，并已经得到运营商的合作认可。凭借在电子和通信领域的整体技术实力和对消费者的准确 把握，三星电子已经开始全面发力中国的3G移动通信市场。<br />\n<br />\n&nbsp;&nbsp;&nbsp;&nbsp;2009年1月，中国政府宣布正式启动3G移动通信服务。并根据中国的实际情况，决定由三大运营商分别采用全部三种3G网络制式，&nbsp;即以中国自主知识产权为核心的TD-SCDMA，以欧洲为主要市场的WCDMA和源自北美的CDMA2000技术。<br />\n<br />\n&nbsp;&nbsp;&nbsp;&nbsp;多 年来，三星电子秉承&ldquo;做中国人民喜爱的企业，贡献于中国社会的企业&rdquo;的企业理念，准确地把握了中国社会的发展和市场的需求，推出了一系列深受中国消费者喜 爱的电子产品。为了配合中国推进具有自主知识产权的3G移动通信标准TD-SCDMA，&nbsp;三星电子从2000年开始在中国设立了通信技术研究院，&nbsp;开始进 行TD-SCDMA技术的研究。作为最早承诺支持中国3G标准的手机制造企业，三星电子已经先后投入了上亿元的研究费用，&nbsp;组建了几百人的研发团队。推出 的TD-SCDMA制式的产品，不仅通过了各级权威部门的试验和检测，也经历了2008年北京奥运会的现场考验。此次为中国移动定制的TD-SCDMA手 机，包括了满足高端商务需求的双待产品B7702C，以及数字电视手机、多媒体手机和时尚手机。<br />\n<br />\n&nbsp;&nbsp;&nbsp;&nbsp;作为世界第二大手机制造企业，三 星电子已经在全球3G市场积累了多年的技术和市场经验。最新的统计表明，在完全采用WCDMA标准的欧洲，三星电子的市场份额已经排名第二。在为中国联通 准备的产品中，不仅包括能够支持HSDPA的高端多媒体手机S7520U，也涵盖了能够支持高速上网、在线电影、在线音乐等适合不同消费需求的各种产品。<br />\n<br />\n&nbsp;&nbsp;&nbsp;&nbsp;而 在主要采用CDMA2000技术的北美市场，三星电子也取得了市场份额的第一名。即将陆续上市的支持中国电信3G服务的EVDO产品，有高端商务手机 W709。该机能够支持EVDO/GSM的双网双待功能，含800万像素拍摄系统。其他产品还包括音乐手机M609，双模手机W239，以及时尚设计的 F539等。<br />\n<br />\n&nbsp;&nbsp;&nbsp;&nbsp;作为世界上少数能够提供支持三种3G标准的终端厂商，三星电子正利用其在通信、半导体、显示器以及数字多媒体等方面 的优势，加快产品数字融合的进程。除上述3G手机产品外，三星电子也于近期推出了用于3G网络的上网卡和网络笔记本电脑。三星电子专务、无线事业部大中华 区高级副总裁卢基学先生说，&ldquo;上述15款新品，&nbsp;只是我们二季度新产品的一部分。随着中国3G移动通信市场的不断扩大，三星还将推出更多适合中国市场的终 端产品，以满足消费者对于通信和数字产品的不同需求。三星也将积极配合运营商业务的发展计划，加快技术和应用的研发。中国3G的移动通信市场前景将是非常 明亮的。&rdquo;</p>', '', '', '', 0, 1, 1241426864, '', 0, 'http://', NULL),
(8, 4, '诺基亚牵手移动 5款热门TD手机机型推荐', '<table width="100%" cellspacing="0" cellpadding="4" align="center" class="tableborder">\r\n<tbody>\r\n<tr>\r\n<td width="180" valign="top" class="altbg4">&nbsp;</td>\r\n<td height="100%" valign="top" class="altbg3">\r\n<table cellspacing="0" cellpadding="0" border="0" style="padding: 5px; table-layout: fixed; width: 973px; height: 2195px;">\r\n<tbody>\r\n<tr>\r\n<td valign="top">\r\n<div class="bbs_content clearfix">随着5月17日电信日的来临，自从09年初网民对于3G方面关注越来越多，目前国内3G网络主要有中国移动TD-SCDMA，中国联通WCDMA以及 中国电信的CDMA2000这三种制式。到底是哪一种网络制式能让消费者满意，相信好多消费者都难以判断。<br />\r\n<br />\r\n而作为3G网络最主要的组 成部分-手持终端（手机） ，相信也是好多消费者关注的焦点。目前，中国移动TD-SCDMA手机机型频频爆出，其中不乏亮点产品，像联想联想 Ophone、诺基亚、多普达 Magic等，下面就让笔者与大家一起来了解TD-SCDMA网络制式下的几款强势机型吧。<br />\r\n<br />\r\n诺基亚TD-SCDMA手机　型号：待定　参考报价：尚未上市<br />\r\n<br />\r\n随着国内3G网络发展速度加快及众多手机厂商纷纷跟进，诺基亚终于推出TD-SCDMA手机，这款诺基亚的首台TD-SCDMA测试手机型号目前仍无法 得知，但从键盘及菜单设计来看，我们可以是知道其并没有采用S60操作系统，只是配备了S40系统，机身直板造型与早期热卖的6300有几分相像。<br />\r\n<br />\r\n<p><img width="450" alt="" src="http://dstatic.esqimg.com/4812278/1.jpg" style="display: block;" /></p>\r\n<br />\r\n<br />\r\n图为：诺基亚TD-SCDMA手机<br />\r\n<br />\r\n虽然没有更多的参数资料，但是从曝光的图片我们可以知道这款诺基亚TD-SCDMA手机必定配备了QVGA分辨率的屏幕以及320万像素的摄像头，而标准的MP3以及蓝牙等功能自然不会缺少，在功能方面不会比以往的S40手机逊色。<br />\r\n<br />\r\n<p><img width="450" alt="" src="http://dstatic.esqimg.com/4812279/2.jpg" style="display: block;" /></p>\r\n<br />\r\n<br />\r\n图为：诺基亚TD-SCDMA手机<br />\r\n<br />\r\n这款诺基亚的TD手机最大的卖点便是提供了对TD-HSDPA技术的支持，最大的功能特色便是该技术被看为是TD网络下一步的演进技术，能够同时适用于 WCDMA和TD-SCDMA两种不同的网络支持，能够很好的支持非对称的数据业务，也就是说这款诺基亚手机的用户即便在全球漫游都能够使用到3G网络。 而其机身前置的摄像头也更是证实了其3G手机的身份。<br />\r\n<br />\r\n<p><img width="450" alt="" src="http://dstatic.esqimg.com/4812280/3.jpg" style="display: block;" /></p>\r\n<p><br />\r\n<br />\r\n图为：诺基亚TD-SCDMA手机<br />\r\n<br />\r\n从目前曝光的测试情况来看，通过这款诺基亚TD手机连接网络，其下载速度能够稳定在1.3Mbps左右，不过根据国内有些媒体的报道，诺基亚官方已经证实将于今天下半年配合运营商中国移动对出自己的第一款TD-SCDMA制式的S60手机，大家要拭目以待了。</p>\r\n<p>&nbsp;</p>\r\n图为：诺基亚TD-SCDMA手机<br />\r\n<br />\r\n最后较为耐人寻味的便是目前有业内人士指出目前曝光的的诺基亚TD手机其实是去年夏季就出现过的 TD测试手机，但是随着诺基亚拥有部分股份的TD芯片厂商&ldquo;凯明&rdquo;的倒闭，这款机型也就被取消了。尽管对于目前这款诺基亚的TD测试手机的身份尚无官方的 消息，但是诺基亚将推出TD手机遗失毫无悬念的事情了，相信大家也希望在TD制式下能够有更多的手机可以选择。</div>\r\n</td>\r\n</tr>\r\n</tbody>\r\n</table>\r\n</td>\r\n</tr>\r\n</tbody>\r\n</table>\r\n<p>&nbsp;</p>', '', '', '', 0, 1, 1241427051, '', 0, 'http://', NULL),
(9, 5, '售后流程', '', '', '', '', 0, 1, 1242576700, '', 0, 'http://', NULL),
(10, 5, '购物流程', '', '', '', '', 0, 1, 1242576717, '', 0, 'http://', NULL),
(11, 5, '订购方式', '', '', '', '', 0, 1, 1242576727, '', 0, 'http://', NULL),
(12, 6, '如何分辨原装电池', '<p><font size="2">一般在购买时主要是依靠观察外观特征的方法来鉴别电池，而原装电池一般应具有以下一些特征：&nbsp;<br />\n<br />\n1、 电池外观整齐，外表面有一定的粗糙度且手感舒适，内表面手感光滑，灯光下能看见细密的纵向划痕&nbsp;<br />\n<br />\n2、 生产厂家字样应该轮廓清晰，且防伪标志亮度高，看上去有立体感，电池标贴 字迹清晰，有与电池类型相一致的电池件号<br />\n3、 电池标贴采用二次印刷技术，在一定光线下从斜面看，条形码部分的颜色比其他部分要黑，且用手触摸有凹凸感<br />\n<br />\n4、 原装电池电极与手机电池片宽度相等，电池电极下方标有&ldquo; + &rdquo;、&ldquo; - &rdquo;标志，电池电极片之间的隔离材料与外壳材料一致，但不是一体<br />\n<br />\n5、 原装电池装入手机时手感舒适，安装自如，电池按压部分卡位适当而且牢固<br />\n<br />\n6、 原装电池的金属触点采用优质的铜片，只有在正面看时才会有反光，而从其它角度看的话，都是比较暗淡的</font></p>', '', '', '', 1, 1, 1242576826, '', 0, 'http://', NULL),
(15, 7, '货到付款区域', '', '', '', '', 0, 1, 1242577023, '', 0, 'http://', NULL),
(16, 7, '配送支付智能查询 ', '', '', '', '', 0, 1, 1242577032, '', 0, 'http://', NULL),
(17, 7, '支付方式说明', '', '', '', '', 0, 1, 1242577041, '', 0, 'http://', NULL),
(18, 10, '资金管理', '', '', '', '', 0, 1, 1242577127, '', 0, 'user.php?act=account_log', NULL),
(19, 10, '我的收藏', '', '', '', '', 0, 1, 1242577178, '', 0, 'user.php?act=collection_list', NULL),
(20, 10, '我的订单', '', '', '', '', 0, 1, 1242577199, '', 0, 'user.php?act=order_list', NULL),
(21, 8, '退换货原则', '', '', '', '服务', 0, 1, 1242577293, '', 0, 'http://', NULL),
(22, 8, '售后服务保证 ', '', '', '', '售后', 0, 1, 1242577308, '', 0, 'http://', NULL),
(23, 8, '产品质量保证 ', '', '', '', '质量', 1, 1, 1242577326, '', 0, 'http://', NULL),
(24, 9, '网站故障报告', '', '', '', '', 0, 1, 1242577432, '', 0, 'http://', NULL),
(25, 9, '选机咨询 ', '', '', '', '', 0, 1, 1242577448, '', 0, 'http://', NULL),
(26, 9, '投诉与建议 ', '', '', '', '', 0, 1, 1242577459, '', 0, 'http://', NULL),
(27, 4, '800万像素超强拍照机 LG Viewty Smart再曝光', '', '', '', '', 0, 1, 1242577702, '', 0, 'http://news.imobile.com.cn/index-a-view-id-66790.html', NULL),
(28, 11, '飞利浦9@9促销', '<p>&nbsp;</p>\r\n<div class="boxCenterList RelaArticle" id="com_v">\r\n<p align="left">作为一款性价比极高的入门级<font size="3" color="#ff0000"><strong>商务手机</strong></font>，飞利浦<a href="mailto:9@9v">Xenium&nbsp; 9@9v</a>三围大小为105&times;44&times;15.8mm，机身重量仅为<strong><font size="3" color="#ff0000">75g</font></strong>，装配了一块低规格1.75英寸128&times;160像素65000色CSTN显示屏。身正面采用月银色功能键区与屏幕数字键区相分隔，键盘设计较为<font size="3"><strong><font color="#ff0000">别</font><font color="#ff0000">致</font></strong></font>，中部导航键区采用钛金色的&ldquo;腰带&rdquo;彰显出浓郁的商务气息。</p>\r\n<p align="left">&nbsp;</p>\r\n<p align="left">此款手机采用<strong><font size="3" color="#ff0000">触摸屏</font></strong>设计，搭配精致的手写笔，可支持手写中文和英文两个版本。增强的内置系统还能识别潦草字迹，确保在移动中和匆忙时输入文字的识别率。手写指令功能还支持特定图案的瞬间调用，独特的手写记事本功能，可以在触摸屏上随意绘制个性化的图案并进行<strong><font size="3" color="#ff0000">记事提醒</font></strong>，让商务应用更加随意。</p>\r\n<p align="left">&nbsp;</p>\r\n<p align="left">&nbsp;作为入门级为数不多支持<strong><font size="3" color="#ff0000">双卡功能</font></strong>的手机，可以同时插入两张SIM卡，通过菜单随意切换，只需开启漫游自动切换模式，<a href="mailto:9@9V">9@9V</a>在该模式下能够判断网络情况，自动切换适合的手机号。</p>\r\n<p align="left">&nbsp;</p>\r\n<p align="left">&nbsp;</p>\r\n</div>\r\n<p>&nbsp;</p>', '', '', '', 0, 1, 1242578199, '', 0, 'http://', NULL),
(29, 11, '诺基亚5320 促销', '<p>&nbsp;</p>\r\n<div id="com_v" class="boxCenterList RelaArticle">\r\n<p>诺基亚5320XpressMusic音乐手机采用XpressMusic系列常见的黑红、黑蓝配色方案，而材质方便则选用的是经过<strong><font size="3" color="#ff0000">抛光处理</font></strong>的工程塑料；三围/体重为，为108&times;46&times;15mm/<strong><font size="3" color="#ff0000">90g</font></strong>，手感舒适。</p>\r\n<p>&nbsp;</p>\r\n<p>诺基亚5320采用的是一块可视面积为2.0英寸的<font size="3" color="#ff0000"><strong>1600万色</strong></font>屏幕，分辨率是常见的240&times;320像素（QVGA）。虽然屏幕不是特别大，但效果非常精细，色彩还原不错。</p>\r\n<p>&nbsp;</p>\r\n<p>手机背面，诺基亚为5320XM配备一颗<strong><font size="3" color="#ff0000">200W像素</font></strong>的摄像头，并且带有<strong><font size="3" color="#ff0000">两个LED的补光灯</font></strong>，可以实现拍照、摄像功能，并能通过彩信、邮件方式发送给朋友。</p>\r\n<p>&nbsp;</p>\r\n</div>\r\n<p>&nbsp;</p>', '', '', '', 1, 1, 1242578676, '', 0, 'http://', NULL),
(30, 11, '促销诺基亚N96', '<p>&nbsp;</p>\r\n<div class="boxCenterList RelaArticle" id="com_v">\r\n<p>诺基亚N96采用了<strong><font size="3" color="#ff0000">双向滑盖</font></strong>设计，机身整体呈灰黑色，沉稳、大气，机身材质采用了高强度的塑料材质，手机背面采用了抛光面板的设计风格。N96三维体积103*55*20mm，重量为125g。屏幕方面，诺基亚N96配备一块<strong><font size="3" color="#ff0000">2.8英寸</font></strong>的屏幕，支持<strong><font size="3" color="#ff0000">1670万色</font></strong>显示，分辨率达到QVGA（320&times;240）水准。</p>\r\n<p>&nbsp;<img src="http://img2.zol.com.cn/product/21/896/ceN6LBMCid3X6.jpg" alt="" /></p>\r\n<p>&nbsp;</p>\r\n<p>诺基亚N96设置有专门的<strong><font size="3" color="#ff0000">音乐播放键</font></strong>和标准的3.5毫米音频插口，支持多格式音乐播放。内置了<strong><font size="3" color="#ff0000">多媒体播放器</font></strong>，支持FM调频收音机等娱乐功能。N96手机支持<strong><font size="3" color="#ff0000">N-Gage游戏平台</font></strong>，内置包括<font size="3" color="#ff0000"><strong>《PinBall》完整版</strong></font>在内的四款N-Gage游戏，除了手机本身内置的游戏，还可以从N-Gage的网站下载或者购买最新的游戏，而且可以在论坛里和其他玩家一起讨论。</p>\r\n<p>&nbsp;</p>\r\n</div>\r\n<p>&nbsp;<img src="http://img2.zol.com.cn/product/21/898/cekkw57qJjSI.jpg" alt="" /></p>', '', '', '', 1, 1, 1242578826, '', 0, 'http://', NULL),
(13, 6, '如何分辨水货手机 ', '<p>\n<div class="artibody">\n<p><font size="2"><strong>1、&nbsp;什么是水货？</strong><br />\n提及水货手机，按照行业内的说法，可以将水货手机分成三类：A类、B类和C类。 </font></p>\n<p><font size="2">A类水货手机是指由国外、港澳台等地区在没有经过正常海关渠道的情况下进入国内市场的产品，就是我们常说的走私货， 与行货的主要差异是在输入法上，这类手机都是英文输入法或者是港澳台地区的繁体中文输入法。这类手机其最主要的目的是为了逃避国家关税或者因为该种产品曾 经过不正当改装而不能够通过正常渠道入关，质量一般没有大的问题。但由于逃避关税本身就是违法的，所以购买这类手机的用户根本得不到任何售后保障服务； </font></p>\n<p><font size="2">B类水货手机就是走私者将手机的系统软件由英文版升级至中文版后，偷运到内地，然后贴上非法渠道购买的入网标志，作为行货手机充数。 </font></p>\n<p><font size="2">C类水货手机则是那些由其他型号机改装、更换芯片等等方法做假&ldquo;生产&rdquo;出来的，或者就是从各地购买手机的部件，自己组装然后再贴上非法购买的入网标志。 </font></p>\n<p><font size="2">水货手机虽然不排除它是原厂正货的可能，但通过市场调研发现，绝大多数水货手机都是改版的次货，而且产品基本没有受国内厂商的保修许可。</font></p>\n<p><font size="2"><strong>2、水货有哪些？</strong>水货有两种，一种俗称港行，也称作水行，这种产品原本是在香港 及周边地区销售的，但是经过非法途径进入大陆地区销售。另一种是欧版水改机，也称作欧版，水改等，此种产品以英文改版机为主，通过刷改机内软件达到英文改 中文的目的，原来这类产品是销往欧美地区的，由于和大陆地区有相当大的价格差，所以通过走私进入中国市场。</font></p>\n<p><font size="2"><strong>3、水货手机的危害</strong><br />\n1、售后服务无保障 <br />\n手机作为精密类电子产品，软件、硬件方面都有可能产生不同的问题。购买正规渠道的手机，一旦出现问题，只要将问题反映给厂商客户服务中心并静候佳音就 可以了。大多数走私手机的贩卖点规模较小，根本没有资金和技术能力建立起自己的维修网点，因此他们往往制定非常苛刻的保修条件，将国家明令的一年保修期缩 短为三个月，并加入完全对走私手机经销商有利的诸如&ldquo;认为摔打&rdquo;等概念难以界定的排除条件(众所周知，手机很有可能发生摔撞事件)，是确确实实的霸王条 款。规定时间内手机出了故障，走私手机经销商会通过曲解条款尽可能地开脱保修责任。即使他们愿意承担保修服务，也需将手机发往广州、深圳等地，委托他人维 修。一来路途漫长，二来经手人繁多，小问题&ldquo;修&rdquo;成了大问题。最终走私手机经销商会以无法维修为由劝客户自行去当地正规客服维修。至于维修费用，他们自然 也不愿意出了。<br />\n<br />\n2、产品本身质量不过关<br />\n&nbsp;&nbsp;&nbsp; 现在很多奸商为了谋取暴利，经常使用C类的翻修或者组装手机冒充A类水货手机进行销售。作为消费者来说面对和正规行货之间巨大的价格差异，他们无法分辨想要购买的手机是否象销售商说的那样质量过硬，在销售商的巧舌如簧下只能眼看自己的钱包&ldquo;减肥&rdquo;。 </font></p>\n<p><font size="2">但是这类翻修或者组装的水货手机往往为了降低成本，其采用的配件往往也是不合格产品，甚至也是伪劣产品，可以想象由这样产品组装起来的手机的质量究竟可以好到那里去。目前在经常看到手机电池爆炸伤人的事件的报道，究其原因也是消费者购买了这些组装的水货手机。</font></p>\n<p><font size="2">而且不光这类手机硬件存在问题，包括手机使用的软件。由于组装的水货硬件规格根本无法保证和原场产品一致，手机使用的软件也会造成和手机硬件的冲突。频繁死机就是家常便饭，更有甚者会造成经常性的电话本丢失，无法联系到好友。</font></p>\n<p><br />\n<font size="2"><strong>4、如何分辨行、水货手机？</strong><br />\n1、看手机上是否贴有信息产业部&ldquo;进网许可&rdquo;标志。水货与正品的入网标志稍微有一点不同：真的入网标志一般都是针式打印机打印的，数字清晰，颜色较浅，仔细看有针打的凹痕；假的入网标志一般是普通喷墨打印机打印的，数字不很清晰，颜色较深，没有凹痕。 </font></p>\n<p><font size="2">2、检查手机的配置，包括中文说明书、电池、充电器等，如果是厂家原配，一般均贴有厂家的激光防伪标志。原厂配置的 中文说明书通常印刷精美，并与其他语言的说明书及相关产品资料的印刷质量、格式、风格等保持一致。不是原厂家配置的中文说明书通常印刷质量低劣，常出现错 别字，甚至字迹模糊。正品手机的包装盒中均附带有原厂合格证、原厂条码卡、原厂保修卡，而水货则没有。 </font></p>\n<p><font size="2">3、确认经销商的保修条例是否与厂家一致，在购买手机时应索要发票和保修卡。 </font></p>\n<p><font size="2">4、电子串号是否一致也是验证是否水货手机的重要途径。首先在手机上按&ldquo;*#06#&rdquo;，一般会在手机上显示15个数 字，这就是本手机的IMEI码。然后打开手机的电池盖，在手机里有一张贴纸，上面也有一个IMEI码，这个码应该同手机上显示的IMEI码完全一致。然后 再检查手机的外包装盒上的贴纸，上面也应该有一个IMEI码，这个码也应该同手机上显示的IMEI码完全一致。如果此三个码有不一致的地方，这个手机就有 问题。</font></p>\n</div>\n<p>&nbsp;</p>\n</p>', '', '', '', 0, 1, 1242576911, '', 0, 'http://', NULL),
(14, 6, '如何享受全国联保', '', '', '', '', 0, 1, 1242576927, '', 0, 'http://', NULL),
(31, 12, '诺基亚6681手机广告欣赏', '<object>\n<param value="always" name="allowScriptAccess" />\n<param value="transparent" name="wmode" />\n<param value="http://6.cn/player.swf?flag=0&amp;vid=nZNyu3nGNWWYjmtPQDY9nQ" name="movie" /><embed width="480" height="385" src="http://6.cn/player.swf?flag=0&amp;vid=nZNyu3nGNWWYjmtPQDY9nQ" allowscriptaccess="always" wmode="transparent" type="application/x-shockwave-flash"></embed></object>', '', '', '', 0, 1, 1242579069, '', 0, 'http://', NULL),
(32, 12, '手机游戏下载', '<p>三星SGHU308说明书下载，点击相关链接下载</p>', '', '', '', 1, 1, 1242579189, '', 0, 'http://soft.imobile.com.cn/index-a-list_softs-cid-1.html', NULL),
(33, 12, '三星SGHU308说明书下载', '<p>三星SGHU308说明书下载</p>', '', '', '', 1, 1, 1242579559, 'data/article/1245043292228851198.rar', 2, 'http://', NULL),
(34, 12, '3G知识普及', '<p>\n<h2>3G知识普及</h2>\n<div class="t_msgfont" id="postmessage_8792145"><font color="black">3G，全称为3rd Generation，中文含义就是指第三代数字通信。<br />\n</font><br />\n<font color="black">　　1995年问世的第一代<span class="t_tag" onclick="tagshow(event)" href="http://mbbs.enet.com.cn/tag.php?name=%C4%A3%C4%E2">模拟</span>制式<span class="t_tag" onclick="tagshow(event)" href="http://mbbs.enet.com.cn/tag.php?name=%CA%D6%BB%FA">手机</span>（1G）只能进行<span class="t_tag" onclick="tagshow(event)" href="http://mbbs.enet.com.cn/tag.php?name=%D3%EF%D2%F4">语音</span>通话；<br />\n</font><br />\n<font color="black">　　1996到1997年出现的第二代GSM、TDMA等数字制式手机（2G）便增加了接收数据的功能，如接收电子邮件或网页；<br />\n</font><br />\n<font color="black">　　3G不是2009年诞生的，它是上个世纪的产物，而早在2007年国外就已经产生4G了，而<span class="t_tag" onclick="tagshow(event)" href="http://mbbs.enet.com.cn/tag.php?name=%D6%D0%B9%FA">中国</span>也于2008年成功开发出<span class="t_tag" onclick="tagshow(event)" href="http://mbbs.enet.com.cn/tag.php?name=%D6%D0%B9%FA">中国</span>4G，其网络传输的速度可达到每秒钟2G，也就相当于下一部电影只要一秒钟。在上世纪90年末的日韩电影如《我的野蛮女友》中，女主角使用的可以让对方看见自己的视频<span class="t_tag" onclick="tagshow(event)" href="http://mbbs.enet.com.cn/tag.php?name=%B5%E7%BB%B0">电话</span>，就是属于3G技术的重要运用之一。日韩等国3G的运用是上世纪末期的事。而目前国外有些地区已经试运行3.5G甚至4G网络。<br />\n</font><br />\n<font color="black">　 </font><font color="black">（以下为误导）2009年问世的第三代（3G）与 前两代的主要区别是在传输声音和数据的速度上的提升，它能够在全球范围内更好地实现无缝漫游，并处理图像、音乐、视频流等多种媒体形式，提供包括网页浏 览、电话会议、电子商务等多种信息服务，同时也要考虑与已有第二代系统的良好兼容性。为了提供这种服务，无线网络必须能够支持不同的数据传输速度，也就是 说在室内、室外和行车的环境中能够分别支持至少2Mbps（兆比特／每秒）、384kbps（千比特／每秒）以及144kbps的传输速度。（此数值根据 网络环境会发生变化)。<br />\n</font><br />\n<font color="black">　　3G标准，国际电信联盟(ITU)目前一共确定了全球四大3G标准，它们分别是WCDMA、CDMA2000和TD-SCDMA和WiMAX。</font><br />\n<br />\n<font color="black">3G标准　　国际电信联盟（ITU）在2000年5月确定W-CDMA、CDMA2000、TD-SCDMA以 及WiMAX四大主流无线接口标准，写入3G技术指导性文件《2000年国际移动通讯计划》（简称IMT&mdash;2000）。 CDMA是Code Division Multiple Access (码分多址)的缩写，是第三代移动通信系统的技术基础。第一代移动通信系统采用频分多址(FDMA)的模拟调制方式，这种系统的主要缺点是频谱利用率低， 信令干扰话音业务。第二代移动通信系统主要采用时分多址(TDMA)的数字调制方式，提高了系统容量，并采用独立信道传送信令，使系统性能大大改善，但 TDMA的系统容量仍然有限，越区切换性能仍不完善。CDMA系统以其频率规划简单、系统容量大、频率复用系数高、抗多径能力强、通信质量好、软容量、软 切换等特点显示出巨大的发展潜力。下面分别介绍一下3G的几种标准：<br />\n</font><br />\n<br />\n<font color="black">　　 </font><br />\n<font color="black">(1) W-CDMA</font><font color="black"><br />\n</font><br />\n<br />\n<font color="black">　　也称为WCDMA，全称为Wideband CDMA，也称为CDMA Direct Spread，意为宽频分码多重存取，这是基于GSM网发展出来的3G技术规范，是欧洲提出的宽带CDMA技术，它与日本提出的宽带CDMA技术基本相 同，目前正在进一步融合。W-CDMA的支持者主要是以GSM系统为主的欧洲厂商，日本公司也或多或少参与其中，包括欧美的爱立信、阿尔卡特、<span class="t_tag" onclick="tagshow(event)" href="http://mbbs.enet.com.cn/tag.php?name=%C5%B5%BB%F9%D1%C7">诺基亚</span>、 朗讯、北电，以及日本的NTT、富士通、夏普等厂商。 该标准提出了GSM(2G)-GPRS-EDGE-WCDMA(3G)的演进策略。这套系统能够架设在现有的GSM网络上，对于系统提供商而言可以较轻易 地过渡，但是GSM系统相当普及的亚洲对这套新技术的接受度预料会相当高。因此W-CDMA具有先天的市场优势。<br />\n</font><br />\n<br />\n<font color="black">　　 </font><br />\n<font color="black">(2)CDMA2000</font><font color="black"><br />\n</font><br />\n<br />\n<font color="black">　　CDMA2000是由窄带CDMA(CDMA IS95)技术发展而来的宽带CDMA技术，也称为CDMA Multi-Carrier，它是由美国高通北美公司为主导提出，<span class="t_tag" onclick="tagshow(event)" href="http://mbbs.enet.com.cn/tag.php?name=%C4%A6%CD%D0%C2%DE%C0%AD">摩托罗拉</span>、Lucent 和后来加入的韩国三星都有参与，韩国现在成为该标准的主导者。这套系统是从窄频CDMAOne数字标准衍生出来的，可以从原有的CDMAOne结构直接升 级到3G，建设成本低廉。但目前使用CDMA的地区只有日、韩和北美，所以CDMA2000的支持者不如W-CDMA多。不过CDMA2000的研发技术 却是目前各标准中进度最快的，许多3G手机已经率先面世。该标准提出了从CDMA IS95(2G)-CDMA20001x-CDMA20003x(3G)的演进策略。CDMA20001x被称为2.5代移动通信技术。 CDMA20003x与CDMA20001x的主要区别在于应用了多路载波技术，通过采用三载波使带宽提高。目前<span class="t_tag" onclick="tagshow(event)" href="http://mbbs.enet.com.cn/tag.php?name=%D6%D0%B9%FA%B5%E7%D0%C5">中国电信</span>正在采用这一方案向3G过渡，并已建成了CDMA IS95网络。<br />\n</font><br />\n<br />\n<font color="black">　　 </font><br />\n<font color="black">(3)TD-SCDMA</font><font color="black"><br />\n</font><br />\n<br />\n<font color="black">　　全称为Time Division - Synchronous CDMA(时分<span class="t_tag" onclick="tagshow(event)" href="http://mbbs.enet.com.cn/tag.php?name=%CD%AC%B2%BD">同步</span>CDMA)，该标准是由中国大陆独自制定的3G标准，1999年6月29日，中国原邮电部电信科学技术研究院（大唐电信）向ITU提出。该标准将智能无线、<span class="t_tag" onclick="tagshow(event)" href="http://mbbs.enet.com.cn/tag.php?name=%CD%AC%B2%BD">同步</span>CDMA和<span class="t_tag" onclick="tagshow(event)" href="http://mbbs.enet.com.cn/tag.php?name=%C8%ED%BC%FE">软件</span>无 线电等当今国际领先技术融于其中，在频谱利用率、对业务支持具有灵活性、频率灵活性及成本等方面的独特优势。另外，由于中国内的庞大的市场，该标准受到各 大主要电信设备厂商的重视，全球一半以上的设备厂商都宣布可以支持TD&mdash;SCDMA标准。 该标准提出不经过2.5代的中间环节，直接向3G过渡，非常适用于GSM系统向3G升级。<br />\n</font><br />\n<br />\n<font color="black">　　 </font><br />\n<font color="black">(4)WiMAX</font><font color="black"><br />\n</font><br />\n<br />\n<font color="black">　　WiMAX 的全名是微波存取全球互通(Worldwide Interoperability for Microwave Access)，又称为802&middot;16无线城域网，是又一种为企业和家庭用户提供&ldquo;最后一英里&rdquo;的宽带无线连接方案。将此技术与需要授权或免授权的微波设备 相结合之后，由于成本较低，将扩大宽带无线市场，改善企业与服务供应商的认知度。2007年10月19日，国际电信联盟在日内瓦举行的无线通信全体会议 上，经过多数国家投票通过，WiMAX正式被批准成为继WCDMA、CDMA2000和TD-SCDMA之后的第四个全球3G标准。</font></div>\n</p>', '', '', '', 0, 1, 1242580013, '', 0, 'http://', NULL),
(35, 4, '“沃”的世界我做主', '<p><strong>导语：<br />\n<br />\n</strong>&nbsp;&nbsp;&nbsp;&nbsp;今年5月17日，是每年一度的世界电信日。同时，也是值得中国人民高兴的日子。昨天，中国联通企业品牌下的全品牌业务&ldquo;沃&rdquo;开始试商用，这也就意味着继中国移动、中国电信之后，国内第三种3G网络将要走入我们的生活，为我们带来更加快速便捷的通信服务。<br />\n<br />\n&nbsp;&nbsp;&nbsp;&nbsp;沃，意味着此品牌将为用户提供一个丰盈的平台，为个人客户、家庭客户、集团客户和企业服务提供全面的支撑，它代表着中国联通全新的服务理念和创新的品牌精神，在3G时代，为客户提供精彩的信息化服务。<br />\n<br />\n&nbsp;&nbsp;&nbsp;&nbsp;下面小编为各位介绍几款各大手机品牌专为&ldquo;沃&rdquo;打造的定制机型，为您迎接&ldquo;沃&rdquo;的到来做好充分准备。</p>\n<p><strong>诺基亚6210si<br />\n<br />\n</strong>&nbsp;&nbsp;&nbsp;&nbsp;诺基亚6210s大家肯定不陌生，经典的滑盖导航手机。其实6210si 与6210s外观、参数、硬件配置几乎完全一样，只不过在6210s的基础上，增加了对WCDMA网络的支持，成为中国联通定制手机。6210si采用诺 基亚经典的滑盖机身设计，机身面板为钢琴烤漆材质，高贵优雅。机身背板则为磨砂外观工程塑料材质，美观的同时增加了手机与手掌间的摩擦系数，防止使用中手 机滑落。</p>\n<p><strong>摩托罗拉A3100<br />\n</strong><br />\n&nbsp;&nbsp;&nbsp;&nbsp;作为摩托罗拉旗下为中国联通定制的A3100，它有着经典的鹅卵石造型， 大气稳重。从最初的U6，到U9再到A3100，鹅卵石的辉煌依旧。A3100有着高贵的血统，钢琴烤漆黑色面板，金属拉丝机身以及 Windows&nbsp;Mobile&nbsp;6.1&nbsp;Professional操作系统，都告诉我们它绝对是一部不可多得的好手机。</p>\n<p><br />\n<strong>三星S7520U<br />\n</strong><br />\n&nbsp;&nbsp;&nbsp;&nbsp;三星S7520U外观造型时尚，镜面设计以及超薄的 98.4&times;55&times;11.6mm金属机身，更适合女性朋友使用。通观机身，最显眼的就要数这3.0英寸的超大触摸屏幕了，400x240的WQGVA级别分 辨率，能够比QVGA级别屏幕显示更为细腻，细节表现力更强。500万像素摄像头说明了该机还是一名拍照能手，捕捉精彩瞬间不在话下。</p>', '', '', '', 0, 0, 1242974613, '', 0, 'http://', NULL);

-- --------------------------------------------------------

--
-- テーブルの構造 `zh_article_cat`
--

CREATE TABLE IF NOT EXISTS `zh_article_cat` (
  `cat_id` smallint(5) NOT NULL AUTO_INCREMENT COMMENT '自增ID号',
  `cat_name` varchar(255) NOT NULL COMMENT '分类名称',
  `cat_type` tinyint(1) unsigned NOT NULL DEFAULT '1' COMMENT '分类类型；1，普通分类；2，系统分类；3，网店信息；4，帮助分类；5，网店帮助',
  `keywords` varchar(255) NOT NULL COMMENT '分类关键字',
  `cat_desc` varchar(255) NOT NULL COMMENT '分类说明文字',
  `sort_order` tinyint(3) unsigned NOT NULL DEFAULT '50' COMMENT '分类显示顺序',
  `show_in_nav` tinyint(1) unsigned NOT NULL DEFAULT '0' COMMENT '是否在导航栏显示；0，否；1，是',
  `parent_id` smallint(5) unsigned NOT NULL DEFAULT '0' COMMENT '父节点id，取值于该表cat_id字段',
  PRIMARY KEY (`cat_id`),
  KEY `cat_type` (`cat_type`),
  KEY `sort_order` (`sort_order`),
  KEY `parent_id` (`parent_id`)
) ENGINE=MyISAM  DEFAULT CHARSET=utf8 AUTO_INCREMENT=15 ;

--
-- テーブルのデータのダンプ `zh_article_cat`
--

INSERT INTO `zh_article_cat` (`cat_id`, `cat_name`, `cat_type`, `keywords`, `cat_desc`, `sort_order`, `show_in_nav`, `parent_id`) VALUES
(1, '系统分类', 2, '', '系统保留分类', 50, 0, 0),
(2, '网店信息', 3, '', '网店信息分类', 50, 0, 1),
(3, '网店帮助分类', 4, '', '网店帮助分类', 50, 0, 1),
(4, '3G资讯', 1, '', '', 50, 0, 0),
(5, '新手上路 ', 5, '', '', 50, 0, 3),
(6, '手机常识 ', 5, '', '手机常识 ', 50, 0, 3),
(7, '配送与支付 ', 5, '', '配送与支付 ', 50, 0, 3),
(8, '服务保证 ', 5, '', '', 50, 0, 3),
(9, '联系我们 ', 5, '', '联系我们 ', 50, 0, 3),
(10, '会员中心', 5, '', '', 50, 0, 3),
(11, '手机促销', 1, '', '', 50, 0, 0),
(12, '站内快讯', 1, '', '', 50, 0, 0);

-- --------------------------------------------------------

--
-- テーブルの構造 `zh_attribute`
--

CREATE TABLE IF NOT EXISTS `zh_attribute` (
  `attr_id` smallint(5) unsigned NOT NULL AUTO_INCREMENT COMMENT '自增ID号',
  `cat_id` smallint(5) unsigned NOT NULL DEFAULT '0' COMMENT '商品类型，同ecs_goods_type的cat_id',
  `attr_name` varchar(60) NOT NULL DEFAULT '' COMMENT '属性名称',
  `attr_input_type` tinyint(1) unsigned NOT NULL DEFAULT '1' COMMENT '当添加商品时，该属性的添加类别；0，为手工输入；1，为选择输入；2，为多行文本输入',
  `attr_type` tinyint(1) unsigned NOT NULL DEFAULT '1' COMMENT '属性是否多选；0，否；1，是；如果可以多选，则可以自定义属性，并且可以根据值的不同定不同的价',
  `attr_values` text NOT NULL COMMENT '如果attr_input_type为1，即选择输入，则attr_name对应的值的取值就是该字段的值',
  `attr_index` tinyint(1) unsigned NOT NULL DEFAULT '0' COMMENT '属性是否可以检索；0，不需要检索；1，关键字检索；2，范围检索；该属性应该是如果检索的话，可以通过该属性找到有该属性的商品',
  `sort_order` tinyint(3) unsigned NOT NULL DEFAULT '0' COMMENT '属性显示的顺序，数字越大越靠前，如果数字一样则按id顺序',
  `is_linked` tinyint(1) unsigned NOT NULL DEFAULT '0' COMMENT '是否关联；0，不关联；1，关联；如果关联，那么用户在购买该商品时，具有有该属性相同值的商品将被推荐给用户',
  `attr_group` tinyint(1) unsigned NOT NULL DEFAULT '0' COMMENT '属性分组，相同的为一个属性组。该值应该取自ecs_goods_type的attr_group的值的顺序',
  PRIMARY KEY (`attr_id`),
  KEY `cat_id` (`cat_id`)
) ENGINE=MyISAM  DEFAULT CHARSET=utf8 AUTO_INCREMENT=218 ;

--
-- テーブルのデータのダンプ `zh_attribute`
--

INSERT INTO `zh_attribute` (`attr_id`, `cat_id`, `attr_name`, `attr_input_type`, `attr_type`, `attr_values`, `attr_index`, `sort_order`, `is_linked`, `attr_group`) VALUES
(1, 1, '作者', 0, 0, '', 0, 0, 0, 0),
(2, 1, '出版社', 0, 0, '', 0, 0, 0, 0),
(3, 1, '图书书号/ISBN', 0, 0, '', 0, 0, 0, 0),
(4, 1, '出版日期', 0, 0, '', 0, 0, 0, 0),
(5, 1, '开本', 0, 0, '', 0, 0, 0, 0),
(6, 1, '图书页数', 0, 0, '', 0, 0, 0, 0),
(7, 1, '图书装订', 1, 0, '平装\r\n黑白', 0, 0, 0, 0),
(8, 1, '图书规格', 0, 0, '', 0, 0, 0, 0),
(9, 1, '版次', 0, 0, '', 0, 0, 0, 0),
(10, 1, '印张', 0, 0, '', 0, 0, 0, 0),
(11, 1, '字数', 0, 0, '', 0, 0, 0, 0),
(12, 1, '所属分类', 0, 0, '', 0, 0, 0, 0),
(13, 2, '中文片名', 0, 0, '', 0, 0, 0, 0),
(14, 2, '英文片名', 0, 0, '', 0, 0, 0, 0),
(15, 2, '商品别名', 0, 0, '', 0, 0, 0, 0),
(16, 2, '介质/格式', 1, 0, 'HDCD\r\nDTS\r\nDVD\r\nDVD9\r\nVCD\r\nCD\r\nTAPE\r\nLP', 0, 0, 0, 0),
(17, 2, '片装数', 0, 0, '', 0, 0, 0, 0),
(18, 2, '国家地区', 0, 0, '', 0, 0, 0, 0),
(19, 2, '语种', 1, 0, '中文\r\n英文\r\n法文\r\n西班牙文', 0, 0, 0, 0),
(20, 2, '导演/指挥', 0, 0, '', 0, 0, 0, 0),
(21, 2, '主唱', 0, 0, '', 0, 0, 0, 0),
(22, 2, '所属类别', 1, 0, '古典\r\n流行\r\n摇滚\r\n乡村\r\n民谣\r\n爵士\r\n蓝调\r\n电子\r\n舞曲\r\n国乐\r\n民族\r\n怀旧\r\n经典\r\n人声\r\n合唱\r\n发烧\r\n试音\r\n儿童\r\n胎教\r\n轻音乐\r\n世界音乐\r\n庆典音乐\r\n影视音乐\r\n新世纪音乐\r\n大自然音乐', 0, 0, 0, 0),
(23, 2, '长度', 0, 0, '', 0, 0, 0, 0),
(24, 2, '歌词', 1, 0, '有\r\n无', 0, 0, 0, 0),
(25, 2, '碟片代码', 0, 0, '', 0, 0, 0, 0),
(26, 2, 'ISRC码', 0, 0, '', 0, 0, 0, 0),
(27, 2, '发行公司', 0, 0, '', 0, 0, 0, 0),
(28, 2, '出版', 0, 0, '', 0, 0, 0, 0),
(29, 2, '出版号', 0, 0, '', 0, 0, 0, 0),
(30, 2, '引进号', 0, 0, '', 0, 0, 0, 0),
(31, 2, '版权号', 0, 0, '', 0, 0, 0, 0),
(32, 3, '中文片名', 0, 0, '', 0, 0, 0, 0),
(33, 3, '英文片名', 0, 0, '', 0, 0, 0, 0),
(34, 3, '商品别名', 0, 0, '', 0, 0, 0, 0),
(35, 3, '介质/格式', 1, 0, 'HDCD\r\nDTS\r\nDVD\r\nDVD9\r\nVCD', 0, 0, 0, 0),
(36, 3, '碟片类型', 1, 0, '单面\r\n双层', 0, 0, 0, 0),
(37, 3, '片装数', 0, 0, '', 0, 0, 0, 0),
(38, 3, '国家地区', 0, 0, '', 0, 0, 0, 0),
(39, 3, '语种/配音', 1, 0, '中文\r\n英文\r\n法文\r\n西班牙文', 0, 0, 0, 0),
(40, 3, '字幕', 0, 0, '', 0, 0, 0, 0),
(41, 3, '色彩', 0, 0, '', 0, 0, 0, 0),
(42, 3, '中文字幕', 1, 0, '有\r\n无', 0, 0, 0, 0),
(43, 3, '导演', 0, 0, '', 0, 0, 0, 0),
(44, 3, '表演者', 0, 0, '', 0, 0, 0, 0),
(45, 3, '所属类别', 1, 0, '爱情\r\n偶像\r\n生活\r\n社会\r\n科幻\r\n神话\r\n武侠\r\n动作\r\n惊险\r\n恐怖\r\n传奇\r\n人物\r\n侦探\r\n警匪\r\n历史\r\n军事\r\n戏剧\r\n舞台\r\n经典\r\n名著\r\n喜剧\r\n情景\r\n动漫\r\n卡通\r\n儿童\r\n伦理激情', 0, 0, 0, 0),
(46, 3, '年份', 0, 0, '', 0, 0, 0, 0),
(47, 3, '音频格式', 0, 0, '', 0, 0, 0, 0),
(48, 3, '区码', 0, 0, '', 0, 0, 0, 0),
(49, 3, '碟片代码', 0, 0, '', 0, 0, 0, 0),
(50, 3, 'ISRC码', 0, 0, '', 0, 0, 0, 0),
(51, 3, '发行公司', 0, 0, '', 0, 0, 0, 0),
(52, 3, '出版 ', 0, 0, '', 0, 0, 0, 0),
(53, 3, '出版号', 0, 0, '', 0, 0, 0, 0),
(54, 3, '引进号', 0, 0, '', 0, 0, 0, 0),
(55, 3, '版权号', 0, 0, '', 0, 0, 0, 0),
(56, 4, '网络制式', 0, 0, '', 0, 0, 0, 0),
(57, 4, '支持频率/网络频率', 0, 0, '', 0, 0, 0, 0),
(58, 4, '尺寸体积', 1, 0, '大\r\n中\r\n小', 0, 0, 0, 0),
(59, 4, '外观样式/手机类型', 1, 0, '翻盖\r\n滑盖\r\n直板\r\n折叠\r\n手写', 0, 0, 0, 0),
(60, 4, '主屏参数/内屏参数', 0, 0, '', 0, 0, 0, 0),
(61, 4, '副屏参数/外屏参数', 0, 0, '', 0, 0, 0, 0),
(62, 4, '清晰度', 0, 0, '', 0, 0, 0, 0),
(63, 4, '色数/灰度', 1, 0, '   ', 0, 0, 0, 0),
(64, 4, '长度', 0, 0, '', 0, 0, 0, 0),
(65, 4, '宽度', 0, 0, '', 0, 0, 0, 0),
(66, 4, '厚度', 0, 0, '', 0, 0, 0, 0),
(67, 4, '屏幕材质', 0, 0, '', 0, 0, 0, 0),
(68, 4, '内存容量', 0, 0, '', 0, 0, 0, 0),
(69, 4, '操作系统', 0, 0, '', 0, 0, 0, 0),
(70, 4, '通话时间', 0, 0, '', 0, 0, 0, 0),
(71, 4, '待机时间', 0, 0, '', 0, 0, 0, 0),
(72, 4, '标准配置', 0, 0, '', 0, 0, 0, 0),
(73, 4, 'WAP上网', 0, 0, '', 0, 0, 0, 0),
(74, 4, '数据业务', 0, 0, '', 0, 0, 0, 0),
(75, 4, '天线位置', 1, 0, '内置\r\n外置', 0, 0, 0, 0),
(76, 4, '随机配件', 0, 0, '', 0, 0, 0, 0),
(77, 4, '铃声', 0, 0, '', 0, 0, 0, 0),
(78, 4, '摄像头', 0, 0, '', 0, 0, 0, 0),
(79, 4, '彩信/彩e', 1, 0, '支持\r\n不支持', 0, 0, 0, 0),
(80, 4, '红外/蓝牙', 0, 0, '', 0, 0, 0, 0),
(81, 4, '价格等级', 1, 0, '高价机\r\n中价机\r\n低价机', 0, 0, 0, 0),
(82, 5, '型号', 0, 0, '', 0, 0, 0, 0),
(83, 5, '详细规格', 0, 0, '', 0, 0, 0, 0),
(84, 5, '笔记本尺寸', 0, 0, '', 0, 0, 0, 0),
(85, 5, '处理器类型', 0, 0, '', 0, 0, 0, 0),
(86, 5, '处理器最高主频', 0, 0, '', 0, 0, 0, 0),
(87, 5, '二级缓存', 0, 0, '', 0, 0, 0, 0),
(88, 5, '系统总线', 0, 0, '', 0, 0, 0, 0),
(89, 5, '主板芯片组', 0, 0, '', 0, 0, 0, 0),
(90, 5, '内存容量', 0, 0, '', 0, 0, 0, 0),
(91, 5, '内存类型', 0, 0, '', 0, 0, 0, 0),
(92, 5, '硬盘', 0, 0, '', 0, 0, 0, 0),
(93, 5, '屏幕尺寸', 0, 0, '', 0, 0, 0, 0),
(94, 5, '显示芯片', 0, 0, '', 0, 0, 0, 0),
(95, 5, '标称频率', 0, 0, '', 0, 0, 0, 0),
(96, 5, '显卡显存', 0, 0, '', 0, 0, 0, 0),
(97, 5, '显卡类型', 0, 0, '', 0, 0, 0, 0),
(98, 5, '光驱类型', 0, 0, '', 0, 0, 0, 0),
(99, 5, '电池容量', 0, 0, '', 0, 0, 0, 0),
(100, 5, '其他配置', 0, 0, '', 0, 0, 0, 0),
(101, 6, '类型', 0, 0, '', 0, 0, 0, 0),
(102, 6, '最大像素/总像素  ', 0, 0, '', 0, 0, 0, 0),
(103, 6, '有效像素', 1, 0, '  ', 0, 0, 0, 0),
(104, 6, '光学变焦倍数', 0, 0, '', 0, 0, 0, 0),
(105, 6, '数字变焦倍数', 0, 0, '', 0, 0, 0, 0),
(106, 6, '操作模式', 0, 0, '', 0, 0, 0, 0),
(107, 6, '显示屏类型', 0, 0, '', 0, 0, 0, 0),
(108, 6, '显示屏尺寸', 0, 0, '', 0, 0, 0, 0),
(109, 6, '感光器件', 0, 0, '', 0, 0, 0, 0),
(110, 6, '感光器件尺寸', 0, 0, '', 0, 0, 0, 0),
(111, 6, '最高分辨率', 0, 0, '', 0, 0, 0, 0),
(112, 6, '图像分辨率', 0, 0, '', 0, 0, 0, 0),
(113, 6, '传感器类型', 0, 0, '', 0, 0, 0, 0),
(114, 6, '传感器尺寸', 0, 0, '', 0, 0, 0, 0),
(115, 6, '镜头', 0, 0, '', 0, 0, 0, 0),
(116, 6, '光圈', 0, 0, '', 0, 0, 0, 0),
(117, 6, '焦距', 0, 0, '', 0, 0, 0, 0),
(118, 6, '旋转液晶屏', 1, 0, '支持\r\n不支持', 0, 0, 0, 0),
(119, 6, '存储介质', 0, 0, '', 0, 0, 0, 0),
(120, 6, '存储卡', 1, 0, '  记录媒体\r\n存储卡容量', 0, 0, 0, 0),
(121, 6, '影像格式', 1, 0, '    静像\r\n动画', 0, 0, 0, 0),
(122, 6, '曝光控制', 0, 0, '', 0, 0, 0, 0),
(123, 6, '曝光模式', 0, 0, '', 0, 0, 0, 0),
(124, 6, '曝光补偿', 0, 0, '', 0, 0, 0, 0),
(125, 6, '白平衡', 0, 0, '', 0, 0, 0, 0),
(126, 6, '连拍', 0, 0, '', 0, 0, 0, 0),
(127, 6, '快门速度', 0, 0, '', 0, 0, 0, 0),
(128, 6, '闪光灯', 1, 0, '内置\r\n外置', 0, 0, 0, 0),
(129, 6, '拍摄范围', 1, 0, '  ', 0, 0, 0, 0),
(130, 6, '自拍定时器', 0, 0, '', 0, 0, 0, 0),
(131, 6, 'ISO感光度', 0, 0, '', 0, 0, 0, 0),
(132, 6, '测光模式', 0, 0, '', 0, 0, 0, 0),
(133, 6, '场景模式', 0, 0, '', 0, 0, 0, 0),
(134, 6, '短片拍摄', 0, 0, '', 0, 0, 0, 0),
(135, 6, '外接接口', 0, 0, '', 0, 0, 0, 0),
(136, 6, '电源', 0, 0, '', 0, 0, 0, 0),
(137, 6, '电池使用时间', 0, 0, '', 0, 0, 0, 0),
(138, 6, '外形尺寸', 0, 0, '', 0, 0, 0, 0),
(139, 6, '标配软件', 0, 0, '', 0, 0, 0, 0),
(140, 6, '标准配件', 0, 0, '', 0, 0, 0, 0),
(141, 6, '兼容操作系统', 0, 0, '', 0, 0, 0, 0),
(142, 7, '编号', 0, 0, '', 0, 0, 0, 0),
(143, 7, '类型', 0, 0, '', 0, 0, 0, 0),
(144, 7, '外型尺寸', 0, 0, '', 0, 0, 0, 0),
(145, 7, '最大像素数', 0, 0, '', 0, 0, 0, 0),
(146, 7, '光学变焦倍数', 0, 0, '', 0, 0, 0, 0),
(147, 7, '数字变焦倍数', 0, 0, '', 0, 0, 0, 0),
(148, 7, '显示屏尺寸及类型', 0, 0, '', 0, 0, 0, 0),
(149, 7, '感光器件', 0, 0, '', 0, 0, 0, 0),
(150, 7, '感光器件尺寸', 0, 0, '', 0, 0, 0, 0),
(151, 7, '感光器件数量', 0, 0, '', 0, 0, 0, 0),
(152, 7, '像素范围', 0, 0, '', 0, 0, 0, 0),
(153, 7, '传感器数量', 0, 0, '', 0, 0, 0, 0),
(154, 7, '传感器尺寸', 0, 0, '', 0, 0, 0, 0),
(155, 7, '水平清晰度', 0, 0, '', 0, 0, 0, 0),
(156, 7, '取景器', 0, 0, '', 0, 0, 0, 0),
(157, 7, '数码效果', 0, 0, '', 0, 0, 0, 0),
(158, 7, '镜头性能', 0, 0, '', 0, 0, 0, 0),
(159, 7, '对焦方式', 0, 0, '', 0, 0, 0, 0),
(160, 7, '曝光控制', 0, 0, '', 0, 0, 0, 0),
(161, 7, '其他接口', 0, 0, '', 0, 0, 0, 0),
(162, 7, '随机存储', 0, 0, '', 0, 0, 0, 0),
(163, 7, '电池类型', 0, 0, '', 0, 0, 0, 0),
(164, 7, '电池供电时间', 0, 0, '', 0, 0, 0, 0),
(165, 8, '产地', 0, 0, '', 0, 0, 0, 0),
(166, 8, '产品规格/容量', 0, 0, '', 0, 0, 0, 0),
(167, 8, '主要原料', 0, 0, '', 0, 0, 0, 0),
(168, 8, '所属类别', 1, 0, '彩妆\r\n化妆工具\r\n护肤品\r\n香水', 0, 0, 0, 0),
(169, 8, '使用部位', 0, 0, '', 0, 0, 0, 0),
(170, 8, '适合肤质', 1, 0, '油性\r\n中性\r\n干性', 0, 0, 0, 0),
(171, 8, '适用人群', 1, 0, '女性\r\n男性', 0, 0, 0, 0),
(172, 9, '上市日期', 1, 0, '2008年01月\r\n2008年02月\r\n2008年03月\r\n2008年04月\r\n2008年05月\r\n2008年06月\r\n2008年07月\r\n2008年08月\r\n2008年09月\r\n2008年10月\r\n2008年11月\r\n2008年12月\r\n2007年01月\r\n2007年02月\r\n2007年03月\r\n2007年04月\r\n2007年05月\r\n2007年06月\r\n2007年07月\r\n2007年08月\r\n2007年09月\r\n2007年10月\r\n2007年11月\r\n2007年12月', 1, 0, 0, 0),
(173, 9, '手机制式', 1, 0, 'GSM,850,900,1800,1900\r\nGSM,900,1800,1900,2100\r\nCDMA\r\n双模（GSM,900,1800,CDMA 1X）\r\n3G(GSM,900,1800,1900,TD-SCDMA )', 1, 1, 1, 0),
(174, 9, '理论通话时间', 0, 0, '', 0, 2, 0, 0),
(175, 9, '理论待机时间', 0, 0, '', 0, 3, 0, 0),
(176, 9, '铃声', 0, 0, '', 0, 4, 0, 0),
(177, 9, '铃声格式', 0, 0, '', 0, 5, 0, 0),
(178, 9, '外观样式', 1, 0, '翻盖\r\n滑盖\r\n直板\r\n折叠', 1, 6, 1, 0),
(179, 9, '中文短消息', 0, 0, '', 0, 7, 0, 0),
(180, 9, '存储卡格式', 0, 0, '', 0, 0, 0, 0),
(181, 9, '内存容量', 0, 0, '', 2, 0, 0, 0),
(182, 9, '操作系统', 0, 0, '', 0, 0, 0, 0),
(183, 9, 'K-JAVA', 0, 0, '', 0, 0, 0, 0),
(184, 9, '尺寸体积', 0, 0, '', 0, 0, 0, 0),
(185, 9, '颜色', 1, 1, '黑色\r\n白色\r\n蓝色\r\n金色\r\n粉色\r\n银色\r\n灰色\r\n深李色\r\n黑红色\r\n黑蓝色\r\n白紫色', 1, 0, 0, 0),
(186, 9, '屏幕颜色', 1, 0, '1600万\r\n262144万', 1, 0, 1, 1),
(187, 9, '屏幕材质', 1, 0, 'TFT', 0, 0, 0, 1),
(188, 9, '屏幕分辨率', 1, 0, '320×240 像素\r\n240×400 像素\r\n240×320 像素\r\n176x220 像素', 1, 0, 0, 1),
(189, 9, '屏幕大小', 0, 0, '', 0, 0, 0, 1),
(190, 9, '中文输入法', 0, 0, '', 0, 0, 0, 2),
(191, 9, '情景模式', 0, 0, '', 0, 0, 0, 2),
(192, 9, '网络链接', 0, 0, '', 0, 0, 0, 2),
(193, 9, '蓝牙接口', 0, 0, '', 0, 0, 0, 0),
(194, 9, '数据线接口', 0, 0, '', 0, 0, 0, 2),
(195, 9, '电子邮件', 0, 0, '', 0, 0, 0, 2),
(196, 9, '闹钟', 0, 0, '', 0, 35, 0, 4),
(197, 9, '办公功能', 0, 0, '', 0, 0, 0, 4),
(198, 9, '数码相机', 0, 0, '', 1, 0, 0, 3),
(199, 9, '像素', 0, 0, '', 0, 0, 0, 3),
(200, 9, '传感器', 0, 0, '', 0, 0, 0, 0),
(201, 9, '变焦模式', 0, 0, '', 0, 0, 0, 3),
(202, 9, '视频拍摄', 0, 0, '', 0, 0, 0, 3),
(203, 9, 'MP3播放器', 0, 0, '', 0, 0, 0, 3),
(204, 9, '视频播放', 0, 0, '', 0, 0, 0, 3),
(205, 9, 'CPU频率', 0, 0, '', 0, 0, 0, 0),
(206, 9, '收音机', 0, 0, '', 0, 0, 0, 3),
(207, 9, '耳机接口', 0, 0, '', 0, 0, 0, 3),
(208, 9, '闪光灯', 0, 0, '', 0, 0, 0, 3),
(209, 9, '浏览器', 0, 0, '', 0, 0, 0, 2),
(210, 9, '配件', 1, 2, '线控耳机\r\n蓝牙耳机\r\n数据线', 0, 0, 0, 0),
(215, 13, '测试属性1', 1, 1, '选项1\r\n选项2', 1, 0, 1, 1),
(216, 13, '测试属性3', 0, 0, '', 1, 0, 0, 0),
(217, 13, '测试属性2', 1, 2, '测试属性2_1\r\n测试属性2_2\r\n测试属性2_3', 2, 0, 1, 0);

-- --------------------------------------------------------

--
-- テーブルの構造 `zh_b2buser`
--

CREATE TABLE IF NOT EXISTS `zh_b2buser` (
  `b2bid` int(10) unsigned NOT NULL AUTO_INCREMENT,
  `b2busername` char(30) NOT NULL DEFAULT '' COMMENT '登录名',
  `b2bpassword` char(40) NOT NULL DEFAULT '' COMMENT '登录密码明文',
  `province` varchar(255) NOT NULL DEFAULT '' COMMENT '省份',
  `addr` varchar(255) NOT NULL DEFAULT '' COMMENT '地区',
  `fullname` varchar(255) NOT NULL DEFAULT '' COMMENT '全称(公司)',
  `simplename` varchar(255) NOT NULL DEFAULT '' COMMENT '简称(公司)',
  `name` varchar(255) NOT NULL DEFAULT '' COMMENT '姓名',
  `nickname` varchar(255) NOT NULL DEFAULT '' COMMENT '昵称',
  `gender` char(1) NOT NULL DEFAULT '1' COMMENT '性别：1男2女',
  `department` varchar(255) NOT NULL DEFAULT '' COMMENT '部门',
  `position` varchar(255) NOT NULL DEFAULT '' COMMENT '职位',
  `mobile` varchar(255) NOT NULL DEFAULT '' COMMENT '电话',
  `tel` varchar(255) NOT NULL DEFAULT '' COMMENT '办公电话',
  `fax` varchar(255) NOT NULL DEFAULT '' COMMENT '传真',
  `qq` varchar(255) NOT NULL DEFAULT '' COMMENT 'QQ号码',
  `email` varchar(255) NOT NULL DEFAULT '' COMMENT '邮件',
  `remark` text NOT NULL COMMENT '备注',
  `legalrepresentative` varchar(255) NOT NULL DEFAULT '' COMMENT '法人代表',
  `financetel` varchar(255) NOT NULL DEFAULT '' COMMENT '财务电话',
  `b2buser_state` char(1) NOT NULL DEFAULT '' COMMENT '状态',
  `regtime` varchar(255) NOT NULL DEFAULT '' COMMENT '注册时间',
  `updatertime` varchar(255) NOT NULL DEFAULT '' COMMENT '修改时间',
  PRIMARY KEY (`b2bid`),
  UNIQUE KEY `b2busername` (`b2busername`)
) ENGINE=MyISAM  DEFAULT CHARSET=utf8 COMMENT='b2b会员表' AUTO_INCREMENT=6 ;

--
-- テーブルのデータのダンプ `zh_b2buser`
--

INSERT INTO `zh_b2buser` (`b2bid`, `b2busername`, `b2bpassword`, `province`, `addr`, `fullname`, `simplename`, `name`, `nickname`, `gender`, `department`, `position`, `mobile`, `tel`, `fax`, `qq`, `email`, `remark`, `legalrepresentative`, `financetel`, `b2buser_state`, `regtime`, `updatertime`) VALUES
(5, 'b2btest', 'b2btest', '上海', '浦东新区', 'b2b旅行社', 'b2b旅行社', '周鸿', '周鸿', '1', '', '', '13167001526', '11111111', '021-31229685', '136871204', '136871204@qq.com', '', '周鸿', '', '1', '1482985220', '');

-- --------------------------------------------------------

--
-- テーブルの構造 `zh_banner1`
--

CREATE TABLE IF NOT EXISTS `zh_banner1` (
  `aid` int(10) unsigned NOT NULL AUTO_INCREMENT COMMENT '主键',
  `cid` smallint(5) unsigned NOT NULL DEFAULT '0' COMMENT '栏目cid',
  `title` char(100) NOT NULL DEFAULT '' COMMENT '标题',
  `flag` set('人気','トップ','推薦','画像','エキス','スライド','マスタ推薦') DEFAULT NULL,
  `new_window` tinyint(1) NOT NULL DEFAULT '0' COMMENT '新窗口打开',
  `seo_title` char(100) NOT NULL DEFAULT '' COMMENT 'SEO标题',
  `thumb` varchar(255) NOT NULL DEFAULT '' COMMENT '缩略图',
  `click` int(6) NOT NULL DEFAULT '0' COMMENT '点击数',
  `source` char(60) NOT NULL DEFAULT '' COMMENT '来源',
  `redirecturl` varchar(255) NOT NULL DEFAULT '' COMMENT '转向链接',
  `html_path` varchar(255) NOT NULL DEFAULT '' COMMENT '自定义生成的静态文件地址',
  `allowreply` tinyint(1) NOT NULL DEFAULT '1' COMMENT '是否允许回复',
  `addtime` int(10) NOT NULL DEFAULT '0' COMMENT '添加时间',
  `updatetime` int(10) NOT NULL DEFAULT '0' COMMENT '更新时间',
  `color` char(7) NOT NULL DEFAULT '' COMMENT '标题颜色',
  `template` varchar(255) NOT NULL DEFAULT '' COMMENT '模板',
  `url_type` tinyint(80) NOT NULL DEFAULT '3' COMMENT '文章访问方式  1 静态访问  2 动态访问  3 继承栏目',
  `arc_sort` mediumint(6) NOT NULL DEFAULT '0' COMMENT '排序',
  `content_state` tinyint(1) NOT NULL DEFAULT '1' COMMENT '文章状态  1 已审核 0 未审核',
  `keywords` varchar(100) NOT NULL DEFAULT '' COMMENT '关键字',
  `description` varchar(255) DEFAULT NULL COMMENT '描述',
  `uid` int(10) unsigned NOT NULL COMMENT '用户uid',
  `favorites` mediumint(8) unsigned NOT NULL DEFAULT '0' COMMENT '收藏数',
  `comment_num` mediumint(8) unsigned NOT NULL DEFAULT '0' COMMENT '评论数',
  `tag` varchar(255) NOT NULL DEFAULT '' COMMENT '占位，不用的字段',
  `read_credits` smallint(6) NOT NULL DEFAULT '0' COMMENT '阅读金币',
  `webid` text,
  `main_image` varchar(255) NOT NULL DEFAULT '',
  `url` varchar(255) NOT NULL DEFAULT '',
  `mobile_image` varchar(255) NOT NULL DEFAULT '',
  PRIMARY KEY (`aid`),
  KEY `uid` (`uid`),
  KEY `cid` (`cid`),
  KEY `flag` (`flag`)
) ENGINE=MyISAM  DEFAULT CHARSET=utf8 COMMENT='文章表' AUTO_INCREMENT=57 ;

--
-- テーブルのデータのダンプ `zh_banner1`
--

INSERT INTO `zh_banner1` (`aid`, `cid`, `title`, `flag`, `new_window`, `seo_title`, `thumb`, `click`, `source`, `redirecturl`, `html_path`, `allowreply`, `addtime`, `updatetime`, `color`, `template`, `url_type`, `arc_sort`, `content_state`, `keywords`, `description`, `uid`, `favorites`, `comment_num`, `tag`, `read_credits`, `webid`, `main_image`, `url`, `mobile_image`) VALUES
(56, 6, '其他banner1', '', 0, '', '', 0, '', '', '', 1, 1482990199, 1482990220, '', '', 3, 100, 1, '', '', 19, 0, 0, '', 0, '6', 'upload/content/2016/12/29/26451482990211.jpg', 'http://www.metaphase.co.jp', 'upload/content/2016/12/29/28591482990216.jpg'),
(54, 6, '北京banner1', '', 0, '', '', 0, '', '', '', 1, 1482990130, 1482990196, '', '', 3, 100, 1, '', '', 19, 0, 0, '', 0, '3', 'upload/content/2016/12/29/35851482990146.jpg', 'http://www.metaphase.co.jp', 'upload/content/2016/12/29/62911482990150.jpg'),
(55, 6, '上海banner1', '', 0, '', '', 0, '', '', '', 1, 1482990158, 1482990191, '', '', 3, 100, 1, '', '', 19, 0, 0, '', 0, '2', 'upload/content/2016/12/29/11601482990183.jpg', 'http://www.metaphase.co.jp', 'upload/content/2016/12/29/96791482990187.jpg'),
(53, 6, '中国站点首页banner2', '', 0, '', '', 0, '', '', '', 1, 1482988075, 1482989222, '', '', 3, 100, 1, '', '', 19, 0, 0, '', 0, '1', 'upload/content/2016/12/29/79751482989139.jpg', 'http://www.metaphase.co.jp', 'upload/content/2016/12/29/39021482989220.jpg'),
(50, 6, '来店イベント－上海', '', 1, '', '', 0, '', '', '', 1, 1452149050, 1452932139, '', '', 3, 1, 0, '', '', 19, 0, 0, '', 0, '2', 'upload/content/2016/01/07/19981452158839.jpg', 'http://www.his-china.cn/lp/schedule.pdf', 'upload/content/2016/01/07/58401452158845.jpg'),
(52, 6, '中国站点首页banner1', '', 0, '', '', 0, '', '', '', 1, 1482987838, 1482989231, '', '', 3, 100, 1, '', '', 19, 0, 0, '', 0, '1', 'upload/content/2016/12/29/2191482989153.jpg', 'http://www.metaphase.co.jp', 'upload/content/2016/12/29/30291482989228.jpg'),
(51, 6, '来店イベント－中国', '', 1, '', '', 0, '', '', '', 1, 1452150217, 1452932132, '', '', 3, 1, 0, '', '', 19, 0, 0, '', 0, '1', 'upload/content/2016/01/07/49741452158825.jpg', 'http://www.his-china.cn/lp/schedule.pdf', 'upload/content/2016/01/07/61031452158830.jpg');

-- --------------------------------------------------------

--
-- テーブルの構造 `zh_banner1_data`
--

CREATE TABLE IF NOT EXISTS `zh_banner1_data` (
  `aid` int(10) unsigned NOT NULL DEFAULT '0' COMMENT '文章主表ID',
  `content` text COMMENT '内容',
  KEY `aid` (`aid`)
) ENGINE=MyISAM DEFAULT CHARSET=utf8 COMMENT='文章正文表';

--
-- テーブルのデータのダンプ `zh_banner1_data`
--

INSERT INTO `zh_banner1_data` (`aid`, `content`) VALUES
(56, ''),
(55, ''),
(54, ''),
(53, ''),
(52, ''),
(50, ''),
(51, '');

-- --------------------------------------------------------

--
-- テーブルの構造 `zh_bonus_type`
--

CREATE TABLE IF NOT EXISTS `zh_bonus_type` (
  `type_id` smallint(5) unsigned NOT NULL AUTO_INCREMENT COMMENT '红包类型流水号',
  `type_name` varchar(60) NOT NULL COMMENT '红包名称',
  `type_money` decimal(10,2) NOT NULL DEFAULT '0.00' COMMENT '红包所值的金额',
  `send_type` tinyint(3) unsigned NOT NULL DEFAULT '0' COMMENT '红包发送类型.0,按用户如会员等级,会员名称发放;1,按商品类别发送;2,按订单金额所达到的额度发送;3,线下发送',
  `min_amount` decimal(10,2) unsigned NOT NULL DEFAULT '0.00' COMMENT '如果是按金额发送红包,该项是最小金额.即只要购买超过该金额的商品都可以领到红包',
  `max_amount` decimal(10,2) unsigned NOT NULL DEFAULT '0.00',
  `send_start_date` int(11) NOT NULL DEFAULT '0' COMMENT '红包发送的开始时间',
  `send_end_date` int(11) NOT NULL DEFAULT '0' COMMENT '红包发送的结束时间',
  `use_start_date` int(11) NOT NULL DEFAULT '0' COMMENT '红包可以使用的开始时间',
  `use_end_date` int(11) NOT NULL DEFAULT '0' COMMENT '红包可以使用的结束时间',
  `min_goods_amount` decimal(10,2) unsigned NOT NULL DEFAULT '0.00' COMMENT '可以使用该红包的商品的最低价格.即只要达到该价格的商品才可以使用红包',
  PRIMARY KEY (`type_id`)
) ENGINE=MyISAM  DEFAULT CHARSET=utf8 COMMENT='红包类型表' AUTO_INCREMENT=6 ;

--
-- テーブルのデータのダンプ `zh_bonus_type`
--

INSERT INTO `zh_bonus_type` (`type_id`, `type_name`, `type_money`, `send_type`, `min_amount`, `max_amount`, `send_start_date`, `send_end_date`, `use_start_date`, `use_end_date`, `min_goods_amount`) VALUES
(1, '用户红包', '2.00', 0, '0.00', '0.00', 1242057600, 1244736000, 1242057600, 1250006400, '500.00'),
(2, '商品红包', '10.00', 1, '0.00', '0.00', 1241971200, 1250352000, 1242057600, 1250006400, '500.00'),
(3, '订单红包', '20.00', 2, '1500.00', '0.00', 1242057600, 1309363200, 1242057600, 1257955200, '800.00'),
(4, '线下红包', '5.00', 3, '0.00', '0.00', 1242057600, 1244736000, 1242057600, 1255449600, '360.00'),
(5, '测试用户发放红包', '2.00', 0, '0.00', '0.00', 1440345600, 1443024000, 1440345600, 1445616000, '500.00');

-- --------------------------------------------------------

--
-- テーブルの構造 `zh_brand`
--

CREATE TABLE IF NOT EXISTS `zh_brand` (
  `brand_id` smallint(5) unsigned NOT NULL AUTO_INCREMENT COMMENT '自增ID号',
  `brand_name` varchar(60) NOT NULL DEFAULT '' COMMENT '品牌名称',
  `brand_logo` varchar(80) NOT NULL DEFAULT '' COMMENT '上传的该品牌公司logo图片',
  `brand_desc` text NOT NULL COMMENT '品牌描述',
  `site_url` varchar(255) NOT NULL DEFAULT '' COMMENT '品牌的网址',
  `sort_order` tinyint(3) unsigned NOT NULL DEFAULT '50' COMMENT '品牌在前台页面的显示顺序，数字越大越靠后',
  `is_show` tinyint(1) unsigned NOT NULL DEFAULT '1' COMMENT '该品牌是否显示，0，否；1，显示',
  PRIMARY KEY (`brand_id`),
  KEY `is_show` (`is_show`)
) ENGINE=MyISAM  DEFAULT CHARSET=utf8 AUTO_INCREMENT=17 ;

--
-- テーブルのデータのダンプ `zh_brand`
--

INSERT INTO `zh_brand` (`brand_id`, `brand_name`, `brand_logo`, `brand_desc`, `site_url`, `sort_order`, `is_show`) VALUES
(1, '诺基亚', 'upload/brand/2015/06/02/35221433238518.gif', '公司网站：http://www.nokia.com.cn/\r\n\r\n客服电话：400-880-0123', 'http://www.nokia.com.cn/', 50, 1),
(2, '摩托罗拉', 'upload/brand/2015/06/02/7801433238532.gif', '官方咨询电话：4008105050\r\n售后网点：http://www.motorola.com.cn/service/carecenter/search.asp ', 'http://www.motorola.com.cn', 50, 1),
(3, '多普达', 'upload/brand/2015/06/02/35521433238548.gif', '官方咨询电话：4008201668\r\n售后网点：http://www.dopod.com/pc/service/searchresult2.php ', 'http://www.dopod.com ', 50, 1),
(4, '飞利浦', 'upload/brand/2015/06/02/72901433238558.gif', '官方咨询电话：4008800008\r\n售后网点：http://www.philips.com.cn/service/mustservice/index.page ', 'http://www.philips.com.cn ', 50, 1),
(5, '夏新', 'upload/brand/2015/06/02/65381433238571.gif', '官方咨询电话：4008875777\r\n售后网点：http://www.amobile.com.cn/service_fwyzc.asp ', 'http://www.amobile.com.cn', 50, 1),
(6, '三星', 'upload/brand/2015/06/02/31271433238596.gif', '官方咨询电话：8008105858\r\n售后网点：http://cn.samsungmobile.com/cn/support/search_area_o.jsp ', 'http://cn.samsungmobile.com', 50, 1),
(7, '索爱', 'upload/brand/2015/06/02/62191433238616.gif', '官方咨询电话：4008100000\r\n售后网点：http://www.sonyericsson.com/cws/common/contact?cc=cn&lc=zh ', 'http://www.sonyericsson.com.cn/', 50, 1),
(8, 'LG', 'upload/brand/2015/06/02/40971433238633.gif', '官方咨询电话：4008199999\r\n售后网点：http://www.lg.com.cn/front.support.svccenter.retrieveCenter.laf?hrefId=9 ', 'http://cn.wowlg.com', 50, 1),
(9, '联想', 'upload/brand/2015/06/02/36961433238644.gif', '官方咨询电话：4008188818\r\n售后网点：http://www.lenovomobile.com/service/kf-wanglou.asp', 'http://www.lenovomobile.com/', 50, 1),
(10, '金立', 'upload/brand/2015/06/02/42131433238677.gif', '官方咨询电话：4007796666\r\n售后网点：http://www.gionee.net/service.asp ', 'http://www.gionee.net', 50, 1),
(11, '  恒基伟业', 'upload/brand/2015/06/02/42921433238669.gif', '官方咨询电话：4008899126\r\n售后网点：http://www.htwchina.com/htwt/wexiu.shtml ', 'http://www.htwchina.com', 50, 1);

-- --------------------------------------------------------

--
-- テーブルの構造 `zh_cart`
--

CREATE TABLE IF NOT EXISTS `zh_cart` (
  `rec_id` mediumint(8) unsigned NOT NULL AUTO_INCREMENT COMMENT '自增ID号',
  `user_id` mediumint(8) unsigned NOT NULL DEFAULT '0' COMMENT '用户登录id，取自session，',
  `session_id` char(32) CHARACTER SET utf8 COLLATE utf8_bin NOT NULL COMMENT '登录的sessionid，如果该用户退出，该sessionid对应的购物车中的所有记录都将被删除',
  `goods_id` mediumint(8) unsigned NOT NULL DEFAULT '0' COMMENT '商品的id，取自表goods的goods_id',
  `goods_sn` varchar(60) NOT NULL COMMENT '商品的货号，取自表goods的goods_sn',
  `product_id` mediumint(8) unsigned NOT NULL DEFAULT '0',
  `goods_name` varchar(120) NOT NULL COMMENT '商品的名称，取自表goods的goods_name',
  `market_price` decimal(10,2) unsigned NOT NULL DEFAULT '0.00' COMMENT '商品的市场价，取自表goods的market_price',
  `goods_price` decimal(10,2) NOT NULL DEFAULT '0.00' COMMENT '商品的本店价，取自表goods的shop_price',
  `goods_number` smallint(5) unsigned NOT NULL DEFAULT '0' COMMENT '商品的购买数量，在购物车时，实际库存不减少',
  `goods_attr` text NOT NULL COMMENT '商品的属性，中括号里是该属性特有的价格',
  `is_real` tinyint(1) unsigned NOT NULL DEFAULT '0' COMMENT '取自goods的is_real',
  `extension_code` varchar(30) NOT NULL COMMENT '商品的扩展属性，取自goods的extension_code',
  `parent_id` mediumint(8) unsigned NOT NULL DEFAULT '0' COMMENT '该商品的父商品id，没有该值为0，有的话那该商品就是该id的配件',
  `rec_type` tinyint(1) unsigned NOT NULL DEFAULT '0' COMMENT '购物车商品类型，0，普通；1，团够；2，拍卖；3，夺宝奇兵',
  `is_gift` smallint(5) unsigned NOT NULL DEFAULT '0' COMMENT '是否是赠品，0，否；其他，是参加优惠活动的id，取值于favourable_activity 的act_id',
  `is_shipping` tinyint(1) unsigned NOT NULL DEFAULT '0',
  `can_handsel` tinyint(3) unsigned NOT NULL DEFAULT '0',
  `goods_attr_id` varchar(255) NOT NULL COMMENT '该商品的属性的id，取自goods_attr的goods_attr_id，如果有多个，只记录了最后一个，可能是个bug',
  PRIMARY KEY (`rec_id`),
  KEY `session_id` (`session_id`)
) ENGINE=MyISAM  DEFAULT CHARSET=utf8 AUTO_INCREMENT=49 ;

--
-- テーブルのデータのダンプ `zh_cart`
--

INSERT INTO `zh_cart` (`rec_id`, `user_id`, `session_id`, `goods_id`, `goods_sn`, `product_id`, `goods_name`, `market_price`, `goods_price`, `goods_number`, `goods_attr`, `is_real`, `extension_code`, `parent_id`, `rec_type`, `is_gift`, `is_shipping`, `can_handsel`, `goods_attr_id`) VALUES
(47, 0, '2c23890b12f1553efb06dfea9c00d9fd', 7, 'ECS000007', 0, '诺基亚N85原装立体声耳机HS-82', '130.00', '110.00', 1, '颜色:黑色[10] \n', 1, '', 0, 0, 0, 0, 0, '226'),
(48, 0, '2c23890b12f1553efb06dfea9c00d9fd', 7, 'ECS000007', 0, '诺基亚N85原装立体声耳机HS-82', '120.00', '100.00', 1, '颜色:白色 \n', 1, '', 0, 0, 0, 0, 0, '227');

-- --------------------------------------------------------

--
-- テーブルの構造 `zh_category`
--

CREATE TABLE IF NOT EXISTS `zh_category` (
  `cid` mediumint(5) unsigned NOT NULL AUTO_INCREMENT COMMENT '栏目ID',
  `pid` mediumint(5) unsigned NOT NULL DEFAULT '0' COMMENT '父级ID',
  `catname` char(30) NOT NULL DEFAULT '' COMMENT '栏目名称',
  `catdir` varchar(255) DEFAULT NULL,
  `cat_keyworks` varchar(255) NOT NULL DEFAULT '' COMMENT '栏目关键字',
  `cat_description` varchar(255) NOT NULL DEFAULT '' COMMENT '栏目描述',
  `index_tpl` varchar(200) NOT NULL DEFAULT '' COMMENT '封面模板',
  `list_tpl` varchar(200) NOT NULL DEFAULT '' COMMENT '列表页模板',
  `arc_tpl` varchar(200) NOT NULL DEFAULT '' COMMENT '内容页模板',
  `cat_html_url` varchar(200) NOT NULL DEFAULT '' COMMENT '栏目页URL规则\n\n',
  `arc_html_url` varchar(200) NOT NULL DEFAULT '' COMMENT '内容页URL规则',
  `mid` smallint(6) NOT NULL DEFAULT '0' COMMENT '模型ID',
  `cattype` tinyint(1) NOT NULL DEFAULT '1' COMMENT '1 栏目,2 封面,3 外部链接,4 单文章',
  `arc_url_type` tinyint(1) NOT NULL DEFAULT '1' COMMENT '文章访问方式 1 静态访问 2 动态访问',
  `cat_url_type` tinyint(1) NOT NULL DEFAULT '1' COMMENT '栏目访问方式 1 静态访问 2 动态访问',
  `cat_redirecturl` varchar(100) NOT NULL DEFAULT '' COMMENT '跳转url',
  `catorder` smallint(5) unsigned NOT NULL DEFAULT '100' COMMENT '栏目排序',
  `cat_show` tinyint(1) NOT NULL DEFAULT '1' COMMENT 'channel标签调用时是否显示',
  `cat_seo_title` char(100) NOT NULL DEFAULT '' COMMENT 'SEO标题',
  `cat_seo_description` varchar(255) NOT NULL DEFAULT '' COMMENT 'SEO描述',
  `add_reward` smallint(5) NOT NULL DEFAULT '0' COMMENT '搞稿奖励',
  `show_credits` smallint(5) unsigned NOT NULL DEFAULT '0' COMMENT '查看积分',
  `repeat_charge_day` smallint(5) unsigned NOT NULL DEFAULT '1' COMMENT '重复收费天数',
  `allow_user_set_credits` tinyint(1) NOT NULL DEFAULT '1' COMMENT '是否允许会员投稿设置积分 1 允许 0 不允许',
  `member_send_state` tinyint(1) NOT NULL DEFAULT '1' COMMENT '会员投稿状态 1 审核 2 未审核',
  PRIMARY KEY (`cid`)
) ENGINE=MyISAM  DEFAULT CHARSET=utf8 COMMENT='栏目表' AUTO_INCREMENT=11 ;

--
-- テーブルのデータのダンプ `zh_category`
--

INSERT INTO `zh_category` (`cid`, `pid`, `catname`, `catdir`, `cat_keyworks`, `cat_description`, `index_tpl`, `list_tpl`, `arc_tpl`, `cat_html_url`, `arc_html_url`, `mid`, `cattype`, `arc_url_type`, `cat_url_type`, `cat_redirecturl`, `catorder`, `cat_show`, `cat_seo_title`, `cat_seo_description`, `add_reward`, `show_credits`, `repeat_charge_day`, `allow_user_set_credits`, `member_send_state`) VALUES
(5, 0, 'banner', 'banner', '', '', 'article_index.html', 'article_list.html', 'article_default.html', '{catdir}/{cid}{page}.html', '{catdir}/{y}/{m}{d}/{aid}.html', 7, 2, 2, 2, '', 100, 0, '', '', 1, 0, 1, 1, 1),
(6, 5, '首页主图', 'shouyezhubanner', '', '', 'article_index.html', 'article_list.html', 'article_default.html', '{catdir}/{cid}{page}.html', '{catdir}/{y}/{m}{d}/{aid}.html', 8, 1, 2, 2, '', 100, 1, '', '', 1, 0, 1, 1, 1),
(10, 5, '底部主图', 'dibuzhutu', '', '', 'article_index.html', 'article_list.html', 'article_default.html', '{catdir}/{cid}{page}.html', '{catdir}/{y}/{m}{d}/{aid}.html', 9, 1, 2, 2, '', 100, 0, '', '', 1, 0, 1, 1, 1),
(8, 5, '特别企划', 'youcebanner2', '', '', 'article_index.html', 'article_list.html', 'article_default.html', '{catdir}/{cid}{page}.html', '{catdir}/{y}/{m}{d}/{aid}.html', 10, 1, 2, 2, '', 100, 1, '', '', 1, 0, 1, 1, 1),
(9, 5, 'HIS提供的链接', 'youcebanner3', '', '', 'article_index.html', 'article_list.html', 'article_default.html', '{catdir}/{cid}{page}.html', '{catdir}/{y}/{m}{d}/{aid}.html', 11, 1, 2, 2, '', 100, 1, '', '', 1, 0, 1, 1, 1);

-- --------------------------------------------------------

--
-- テーブルの構造 `zh_category_access`
--

CREATE TABLE IF NOT EXISTS `zh_category_access` (
  `rid` smallint(5) unsigned NOT NULL DEFAULT '0' COMMENT '角色id',
  `cid` smallint(5) unsigned NOT NULL DEFAULT '0' COMMENT '栏目cid',
  `mid` smallint(1) NOT NULL DEFAULT '0' COMMENT '模型mid',
  `show` tinyint(1) NOT NULL DEFAULT '0' COMMENT '允许访问 1 允许 0 不允许',
  `add` tinyint(1) NOT NULL DEFAULT '0' COMMENT '允许投稿(添加) 1允许 0 不允许',
  `edit` tinyint(1) NOT NULL DEFAULT '0' COMMENT '允许更新 1允许 0 不允许',
  `del` tinyint(1) NOT NULL DEFAULT '0' COMMENT '允许删除 1允许 0 不允许',
  `order` tinyint(1) NOT NULL DEFAULT '0' COMMENT '允许排序 1允许 0 不允许',
  `move` tinyint(1) NOT NULL DEFAULT '0' COMMENT '允许移动 1允许 0 不允许',
  `audit` tinyint(1) NOT NULL DEFAULT '0' COMMENT '允许审核栏目文章 1 允许 0 不允许',
  `admin` tinyint(1) NOT NULL COMMENT '是否为管理员权限 1 管理员 2 前台用户'
) ENGINE=MyISAM DEFAULT CHARSET=utf8 COMMENT='栏目权限表';

-- --------------------------------------------------------

--
-- テーブルの構造 `zh_cat_recommend`
--

CREATE TABLE IF NOT EXISTS `zh_cat_recommend` (
  `cat_id` smallint(5) NOT NULL COMMENT '商品分类id',
  `recommend_type` tinyint(1) NOT NULL COMMENT '推荐类型1:精品，2:最新，3:热门',
  PRIMARY KEY (`cat_id`,`recommend_type`)
) ENGINE=MyISAM DEFAULT CHARSET=utf8;

--
-- テーブルのデータのダンプ `zh_cat_recommend`
--

INSERT INTO `zh_cat_recommend` (`cat_id`, `recommend_type`) VALUES
(3, 1),
(3, 2),
(3, 3),
(5, 1),
(5, 2),
(5, 3),
(12, 1),
(12, 2),
(12, 3),
(13, 3),
(14, 2),
(14, 3),
(15, 1),
(15, 2),
(18, 1),
(18, 2),
(19, 1),
(19, 2),
(20, 1),
(20, 2);

-- --------------------------------------------------------

--
-- テーブルの構造 `zh_comment`
--

CREATE TABLE IF NOT EXISTS `zh_comment` (
  `comment_id` int(10) unsigned NOT NULL AUTO_INCREMENT COMMENT '评论mid',
  `mid` smallint(5) unsigned NOT NULL,
  `cid` smallint(5) unsigned NOT NULL DEFAULT '0' COMMENT '栏目id\n1 基本配置\n2 ',
  `aid` int(10) unsigned NOT NULL DEFAULT '0' COMMENT '文章aid',
  `content` text NOT NULL COMMENT '评论内容',
  `uid` int(11) NOT NULL COMMENT '用户名',
  `comment_state` tinyint(1) NOT NULL DEFAULT '1' COMMENT '是否显示 1 显示  0 不显示',
  `pubtime` int(11) NOT NULL DEFAULT '0' COMMENT '发表时间',
  `pid` int(11) NOT NULL DEFAULT '0' COMMENT '父级id',
  `reply_comment_id` int(11) NOT NULL DEFAULT '0' COMMENT '回复的最顶层评论comment_id',
  PRIMARY KEY (`comment_id`),
  KEY `reply_comment_id` (`reply_comment_id`),
  KEY `cid_aid_state` (`aid`,`cid`,`comment_state`)
) ENGINE=MyISAM DEFAULT CHARSET=utf8 COMMENT='评论表' AUTO_INCREMENT=1 ;

-- --------------------------------------------------------

--
-- テーブルの構造 `zh_config`
--

CREATE TABLE IF NOT EXISTS `zh_config` (
  `id` int(10) unsigned NOT NULL AUTO_INCREMENT,
  `name` varchar(45) NOT NULL DEFAULT '' COMMENT '配置名称\n',
  `value` text NOT NULL COMMENT '配置值',
  `type` enum('站点配置','微信微博','客服设置','高级配置','上传配置','会员配置','邮箱配置','安全配置','水印配置','内容相关','性能优化','伪静态','COOKIE配置','SESSION配置','网店信息','EC基本设置','EC显示设置','自定义') NOT NULL DEFAULT '站点配置' COMMENT '配置类型1 站点配置2 性能设置3 上传配置4 交互设置5 会员设置',
  `title` char(100) NOT NULL,
  `show_type` enum('文本','数字','布尔(1/0)','多行文本','select','image') DEFAULT '文本',
  `message` varchar(255) DEFAULT NULL COMMENT '提示',
  `order_list` smallint(6) unsigned DEFAULT '100' COMMENT '排序',
  `store_range` varchar(255) NOT NULL,
  `webid` int(11) unsigned NOT NULL DEFAULT '1',
  PRIMARY KEY (`id`)
) ENGINE=MyISAM  DEFAULT CHARSET=utf8 COMMENT='系统配置' AUTO_INCREMENT=128 ;

--
-- テーブルのデータのダンプ `zh_config`
--

INSERT INTO `zh_config` (`id`, `name`, `value`, `type`, `title`, `show_type`, `message`, `order_list`, `store_range`, `webid`) VALUES
(1, 'WEBNAME', 'META旅游', '站点配置', 'admin_config_webname', '文本', '', 1, '', 1),
(2, 'ICP', 'metaphase', '站点配置', 'admin_config_icp', '文本', '', 100, '', 1),
(3, 'HTML_PATH', 'h', '站点配置', 'admin_config_html_path', '文本', '', 8, '', 1),
(4, 'COPYRIGHT', 'Copyright © 2014 ZHPHP', '站点配置', 'admin_config_copyright', '文本', '', 100, '', 1),
(5, 'KEYWORDS', 'META旅游  SEO关键字', '站点配置', 'admin_config_keywords', '文本', '', 100, '', 1),
(6, 'DESCRIPTION', 'META旅游 SEO说明', '站点配置', 'admin_config_description', '多行文本', '', 100, '', 1),
(7, 'EMAIL', '136871204@qq.com', '站点配置', 'admin_config_email', '文本', '', 100, '', 1),
(8, 'BACKUP_DIR', 'backup', '内容相关', 'admin_config_backup_dir', '文本', '', 100, '', 1),
(9, 'WEB_OPEN', '1', '站点配置', 'admin_config_web_open', '布尔(1/0)', '', 100, '', 1),
(10, 'AUTH_KEY', 'metaphase.co.jp', '安全配置', 'admin_config_auth_key', '文本', '', 100, '', 1),
(63, 'UPLOAD_PATH', 'upload', '上传配置', 'admin_config_upload_path', '文本', '', 100, '', 1),
(19, 'UPLOAD_IMG_PATH', 'img', '上传配置', 'admin_config_upload_img_path', '文本', '', 100, '', 1),
(20, 'ALLOW_TYPE', 'jpg,jpeg,png,bmp,gif', '上传配置', 'admin_config_allow_type', '文本', '', 100, '', 1),
(21, 'ALLOW_SIZE', '10480000', '上传配置', 'admin_config_allow_size', '数字', '', 100, '', 1),
(22, 'WATER_ON', '0', '上传配置', 'admin_config_water_on', '布尔(1/0)', '', 100, '', 1),
(24, 'MEMBER_VERIFY', '1', '会员配置', 'admin_config_member_verify', '布尔(1/0)', '', 1, '', 1),
(25, 'REG_SHOW_CODE', '1', '会员配置', 'admin_config_reg_show_code', '布尔(1/0)', '', 2, '', 1),
(68, 'WEB_TITLE', 'META旅游中国', '站点配置', 'admin_config_web_title', '文本', '', 2, '', 1),
(27, 'REG_INTERVAL', '0', '会员配置', 'admin_config_reg_interval', '数字', 'admin_config_reg_interval_message', 100, '', 1),
(28, 'DEFAULT_MEMBER_GROUP', '4', '会员配置', 'admin_config_default_member_group', '数字', '', 100, '', 1),
(29, 'TOKEN_ON', '0', '会员配置', 'admin_config_token_on', '布尔(1/0)', '', 100, '', 1),
(30, 'LOG_KEY', 'metaphase.co.jp', '安全配置', 'admin_config_log_key', '文本', '', 100, '', 1),
(61, 'SESSION_NAME', 'zhsid', 'SESSION配置', 'admin_config_session_name', '文本', 'admin_config_session_name_message', 100, '', 1),
(17, 'super_admin_key', 'SUPER_ADMIN', '高级配置', 'admin_config_super_admin_key', '文本', '', 100, '', 1),
(64, 'TEL', '13167001526', '站点配置', 'admin_config_tel', '文本', '', 100, '', 1),
(41, 'WATER_TEXT', 'metaphase.co.jp', '水印配置', 'admin_config_water_text', '文本', '', 100, '', 1),
(42, 'WATER_TEXT_SIZE', '16', '水印配置', 'admin_config_water_text_size', '数字', '', 100, '', 1),
(43, 'WATER_IMG', 'data/water/water.png', '水印配置', 'admin_config_water_img', '文本', '', 100, '', 1),
(44, 'WATER_PCT', '80', '水印配置', 'admin_config_water_pct', '数字', '', 100, '', 1),
(45, 'WATER_QUALITY', '90', '水印配置', 'admin_config_water_quality', '数字', '', 100, '', 1),
(46, 'WATER_POS', '9', '水印配置', 'admin_config_water_pos', '数字', '', 100, '', 1),
(47, 'DEL_CONTENT_MODEL', '0', '内容相关', 'admin_config_del_content_model', '布尔(1/0)', '', 100, '', 1),
(67, 'CREATE_INDEX_HTML', '0', '站点配置', 'admin_config_create_index_html', '布尔(1/0)', '', 9, '', 1),
(31, 'REPLY_CREDITS', '1', '会员配置', 'admin_config_reply_credits', '文本', 'admin_config_reply_credits_message', 100, '', 1),
(48, 'DOWN_REMOTE_PIC', '1', '内容相关', 'admin_config_down_remote_pic', '布尔(1/0)', '', 100, '', 1),
(49, 'AUTO_DESC', '1', '内容相关', 'admin_config_auto_desc', '布尔(1/0)', '', 100, '', 1),
(50, 'AUTO_THUMB', '1', '内容相关', 'admin_config_auto_thumb', '布尔(1/0)', '', 100, '', 1),
(51, 'UPLOAD_IMG_MAX_WIDTH', '2000', '内容相关', 'admin_config_upload_img_max_width', '数字', 'admin_config_upload_img_max_width_message', 100, '', 1),
(52, 'UPLOAD_IMG_MAX_HEIGHT', '2000', '内容相关', 'admin_config_upload_img_max_height', '数字', 'admin_config_upload_img_max_height_message', 100, '', 1),
(32, 'MEMBER_OPEN', '1', '会员配置', 'admin_config_member_open', '布尔(1/0)', '', 100, '', 1),
(11, 'WEB_CLOSE_MESSAGE', 'サイトはメンテナンス中、後で訪問してください...', '站点配置', 'admin_config_web_close_message', '文本', '', 100, '', 1),
(12, 'WEB_STYLE', 'v1', '站点配置', 'admin_config_web_style', '文本', '', 100, '', 1),
(13, 'QQ', '136871204', '站点配置', 'admin_config_qq', '文本', '', 100, '', 1),
(14, 'WEIBO', 'http://weibo.com/u/1594449317/home?wvr=5&sudaref=www.baidu.com', '站点配置', 'admin_config_weibo', '文本', '', 100, '', 1),
(15, 'TWEIBO', 'hong@metaphase.co.jp', '站点配置', 'admin_config_tweibo', '文本', '', 100, '', 1),
(16, 'ENTERPRISE_EMAIL', 'hong@metaphase.co.jp', '站点配置', 'admin_config_enterprise_email', '文本', '', 100, '', 1),
(33, 'INIT_CREDITS', '100', '会员配置', 'admin_config_init_credits', '文本', '', 100, '', 1),
(53, 'CACHE_INDEX', '0', '性能优化', 'admin_config_cache_index', '文本', 'admin_config_cache_index_message', 100, '', 1),
(54, 'CACHE_CATEGORY', '0', '性能优化', 'admin_config_cache_category', '文本', 'admin_config_cache_category_message', 100, '', 1),
(55, 'CACHE_CONTENT', '0', '性能优化', 'admin_config_cache_content', '文本', 'admin_config_cache_content_message', 100, '', 1),
(34, 'COMMENT_STEP_TIME', '10', '会员配置', 'admin_config_comment_step_time', '文本', 'admin_config_comment_step_time_message', 100, '', 1),
(56, 'PATHINFO_TYPE', '1', '伪静态', 'admin_config_pathinfo_type', '布尔(1/0)', 'admin_config_pathinfo_type_message', 100, '', 1),
(57, 'OPEN_REWRITE', '0', '伪静态', 'admin_config_open_rewrite', '布尔(1/0)', 'admin_config_open_rewrite_message', 100, '', 1),
(35, 'EMAIL_USERNAME', '136871204@qq.com', '邮箱配置', 'admin_config_email_username', '文本', '', 100, '', 1),
(36, 'EMAIL_PASSWORD', 'zh732401', '邮箱配置', 'admin_config_email_password', '文本', '', 100, '', 1),
(37, 'EMAIL_HOST', 'smtp.qq.com', '邮箱配置', 'admin_config_email_host', '文本', '', 100, '', 1),
(38, 'EMAIL_PORT', '25', '邮箱配置', 'admin_config_email_port', '文本', '', 100, '', 1),
(39, 'EMAIL_FROMNAME', '周鸿', '邮箱配置', 'admin_config_email_fromname', '文本', '', 100, '', 1),
(58, 'COOKIE_EXPIRE', '', 'COOKIE配置', 'admin_config_cookie_expire', '文本', '', 100, '', 1),
(59, 'COOKIE_DOMAIN', '', 'COOKIE配置', 'admin_config_cookie_domain', '文本', '', 100, '', 1),
(60, 'COOKIE_PATH', '/', 'COOKIE配置', 'admin_config_cookie_path', '文本', '', 100, '', 1),
(62, 'SESSION_DOMAIN', '', 'SESSION配置', 'admin_config_session_domain', '文本', '', 100, '', 1),
(65, 'MEMBER_EMAIL_VALIDATE', '0', '会员配置', 'admin_config_member_email_validate', '布尔(1/0)', '', 3, '', 1),
(69, 'WEB_DOMAIN', '', '站点配置', 'admin_config_web_domain', '文本', '', 3, '', 1),
(70, 'LANGUAGE', 'zh', '站点配置', 'admin_config_language', '文本', '', 1, '', 1),
(71, 'USE_STORAGE', '1', 'EC基本设置', 'admin_config_use_storage', '布尔(1/0)', ' ', 100, '', 1),
(72, 'DEFAULT_STORAGE', '1', 'EC基本设置', 'admin_config_default_storage', '文本', ' ', 100, '', 1),
(73, 'MARKET_PRICE_RATE', '1.2', 'EC基本设置', 'admin_config_market_price_rate', '文本', 'admin_config_market_price_rate_message', 100, '', 1),
(74, 'INTEGRAL_PERCENT', '1', 'EC基本设置', 'admin_config_integral_percent', '文本', 'admin_config_integral_percent_message', 100, '', 1),
(75, 'PRICE_FORMAT', '1', 'EC显示设置', 'admin_config_price_format', 'select', ' ', 100, '0,1,2,3,4,5', 1),
(76, 'CURRENCY_FORMAT', '￥%s元', 'EC显示设置', 'admin_config_currency_format', '文本', 'admin_config_currency_format_message', 100, '', 1),
(77, 'TIME_FORMAT', 'Y-m-d H:i:s', 'EC显示设置', 'admin_config_time_format', '文本', ' ', 100, '', 1),
(78, 'BGCOLOR', '#FFFFFF', 'EC基本设置', 'admin_config_bgcolor', '文本', 'admin_config_bgcolor_message', 100, '', 1),
(79, 'AUTO_GENERATE_GALLERY', '1', 'EC基本设置', 'admin_config_auto_generate_gallery', '布尔(1/0)', ' ', 100, '', 1),
(80, 'EC_IMAGE_WIDTH', '100', 'EC显示设置', 'admin_config_ec_image_width', '文本', ' ', 100, '', 1),
(81, 'EC_IMAGE_HEIGHT', '100', 'EC显示设置', 'admin_config_ec_image_height', '文本', ' ', 100, '', 1),
(82, 'EC_WATERMARK_PLACE', '1', 'EC基本设置', 'admin_config_ec_watermark_place', 'select', ' ', 100, '0,1,2,3,4,5', 1),
(83, 'EC_WATERMARK', 'data/water/water.gif', 'EC基本设置', 'admin_config_ec_watermark', '文本', ' admin_config_ec_watermark_message', 100, '', 1),
(84, 'EC_WATERMARK_ALPHA', '65', 'EC基本设置', 'admin_config_ec_watermark_alpha', '文本', 'admin_config_ec_watermark_alpha_message', 100, '', 1),
(85, 'EC_SN_PREFIX', 'EC', 'EC基本设置', 'admin_config_ec_sn_prefix', '文本', ' ', 100, '', 1),
(86, 'EC_RETAIN_ORIGINAL_IMG', '1', 'EC基本设置', 'admin_config_ec_retain_original_img', '布尔(1/0)', ' ', 100, '', 1),
(87, 'EC_SHOP_NOTICE', '欢迎光临手机网,我们的宗旨：诚信经营、服务客户！\r\n<MARQUEE onmouseover=this.stop() onmouseout=this.start() \r\nscrollAmount=3><U><FONT color=red>\r\n<P>咨询电话010-10124444  010-21252454 8465544</P></FONT></U></MARQUEE>', '网店信息', 'admin_config_ec_shop_notice', '多行文本', 'admin_config_ec_shop_notice_message', 100, '', 1),
(88, 'EC_TOP10_TIME', '0', 'EC基本设置', 'admin_config_ec_top10_time', 'select', ' ', 100, '0,1,2,3,4', 1),
(89, 'EC_TOP_NUMBER', '10', 'EC显示设置', 'admin_config_ec_top_number', '文本', ' ', 100, '', 1),
(90, 'EC_GOODS_NAME_LENGTH', '7', 'EC显示设置', 'admin_config_ec_goods_name_length', '文本', ' ', 100, '', 1),
(91, 'EC_DATE_FORMAT', 'Y-m-d', 'EC显示设置', 'admin_config_ec_date_format', '文本', ' ', 100, '', 1),
(92, 'EC_SHOP_NAME', 'ZHSHOP', '网店信息', 'admin_config_ec_shop_name', '文本', ' ', 100, '', 1),
(93, 'EC_INDEX_AD', 'sys', 'EC显示设置', 'admin_config_ec_index_ad', '文本', ' ', 100, '', 1),
(94, 'EC_ARTICLE_NUMBER', '8', 'EC显示设置', 'admin_config_ec_article_number', '文本', ' ', 100, '', 1),
(95, 'EC_ARTICLE_TITLE_LENGTH', '16', 'EC显示设置', 'admin_config_ec_article_title_length', '文本', ' ', 100, '', 1),
(96, 'EC_RECOMMEND_ORDER', '0', 'EC显示设置', 'admin_config_ec_recommend_order', '文本', ' ', 100, '', 1),
(97, 'WEBNAME', 'HIS 上海支店', '站点配置', 'admin_config_webname', '文本', ' ', 100, '', 2),
(98, 'WEBNAME', 'HIS 北京支店', '站点配置', 'admin_config_webname', '文本', ' ', 100, '', 3),
(99, 'WEIBO_LINK', '', '微信微博', 'admin_config_weibo_link', '文本', ' ', 100, '', 1),
(100, 'WEICHAT_QR', '', '微信微博', 'admin_config_weichat_qr', 'image', ' ', 100, '', 1),
(101, 'WEBNAME', 'HIS 苏州支店', '站点配置', 'admin_config_webname', '文本', ' ', 100, '', 5),
(102, 'WEBNAME', 'HIS 分店', '站点配置', 'admin_config_webname', '文本', ' ', 100, '', 6),
(103, 'WEB_TITLE', 'HIS 上海', '站点配置', 'admin_config_web_title', '文本', ' ', 100, '', 2),
(104, 'WEB_TITLE', 'HIS 北京', '站点配置', 'admin_config_web_title', '文本', ' ', 100, '', 3),
(105, 'WEB_TITLE', 'HIS 苏州', '站点配置', 'admin_config_web_title', '文本', ' ', 100, '', 5),
(106, 'WEB_TITLE', 'HIS 其他', '站点配置', 'admin_config_web_title', '文本', ' ', 100, '', 6),
(107, 'KEYWORDS', 'HIS上海 SEO关键字', '站点配置', 'admin_config_keywords', '文本', ' ', 100, '', 2),
(108, 'KEYWORDS', 'HIS北京 SEO关键字', '站点配置', 'admin_config_keywords', '文本', ' ', 100, '', 3),
(109, 'KEYWORDS', 'HIS 苏州 SEO关键字', '站点配置', 'admin_config_keywords', '文本', ' ', 100, '', 5),
(110, 'KEYWORDS', 'HIS 其他 SEO关键字', '站点配置', 'admin_config_keywords', '文本', ' ', 100, '', 6),
(111, 'DESCRIPTION', 'HIS 上海 SEO说明', '站点配置', 'admin_config_description', '多行文本', ' ', 100, '', 2),
(112, 'DESCRIPTION', 'HIS北京 SEO说明', '站点配置', 'admin_config_description', '多行文本', ' ', 100, '', 3),
(113, 'DESCRIPTION', 'HIS苏州 SEO说明', '站点配置', 'admin_config_description', '多行文本', ' ', 100, '', 5),
(114, 'DESCRIPTION', 'HIS其他 SEO说明', '站点配置', 'admin_config_description', '多行文本', ' ', 100, '', 6),
(115, 'WEICHAT_QR', 'upload/original/config/2015/09/16/2971442390187.jpg', '微信微博', 'admin_config_weichat_qr', 'image', '', 100, '', 2),
(116, 'WEICHAT_QR', 'upload/original/config/2015/09/16/11691442390199.jpg', '微信微博', 'admin_config_weichat_qr', 'image', '', 100, '', 3),
(117, 'WEICHAT_QR', 'upload/original/config/2015/09/16/7171442390207.jpg', '微信微博', 'admin_config_weichat_qr', 'image', '', 100, '', 5),
(118, 'WEICHAT_QR', 'upload/original/config/2015/09/16/21111442390502.jpg', '微信微博', 'admin_config_weichat_qr', 'image', '', 100, '', 6),
(119, 'WEIBO_LINK', 'http://shanghaiweibo.com/u/1594449317/home?wvr=5&sudaref=www.baidu.com', '微信微博', 'admin_config_weibo_link', '文本', ' ', 100, '', 2),
(120, 'WEIBO_LINK', 'http://beijingweibo.com/u/1594449317/home?wvr=5&sudaref=www.baidu.com', '微信微博', 'admin_config_weibo_link', '文本', ' ', 100, '', 3),
(121, 'WEIBO_LINK', 'http://suzhouweibo.com/u/1594449317/home?wvr=5&sudaref=www.baidu.com', '微信微博', 'admin_config_weibo_link', '文本', ' ', 100, '', 5),
(122, 'WEIBO_LINK', 'http://otherweibo.com/u/1594449317/home?wvr=5&sudaref=www.baidu.com', '微信微博', 'admin_config_weibo_link', '文本', ' ', 100, '', 6),
(123, 'ALLDAY_PHONE', '400-1111-1111', '客服设置', 'admin_config_allday_phone', '文本', ' ', 100, '', 1),
(124, 'ALLDAY_PHONE', '400-2222-2222', '客服设置', 'admin_config_allday_phone', '文本', ' ', 100, '', 2),
(125, 'ALLDAY_PHONE', '400-3333-3333', '客服设置', 'admin_config_allday_phone', '文本', ' ', 100, '', 3),
(126, 'ALLDAY_PHONE', '400-5555-5555', '客服设置', 'admin_config_allday_phone', '文本', ' ', 100, '', 5),
(127, 'ALLDAY_PHONE', '400-6666-6666', '客服设置', 'admin_config_allday_phone', '文本', ' ', 100, '', 6);

-- --------------------------------------------------------

--
-- テーブルの構造 `zh_content`
--

CREATE TABLE IF NOT EXISTS `zh_content` (
  `aid` int(10) unsigned NOT NULL AUTO_INCREMENT COMMENT '主键',
  `cid` smallint(5) unsigned NOT NULL DEFAULT '0' COMMENT '栏目cid',
  `title` char(100) NOT NULL DEFAULT '' COMMENT '标题',
  `flag` set('人気','トップ','推薦','画像','エキス','スライド','マスタ推薦') DEFAULT NULL,
  `new_window` tinyint(1) NOT NULL DEFAULT '0' COMMENT '新窗口打开',
  `seo_title` char(100) NOT NULL DEFAULT '' COMMENT 'SEO标题',
  `thumb` varchar(255) NOT NULL DEFAULT '' COMMENT '缩略图',
  `click` int(6) NOT NULL DEFAULT '0' COMMENT '点击数',
  `source` char(60) NOT NULL DEFAULT '' COMMENT '来源',
  `redirecturl` varchar(255) NOT NULL DEFAULT '' COMMENT '转向链接',
  `html_path` varchar(255) NOT NULL DEFAULT '' COMMENT '自定义生成的静态文件地址',
  `allowreply` tinyint(1) NOT NULL DEFAULT '1' COMMENT '是否允许回复',
  `addtime` int(10) NOT NULL DEFAULT '0' COMMENT '添加时间',
  `updatetime` int(10) NOT NULL DEFAULT '0' COMMENT '更新时间',
  `color` char(7) NOT NULL DEFAULT '' COMMENT '标题颜色',
  `template` varchar(255) NOT NULL DEFAULT '' COMMENT '模板',
  `url_type` tinyint(80) NOT NULL DEFAULT '3' COMMENT '文章访问方式  1 静态访问  2 动态访问  3 继承栏目',
  `arc_sort` mediumint(6) NOT NULL DEFAULT '100' COMMENT '排序',
  `content_state` tinyint(1) NOT NULL DEFAULT '1' COMMENT '文章状态  1 已审核 0 未审核',
  `keywords` varchar(100) NOT NULL DEFAULT '' COMMENT '关键字',
  `description` varchar(255) NOT NULL DEFAULT '' COMMENT '描述',
  `uid` int(10) unsigned NOT NULL COMMENT '用户uid',
  `favorites` mediumint(8) unsigned NOT NULL DEFAULT '0' COMMENT '收藏数',
  `comment_num` mediumint(8) unsigned NOT NULL DEFAULT '0' COMMENT '评论数',
  `tag` varchar(255) NOT NULL DEFAULT '' COMMENT '占位，不用的字段',
  `read_credits` smallint(6) NOT NULL DEFAULT '0' COMMENT '阅读金币',
  PRIMARY KEY (`aid`),
  KEY `uid` (`uid`),
  KEY `cid` (`cid`),
  KEY `flag` (`flag`)
) ENGINE=MyISAM DEFAULT CHARSET=utf8 COMMENT='文章表' AUTO_INCREMENT=1 ;

-- --------------------------------------------------------

--
-- テーブルの構造 `zh_content_data`
--

CREATE TABLE IF NOT EXISTS `zh_content_data` (
  `aid` int(10) unsigned NOT NULL DEFAULT '0' COMMENT '文章主表ID',
  `content` text COMMENT '内容',
  KEY `aid` (`aid`)
) ENGINE=MyISAM DEFAULT CHARSET=utf8 COMMENT='文章正文表';

-- --------------------------------------------------------

--
-- テーブルの構造 `zh_content_tag`
--

CREATE TABLE IF NOT EXISTS `zh_content_tag` (
  `mid` smallint(6) NOT NULL DEFAULT '0' COMMENT '模型cid',
  `cid` smallint(6) NOT NULL DEFAULT '0' COMMENT '栏目cid',
  `aid` int(11) NOT NULL DEFAULT '0' COMMENT '文章aid',
  `tid` int(11) NOT NULL DEFAULT '0' COMMENT '标签id',
  `uid` int(11) NOT NULL DEFAULT '0' COMMENT '用户uid'
) ENGINE=MyISAM DEFAULT CHARSET=utf8 COMMENT='内容标签表';

-- --------------------------------------------------------

--
-- テーブルの構造 `zh_custom_js`
--

CREATE TABLE IF NOT EXISTS `zh_custom_js` (
  `id` int(10) unsigned NOT NULL AUTO_INCREMENT,
  `file_name` varchar(100) DEFAULT NULL COMMENT '标签名称',
  `description` varchar(255) DEFAULT NULL COMMENT 'js描述',
  `options` text COMMENT 'js属性设置',
  `name` varchar(100) DEFAULT NULL COMMENT 'JS名称',
  `addtime` int(10) DEFAULT NULL COMMENT '添加时间',
  `username` char(30) DEFAULT NULL COMMENT '添加者',
  PRIMARY KEY (`id`)
) ENGINE=MyISAM DEFAULT CHARSET=utf8 COMMENT='自定义js' AUTO_INCREMENT=1 ;

-- --------------------------------------------------------

--
-- テーブルの構造 `zh_destinations`
--

CREATE TABLE IF NOT EXISTS `zh_destinations` (
  `id` int(11) unsigned NOT NULL AUTO_INCREMENT,
  `kindname` varchar(255) DEFAULT NULL COMMENT '分类名称',
  `pid` smallint(5) DEFAULT '0' COMMENT '本表从属关系父id',
  `seotitle` varchar(255) DEFAULT NULL,
  `keyword` varchar(255) DEFAULT NULL,
  `description` varchar(255) DEFAULT NULL,
  `tagword` varchar(255) DEFAULT NULL,
  `jieshao` text,
  `kindtype` int(1) unsigned DEFAULT NULL COMMENT '1:栏目分类 2:其它分类',
  `isopen` int(1) unsigned DEFAULT '1' COMMENT '是否开启',
  `isfinishseo` int(1) unsigned NOT NULL DEFAULT '0',
  `displayorder` int(4) unsigned DEFAULT '9999',
  `isnav` int(1) unsigned DEFAULT '0',
  `templetpath` varchar(255) DEFAULT NULL,
  `ishot` int(1) unsigned DEFAULT '0',
  `litpic` varchar(255) DEFAULT NULL,
  `piclist` text,
  `istopnav` tinyint(3) DEFAULT '0',
  `pinyin` varchar(255) DEFAULT NULL,
  `templet` varchar(255) DEFAULT NULL,
  `iswebsite` int(1) DEFAULT '0' COMMENT '是否开启子站',
  `weburl` varchar(50) DEFAULT NULL COMMENT '子站域名',
  `webroot` varchar(50) DEFAULT NULL COMMENT '子站目录',
  `webprefix` varchar(50) DEFAULT NULL COMMENT '子站主机头',
  PRIMARY KEY (`id`)
) ENGINE=InnoDB  DEFAULT CHARSET=utf8 AUTO_INCREMENT=130 ;

--
-- テーブルのデータのダンプ `zh_destinations`
--

INSERT INTO `zh_destinations` (`id`, `kindname`, `pid`, `seotitle`, `keyword`, `description`, `tagword`, `jieshao`, `kindtype`, `isopen`, `isfinishseo`, `displayorder`, `isnav`, `templetpath`, `ishot`, `litpic`, `piclist`, `istopnav`, `pinyin`, `templet`, `iswebsite`, `weburl`, `webroot`, `webprefix`) VALUES
(1, '其他国际', 0, '', '', '', '', '', 0, 1, 0, 2, 1, '', 0, '', '', 0, 'qitaguoji', '', 0, '', '', 'shanghai'),
(6, '日本', 0, '', '', '', '', '', 0, 1, 0, 1, 0, '', 0, '', '', 0, 'riben', '', 0, '', '', ''),
(8, '东京', 6, '', '', '', '', '', 0, 1, 0, 1, 0, '', 1, '', '', 0, 'dongjing', '', 0, '', '', ''),
(11, '大阪', 6, '', '', '', '', '', 0, 1, 0, 2, 0, '', 1, '', '', 0, 'daban', '', 0, '', '', ''),
(12, '北海道', 6, '', '', '', '', '', 0, 1, 0, 3, 0, '', 0, '', '', 0, 'beihaidao', '', 0, '', '', ''),
(13, '名古屋', 6, '', '', '', '', '', 0, 1, 0, 5, 0, '', 0, '', '', 0, 'mingugwu', '', 0, '', '', ''),
(24, '京都', 6, '', '', '', '', '', 0, 1, 0, 6, 0, '', 1, '', '', 0, '', '', 0, '', '', ''),
(25, '箱根', 6, '', '', '', '', '', 0, 1, 0, 11, 1, '', 0, '', '', 0, 'xianggen', '', 0, '', '', ''),
(26, '亚洲', 1, '', '', '', '', '', 0, 1, 0, 9999, 0, '', 0, '', '', 0, 'yazhou', '', 0, '', '', ''),
(35, '冲绳', 6, '', '', '', '', '', 0, 1, 0, 4, 0, '', 1, '', '', 0, 'chong', '', 0, '', '', ''),
(36, '福冈', 6, '', '', '', '', '', 0, 1, 0, 3, 1, '', 1, '', '', 0, 'fugang', '', 0, '', '', ''),
(37, '奈良', 6, '', '', '', '', '', 0, 1, 0, 7, 1, '', 0, '', '', 0, 'nailiang', '', 0, '', '', ''),
(38, '神户', 6, '', '', '', '', '', 0, 1, 0, 8, 1, '', 0, '', '', 0, 'shenhu', '', 0, '', '', ''),
(39, '富士山', 6, '', '', '', '', '', 0, 1, 0, 8, 1, '', 0, '', '', 0, 'fushan', '', 0, '', '', ''),
(40, '横滨', 6, '', '', '', '', '', 0, 1, 0, 9, 0, '', 0, '', '', 0, 'hengbin', '', 0, '', '', ''),
(41, '镰仓', 6, '', '', '', '', '', 0, 1, 0, 10, 0, '', 0, '', '', 0, 'liancang', '', 0, '', '', ''),
(42, '别府', 6, '', '', '', '', '', 0, 1, 0, 14, 0, '', 0, '', '', 0, 'biefu', '', 0, '', '', ''),
(43, '由布院', 6, '', '', '', '', '', 0, 1, 0, 15, 0, '', 0, '', '', 0, 'youbuyuan', '', 0, '', '', ''),
(44, '熊本', 6, '', '', '', '', '', 0, 1, 0, 16, 0, '', 0, '', '', 0, 'xiongben', '', 0, '', '', ''),
(45, '白川乡', 6, '', '', '', '', '', 0, 1, 0, 17, 0, '', 0, '', '', 0, 'baichuanxiang', '', 0, '', '', ''),
(46, '飞弹高山', 6, '', '', '', '', '', 0, 1, 0, 18, 0, '', 0, '', '', 0, 'feidangaoshan', '', 0, '', '', ''),
(47, '金泽', 6, '', '', '', '', '', 0, 1, 0, 9999, 0, '', 0, '', '', 0, 'jinze', '', 0, '', '', ''),
(48, '姬路', 6, '', '', '', '', '', 0, 1, 0, 9999, 0, '', 0, '', '', 0, 'jilu', '', 0, '', '', ''),
(49, '和歌山', 6, '', '', '', '', '', 0, 1, 0, 9999, 0, '', 0, '', '', 0, 'hegeshan', '', 0, '', '', ''),
(50, '高松', 6, '', '', '', '', '', 0, 1, 0, 9999, 0, '', 0, '', '', 0, 'gaosong', '', 0, '', '', ''),
(51, '四国', 6, '', '', '', '', '', 0, 1, 0, 9999, 0, '', 0, '', '', 0, 'siguo', '', 0, '', '', ''),
(52, '宫崎', 6, '', '', '', '', '', 0, 1, 0, 9999, 0, '', 0, '', '', 0, 'gongqi', '', 0, '', '', ''),
(53, '鹿儿岛', 6, '', '', '', '', '', 0, 1, 0, 9999, 0, '', 0, '', '', 0, 'luerdao', '', 0, '', '', ''),
(54, '长崎', 6, '', '', '', '', '', 0, 1, 0, 9999, 0, '', 0, '', '', 0, 'changqi', '', 0, '', '', ''),
(55, '佐贺', 6, '', '', '', '', '', 0, 1, 0, 9999, 0, '', 0, '', '', 0, 'zuohe', '', 0, '', '', ''),
(56, '新泻', 6, '', '', '', '', '', 0, 1, 0, 9999, 0, '', 0, '', '', 0, 'xinxie', '', 0, '', '', ''),
(57, '长野', 6, '', '', '', '', '', 0, 1, 0, 9999, 0, '', 0, '', '', 0, 'changye', '', 0, '', '', ''),
(58, '群马', 6, '', '', '', '', '', 0, 1, 0, 9999, 0, '', 0, '', '', 0, 'nma', '', 0, '', '', ''),
(59, '轻井泽', 6, '', '', '', '', '', 0, 1, 0, 9999, 0, '', 0, '', '', 0, 'qingjingze', '', 0, '', '', ''),
(60, '草津', 6, '', '', '', '', '', 0, 1, 0, 9999, 0, '', 0, '', '', 0, 'caojin', '', 0, '', '', ''),
(61, '伊香保', 6, '', '', '', '', '', 0, 1, 0, 9999, 0, '', 0, '', '', 0, 'yixiangbao', '', 0, '', '', ''),
(62, '高崎', 6, '', '', '', '', '', 0, 1, 0, 9999, 0, '', 0, '', '', 0, 'gaoqi', '', 0, '', '', ''),
(63, '巴厘岛', 26, '', '', '', '', '', 0, 1, 0, 9999, 0, '', 0, '', '', 0, 'balidao', '', 0, '', '', ''),
(67, '欧洲', 1, '', '', '', '', '', 0, 1, 0, 9999, 0, '', 0, '', '', 0, 'ouzhou', '', 0, '', '', ''),
(68, '意大利', 67, '', '', '', '', '', 0, 1, 0, 9999, 0, '', 0, '', '', 0, 'yidali', '', 0, '', '', ''),
(69, '法国', 67, '', '', '', '', '', 0, 1, 0, 9999, 0, '', 0, '', '', 0, 'faguo', '', 0, '', '', ''),
(70, '西班牙', 67, '', '', '', '', '', 0, 1, 0, 9999, 0, '', 0, '', '', 0, 'xibanya', '', 0, '', '', ''),
(71, '土耳其', 67, '', '', '', '', '', 0, 1, 0, 9999, 0, '', 0, '', '', 0, 'tuerqi', '', 0, '', '', ''),
(72, '韩国', 26, '', '', '', '', '', 0, 1, 0, 9999, 0, '', 0, '', '', 0, 'hanguo', '', 0, '', '', ''),
(73, '济州岛', 72, '', '', '', '', '', 0, 1, 0, 9999, 0, '', 0, '', '', 0, 'jizhoudao', '', 0, '', '', ''),
(74, '静冈', 6, '', '', '', '', '', 0, 1, 0, 9999, 0, '', 0, '', '', 0, 'jinggang', '', 0, '', '', ''),
(75, '带广', 6, '', '', '', '', '', 0, 1, 0, 9999, 0, '', 0, '', '', 0, 'daiguang', '', 0, '', '', ''),
(76, '巴黎', 67, '', '', '', '', '', 0, 1, 0, 9999, 0, '', 0, '', '', 0, 'bali', '', 0, '', '', ''),
(77, '巴塞罗那', 67, '', '', '', '', '', 0, 1, 0, 9999, 0, '', 0, '', '', 0, 'basailuona', '', 0, '', '', ''),
(78, '札幌', 6, '', '', '', '', '', 0, 1, 0, 9999, 0, '', 0, '', '', 0, 'zhahuang', '', 0, '', '', ''),
(79, '爱媛', 6, '', '', '', '', '', 0, 1, 0, 9999, 0, '', 0, '', '', 0, 'aiyuan', '', 0, '', '', ''),
(80, '首尔', 72, '', '', '', '', '', 0, 1, 0, 9999, 0, '', 0, '', '', 0, 'shouer', '', 0, '', '', ''),
(81, '日光', 6, '', '', '', '', '', 0, 1, 0, 9999, 0, '', 0, '', '', 0, 'riguang', '', 0, '', '', ''),
(82, '甲府', 6, '', '', '', '', '', 0, 1, 0, 9999, 0, '', 0, '', '', 0, 'jiafu', '', 0, '', '', ''),
(83, '湯河原', 6, '', '', '', '', '', 0, 1, 0, 9999, 0, '', 0, '', '', 0, '_heyuan', '', 0, '', '', ''),
(84, '广岛', 6, '', '', '', '', '', 0, 1, 0, 9999, 0, '', 0, '', '', 0, 'guangdao', '', 0, '', '', ''),
(92, '美洲', 1, '', '', '', '', '', 0, 1, 0, 9999, 0, '', 0, '', '', 0, 'guandao', '', 0, '', '', ''),
(106, '釜山', 72, '', '', '', '', '', 0, 1, 0, 9999, 0, '', 0, '', '', 0, 'fushan', '', 0, '', '', ''),
(107, '瑞典', 67, '', '', '', '', '', 0, 1, 0, 9999, 0, '', 0, '', '', 0, 'ruidian', '', 0, '', '', ''),
(108, '奥地利', 67, '', '', '', '', '', 0, 1, 0, 9999, 0, '', 0, '', '', 0, 'aodili', '', 0, '', '', ''),
(109, '斯洛伐克', 67, '', '', '', '', '', 0, 1, 0, 9999, 0, '', 0, '', '', 0, 'siluofake', '', 0, '', '', ''),
(110, '匈牙利', 67, '', '', '', '', '', 0, 1, 0, 9999, 0, '', 0, '', '', 0, 'xiongyali', '', 0, '', '', ''),
(111, '捷克', 67, '', '', '', '', '', 0, 1, 0, 9999, 0, '', 0, '', '', 0, 'jieke', '', 0, '', '', ''),
(112, '关岛', 92, '', '', '', '', '', 0, 1, 0, 9999, 0, '', 0, '', '', 0, 'guandao', '', 0, '', '', ''),
(115, '德国', 67, '', '', '', '', '', 0, 1, 0, 9999, 0, '', 0, '', '', 0, 'deguo', '', 0, '', '', ''),
(116, '丹麦', 67, '', '', '', '', '', 0, 1, 0, 9999, 0, '', 0, '', '', 0, 'danmai', '', 0, '', '', ''),
(117, '挪威', 67, '', '', '', '', '', 0, 1, 0, 9999, 0, '', 0, '', '', 0, 'nuowei', '', 0, '', '', ''),
(118, '夏威夷', 92, '', '', '', '', '', 0, 1, 0, 9999, 0, '', 0, '', '', 0, 'xiaweiyi', '', 0, '', '', ''),
(119, '埃及', 67, '', '', '', '', '', 0, 1, 0, 9999, 0, '', 0, '', '', 0, 'aiji', '', 0, '', '', ''),
(121, '瑞士', 67, '', '', '', '', '', 0, 1, 0, 9999, 0, '', 0, '', '', 0, 'rui', '', 0, '', '', ''),
(122, '中国', 0, '', '', '', '', '', 0, 1, 0, 9999, 0, '', 0, '', '', 0, 'zhongguo', '', 0, '', '', ''),
(124, '上海', 122, '', '', '', '', '', 0, 1, 0, 9999, 0, '', 0, '', '', 0, 'shanghai', '', 0, '', '', ''),
(125, '伊豆', 6, '', '', '', '', '', 0, 1, 0, 9999, 0, '', 0, '', '', 0, 'yidou', '', 0, '', '', ''),
(127, '泰国', 26, '', '', '', '', '', 0, 1, 0, 9999, 0, '', 0, '', '', 0, 'taiguo', '', 0, '', '', '');

-- --------------------------------------------------------

--
-- テーブルの構造 `zh_ec_comment`
--

CREATE TABLE IF NOT EXISTS `zh_ec_comment` (
  `comment_id` int(10) unsigned NOT NULL AUTO_INCREMENT COMMENT '用户评论的自增id',
  `comment_type` tinyint(3) unsigned NOT NULL DEFAULT '0' COMMENT '用户评论的类型；0，评论的是商品；1，评论的是文章',
  `id_value` mediumint(8) unsigned NOT NULL DEFAULT '0' COMMENT '文章或者商品的id，文章对应的是ecs_article 的article_id；商品对应的是ecs_goods的goods_id',
  `email` varchar(60) NOT NULL COMMENT '评论时提交的email地址，默认取的ecs_users的email',
  `user_name` varchar(60) NOT NULL COMMENT '评论该文章或商品的人的名称，取值ecs_users的user_name',
  `content` text NOT NULL COMMENT '评论的内容',
  `comment_rank` tinyint(1) unsigned NOT NULL DEFAULT '0' COMMENT '该文章或者商品的星级；只有1到5星；由数字代替；其中5是代表5星',
  `add_time` int(10) unsigned NOT NULL DEFAULT '0' COMMENT '评论的时间',
  `ip_address` varchar(15) NOT NULL COMMENT '评论时的用户ip',
  `status` tinyint(3) unsigned NOT NULL DEFAULT '0' COMMENT '是否被管理员批准显示，1，是；0，未批准显示',
  `parent_id` int(10) unsigned NOT NULL DEFAULT '0' COMMENT '评论的父节点；取值该表的comment_id字段；如果该字段为0，则是一个普通评论，否则该条评论就是该字段的值所对应的评论的回复',
  `user_id` int(10) unsigned NOT NULL DEFAULT '0' COMMENT '发表该评论的用户的用户id，取值于ecs_users的user_id',
  PRIMARY KEY (`comment_id`),
  KEY `parent_id` (`parent_id`),
  KEY `id_value` (`id_value`)
) ENGINE=MyISAM  DEFAULT CHARSET=utf8 AUTO_INCREMENT=3 ;

-- --------------------------------------------------------

--
-- テーブルの構造 `zh_ec_user_rank`
--

CREATE TABLE IF NOT EXISTS `zh_ec_user_rank` (
  `rank_id` tinyint(3) unsigned NOT NULL AUTO_INCREMENT COMMENT '会员等级编号，其中0是非会员',
  `rank_name` varchar(30) NOT NULL COMMENT '会员等级名称',
  `min_points` int(10) unsigned NOT NULL DEFAULT '0' COMMENT '该等级的最低积分',
  `max_points` int(10) unsigned NOT NULL DEFAULT '0' COMMENT '该等级的最高积分',
  `discount` tinyint(3) unsigned NOT NULL DEFAULT '0' COMMENT '该会员等级的商品折扣',
  `show_price` tinyint(1) unsigned NOT NULL DEFAULT '1' COMMENT '是否在不是该等级会员购买页面显示该会员等级的折扣价格.1,显示;0,不显示',
  `special_rank` tinyint(1) unsigned NOT NULL DEFAULT '0' COMMENT '是否事特殊会员等级组.0,不是;1,是',
  PRIMARY KEY (`rank_id`)
) ENGINE=MyISAM  DEFAULT CHARSET=utf8 AUTO_INCREMENT=5 ;

--
-- テーブルのデータのダンプ `zh_ec_user_rank`
--

INSERT INTO `zh_ec_user_rank` (`rank_id`, `rank_name`, `min_points`, `max_points`, `discount`, `show_price`, `special_rank`) VALUES
(1, '注册用户', 0, 10000, 100, 1, 0),
(2, 'vip', 10000, 10000000, 95, 1, 0),
(3, '代销用户', 0, 0, 90, 0, 1);

-- --------------------------------------------------------

--
-- テーブルの構造 `zh_email_sendlist`
--

CREATE TABLE IF NOT EXISTS `zh_email_sendlist` (
  `id` mediumint(8) NOT NULL AUTO_INCREMENT COMMENT '邮件发送队列自增id',
  `email` varchar(100) NOT NULL COMMENT '该邮件将要发送到的邮箱地址',
  `template_id` mediumint(8) NOT NULL COMMENT '该邮件的模板id，取值于ecs_mail_templates的template_id',
  `email_content` text NOT NULL COMMENT '邮件发送的内容',
  `error` tinyint(1) NOT NULL DEFAULT '0' COMMENT '错误次数，不知干什么用的，猜应该是发送邮件的失败记录',
  `pri` tinyint(10) NOT NULL COMMENT '该邮件发送的优先级；0，普通；1，高',
  `last_send` int(10) NOT NULL COMMENT '上一次发送的时间',
  PRIMARY KEY (`id`)
) ENGINE=MyISAM  DEFAULT CHARSET=utf8 AUTO_INCREMENT=16 ;

--
-- テーブルのデータのダンプ `zh_email_sendlist`
--

INSERT INTO `zh_email_sendlist` (`id`, `email`, `template_id`, `email_content`, `error`, `pri`, `last_send`) VALUES
(10, 'ectest@qq.com', 6, 'str:亲爱的ectest您好！\r\n\r\n恭喜您获得了1个红包，金额分别为￥2元\r\nZHSHOP2015-08-27', 0, 1, 1440651381),
(9, 'yao@metaphase.asia', 6, 'str:亲爱的yaochen您好！\r\n\r\n恭喜您获得了1个红包，金额分别为￥2元\r\nZHSHOP2015-08-27', 0, 1, 1440651380),
(8, 'kitagawa@metaphase.co.jp', 6, 'str:亲爱的kitagawa您好！\r\n\r\n恭喜您获得了1个红包，金额分别为￥2元\r\nZHSHOP2015-08-27', 0, 1, 1440651380),
(7, 'xiecong@metaphase.asia', 6, 'str:亲爱的xiecong您好！\r\n\r\n恭喜您获得了1个红包，金额分别为￥2元\r\nZHSHOP2015-08-27', 0, 1, 1440651379),
(6, '136871204@qq.com', 6, 'str:亲爱的test您好！\r\n\r\n恭喜您获得了1个红包，金额分别为￥2元\r\nZHSHOP2015-08-27', 0, 1, 1440651379),
(11, '136871204@qq.com', 6, 'str:亲爱的test您好！\r\n\r\n恭喜您获得了1个红包，金额分别为￥2元\r\nZHSHOP2015-08-27', 0, 1, 1440651728),
(12, 'xiecong@metaphase.asia', 6, 'str:亲爱的xiecong您好！\r\n\r\n恭喜您获得了1个红包，金额分别为￥2元\r\nZHSHOP2015-08-27', 0, 1, 1440651728),
(13, 'kitagawa@metaphase.co.jp', 6, 'str:亲爱的kitagawa您好！\r\n\r\n恭喜您获得了1个红包，金额分别为￥2元\r\nZHSHOP2015-08-27', 0, 1, 1440651730),
(14, 'yao@metaphase.asia', 6, 'str:亲爱的yaochen您好！\r\n\r\n恭喜您获得了1个红包，金额分别为￥2元\r\nZHSHOP2015-08-27', 0, 1, 1440651730),
(15, 'ectest@qq.com', 6, 'str:亲爱的ectest您好！\r\n\r\n恭喜您获得了1个红包，金额分别为￥2元\r\nZHSHOP2015-08-27', 0, 1, 1440651731);

-- --------------------------------------------------------

--
-- テーブルの構造 `zh_favorite`
--

CREATE TABLE IF NOT EXISTS `zh_favorite` (
  `fid` int(10) unsigned NOT NULL AUTO_INCREMENT,
  `mid` smallint(5) unsigned NOT NULL,
  `cid` smallint(5) unsigned NOT NULL,
  `aid` int(10) unsigned NOT NULL,
  `uid` int(10) unsigned NOT NULL,
  PRIMARY KEY (`fid`)
) ENGINE=MyISAM DEFAULT CHARSET=utf8 COMMENT='收藏夹' AUTO_INCREMENT=1 ;

-- --------------------------------------------------------

--
-- テーブルの構造 `zh_favourable_activity`
--

CREATE TABLE IF NOT EXISTS `zh_favourable_activity` (
  `act_id` smallint(5) unsigned NOT NULL AUTO_INCREMENT COMMENT '优惠活动的自增id',
  `act_name` varchar(255) NOT NULL COMMENT '优惠活动的活动名称',
  `start_time` int(10) unsigned NOT NULL COMMENT '活动的开始时间',
  `end_time` int(10) unsigned NOT NULL COMMENT '活动的结束时间',
  `user_rank` varchar(255) NOT NULL COMMENT '可以参加活动的用户信息，取值于user_rank的rank_id；其中0是非会员，其他是相应的会员等级；多个值用逗号分隔',
  `act_range` tinyint(3) unsigned NOT NULL COMMENT '优惠范围；0，全部商品；1，按分类；2，按品牌；3，按商品',
  `act_range_ext` varchar(255) NOT NULL COMMENT '根据优惠活动范围的不同，该处意义不同；但是都是优惠范围的约束；如，如果是商品，该处是商品的id，如果是品牌，该处是品牌的id',
  `min_amount` decimal(10,2) unsigned NOT NULL COMMENT '订单达到金额下限，才参加活动',
  `max_amount` decimal(10,2) unsigned NOT NULL COMMENT '参加活动的订单金额下限，0，表示没有上限',
  `act_type` tinyint(3) unsigned NOT NULL COMMENT '参加活动的优惠方式；0，送赠品或优惠购买；1，现金减免；价格打折优惠',
  `act_type_ext` decimal(10,2) unsigned NOT NULL COMMENT '如果是送赠品，该处是允许的最大数量，0，无数量限制；现今减免，则是减免金额，单位元；打折，是折扣值，100算，8折就是80',
  `gift` text NOT NULL COMMENT '如果有特惠商品，这里是序列化后的特惠商品的id,name,price信息;取值于zh_goods的goods_id，goods_name，价格是添加活动时填写的',
  `sort_order` tinyint(3) unsigned NOT NULL DEFAULT '50' COMMENT '活动在优惠活动页面显示的先后顺序，数字越大越靠后',
  PRIMARY KEY (`act_id`),
  KEY `act_name` (`act_name`)
) ENGINE=MyISAM  DEFAULT CHARSET=utf8 AUTO_INCREMENT=2 ;

--
-- テーブルのデータのダンプ `zh_favourable_activity`
--

INSERT INTO `zh_favourable_activity` (`act_id`, `act_name`, `start_time`, `end_time`, `user_rank`, `act_range`, `act_range_ext`, `min_amount`, `max_amount`, `act_type`, `act_type_ext`, `gift`, `sort_order`) VALUES
(1, '5.1诺基亚优惠活动', 1241107200, 1253030400, '1,2', 2, '1', '500.00', '5000.00', 2, '95.00', 'a:0:{}', 50);

-- --------------------------------------------------------

--
-- テーブルの構造 `zh_field`
--

CREATE TABLE IF NOT EXISTS `zh_field` (
  `fid` mediumint(8) unsigned NOT NULL AUTO_INCREMENT,
  `mid` int(10) unsigned NOT NULL DEFAULT '0' COMMENT '模型ID',
  `field_state` tinyint(1) NOT NULL DEFAULT '1' COMMENT '状态 1 正常 0 禁用',
  `field_type` varchar(255) NOT NULL DEFAULT '' COMMENT '字段类型 text|textarea|radio|checkbox|image|images|datetime|',
  `table_type` tinyint(1) NOT NULL DEFAULT '1' COMMENT '字段所在表 1 主表 2 副表',
  `table_name` varchar(255) NOT NULL DEFAULT '' COMMENT '所在表名',
  `field_name` varchar(255) NOT NULL DEFAULT '' COMMENT '字段name名称',
  `title` varchar(255) NOT NULL DEFAULT '' COMMENT '字段标题 ',
  `tips` varchar(255) NOT NULL DEFAULT '' COMMENT '字段提示',
  `enable` tinyint(1) NOT NULL DEFAULT '1' COMMENT '1 开启 0 关闭',
  `is_system` tinyint(1) NOT NULL DEFAULT '0' COMMENT '是否为系统字段',
  `fieldsort` mediumint(9) NOT NULL DEFAULT '100' COMMENT '字段排序',
  `set` text COMMENT '字段设置',
  `css` varchar(255) NOT NULL DEFAULT '' COMMENT 'CSS样式',
  `minlength` char(255) NOT NULL DEFAULT '' COMMENT '最小字数',
  `maxlength` char(255) NOT NULL DEFAULT '' COMMENT '最大字数',
  `validate` char(255) NOT NULL DEFAULT '' COMMENT '正则验证',
  `required` tinyint(1) NOT NULL DEFAULT '0' COMMENT '是否必须输入',
  `error` varchar(255) NOT NULL DEFAULT '' COMMENT '错误提示',
  `isunique` tinyint(1) NOT NULL DEFAULT '0' COMMENT '值唯一',
  `isbase` tinyint(1) NOT NULL DEFAULT '1' COMMENT '作为基本信息',
  `issearch` tinyint(1) NOT NULL DEFAULT '1' COMMENT '作为搜索条件',
  `isadd` tinyint(1) NOT NULL DEFAULT '1' COMMENT '在前台投稿中显示',
  PRIMARY KEY (`fid`),
  KEY `mid` (`mid`)
) ENGINE=MyISAM  DEFAULT CHARSET=utf8 COMMENT='模型字段' AUTO_INCREMENT=179 ;

--
-- テーブルのデータのダンプ `zh_field`
--

INSERT INTO `zh_field` (`fid`, `mid`, `field_state`, `field_type`, `table_type`, `table_name`, `field_name`, `title`, `tips`, `enable`, `is_system`, `fieldsort`, `set`, `css`, `minlength`, `maxlength`, `validate`, `required`, `error`, `isunique`, `isbase`, `issearch`, `isadd`) VALUES
(1, 1, 1, 'title', 1, 'content', 'title', 'タイトル', '', 1, 1, 1, 'a:2:{s:4:"size";s:3:"300";s:7:"default";s:0:"";}', '', '0', '100', '', 1, '', 0, 1, 1, 1),
(2, 1, 1, 'input', 1, 'content', 'html_path', 'htmlファイル名', '', 1, 1, 100, 'a:3:{s:4:"size";s:3:"300";s:7:"default";s:0:"";s:8:"ispasswd";s:1:"0";}', '', '0', '', '', 0, '', 0, 1, 0, 0),
(3, 1, 1, 'flag', 1, 'content', 'flag', '属性', '', 1, 1, 12, '', '', '0', '', '', 0, '', 0, 1, 1, 0),
(4, 1, 1, 'input', 1, 'content', 'seo_title', 'SEOタイトル', '', 1, 1, 13, 'a:3:{s:4:"size";s:3:"300";s:7:"default";s:0:"";s:8:"ispasswd";s:1:"0";}', '', '0', '', '', 0, '', 0, 1, 0, 0),
(5, 1, 1, 'thumb', 1, 'content', 'thumb', 'サムネイル', '', 1, 1, 20, '', '', '0', '', '', 0, '', 0, 0, 0, 1),
(6, 1, 1, 'cid', 1, 'content', 'cid', 'カテゴリ', '', 1, 1, 2, '', '', '0', '', '', 0, '', 0, 1, 0, 1),
(7, 1, 1, 'input', 1, 'content', 'source', '来源', '', 1, 1, 26, 'a:3:{s:4:"size";s:3:"150";s:7:"default";s:0:"";s:8:"ispasswd";s:1:"0";}', '', '0', '', '', 0, '', 0, 0, 0, 0),
(8, 1, 1, 'input', 1, 'content', 'redirecturl', '遷移リンク', '', 1, 1, 21, 'a:3:{s:4:"size";s:3:"150";s:7:"default";s:0:"";s:8:"ispasswd";s:1:"0";}', '', '0', '', '/^http:///', 0, '', 0, 0, 0, 0),
(9, 1, 1, 'box', 1, 'content', 'allowreply', '返信許可', '', 1, 1, 23, 'a:3:{s:7:"options";s:12:"1| 是,2|否";s:9:"form_type";s:5:"radio";s:7:"default";s:1:"1";}', '', '0', '', '', 0, '', 0, 0, 0, 0),
(10, 1, 1, 'datetime', 1, 'content', 'addtime', '新規時間', '', 1, 1, 25, 'a:1:{s:6:"format";s:1:"1";}', '', '0', '', '', 0, '', 0, 0, 0, 0),
(11, 1, 1, 'template', 1, 'content', 'template', 'テンプレート', '', 1, 1, 100, '', '', '0', '', '', 0, '', 0, 1, 0, 0),
(12, 1, 1, 'tag', 1, 'content', 'tag', 'tag', '', 1, 1, 17, 'a:3:{s:4:"size";s:3:"300";s:7:"default";s:0:"";s:8:"ispasswd";s:1:"0";}', '', '0', '', '', 0, '', 0, 1, 0, 0),
(13, 1, 1, 'box', 1, 'content', 'url_type', '文章アクセス方式', '', 1, 1, 100, 'a:3:{s:7:"options";s:45:"1|静态访问,2|动态访问 ,3|继承栏目";s:9:"form_type";s:5:"radio";s:7:"default";s:1:"3";}', '', '0', '', '', 0, '', 0, 1, 0, 0),
(14, 1, 1, 'number', 1, 'content', 'arc_sort', 'ソート', '', 1, 1, 100, 'a:5:{s:10:"field_type";s:9:"mediumint";s:11:"num_integer";s:1:"6";s:11:"num_decimal";s:1:"2";s:4:"size";s:3:"150";s:7:"default";s:3:"100";}', '', '0', '', '', 0, '', 0, 0, 0, 0),
(15, 1, 1, 'input', 1, 'content', 'keywords', 'キーワード', '', 1, 1, 18, 'a:3:{s:4:"size";s:3:"300";s:7:"default";s:0:"";s:8:"ispasswd";s:1:"0";}', '', '0', '', '', 0, '', 0, 1, 0, 0),
(16, 1, 1, 'textarea', 1, 'content', 'description', '説明', '', 1, 1, 19, 'a:3:{s:5:"width";s:3:"500";s:6:"height";s:3:"100";s:7:"default";s:0:"";}', '', '0', '', '', 0, '', 0, 1, 0, 1),
(17, 1, 1, 'content', 2, 'content_data', 'content', '本文', '', 1, 1, 14, '', '', '0', '', '', 0, '', 0, 1, 0, 1),
(18, 1, 1, 'number', 1, 'content', 'click', 'クリック数', '', 1, 1, 100, 'a:4:{s:11:"num_integer";s:1:"6";s:11:"num_decimal";s:1:"2";s:4:"size";s:3:"150";s:7:"default";s:3:"100";}', '', '0', '', '', 0, '', 0, 0, 0, 0),
(19, 1, 1, 'number', 1, 'content', 'read_credits', '閲読金貨', '', 1, 0, 100, 'a:5:{s:10:"field_type";s:8:"smallint";s:11:"num_integer";s:1:"6";s:11:"num_decimal";s:1:"2";s:4:"size";s:3:"150";s:7:"default";s:1:"0";}', '', '0', '', '/^[0-9-]+$/', 0, '', 0, 0, 0, 0),
(104, 8, 0, 'number', 1, 'banner1', 'read_credits', '閲読金貨', '', 1, 0, 100, 'a:5:{s:10:"field_type";s:8:"smallint";s:11:"num_integer";s:1:"6";s:11:"num_decimal";s:1:"2";s:4:"size";s:3:"150";s:7:"default";s:1:"0";}', '', '0', '', '/^[0-9-]+$/', 0, '', 0, 0, 0, 0),
(103, 8, 0, 'number', 1, 'banner1', 'click', 'クリック数', '', 1, 1, 100, 'a:4:{s:11:"num_integer";s:1:"6";s:11:"num_decimal";s:1:"2";s:4:"size";s:3:"150";s:7:"default";s:3:"100";}', '', '0', '', '', 0, '', 0, 0, 0, 0),
(102, 8, 0, 'content', 2, 'banner1_data', 'content', '本文', '', 1, 1, 14, '', '', '0', '', '', 0, '', 0, 1, 0, 1),
(101, 8, 0, 'textarea', 1, 'banner1', 'description', '説明', '', 1, 1, 19, 'a:3:{s:5:"width";s:3:"500";s:6:"height";s:3:"100";s:7:"default";s:0:"";}', '', '0', '', '', 0, '', 0, 1, 0, 1),
(100, 8, 0, 'input', 1, 'banner1', 'keywords', 'キーワード', '', 1, 1, 18, 'a:3:{s:4:"size";s:3:"300";s:7:"default";s:0:"";s:8:"ispasswd";s:1:"0";}', '', '0', '', '', 0, '', 0, 1, 0, 0),
(99, 8, 1, 'number', 1, 'banner1', 'arc_sort', '排序', '', 1, 1, 100, 'a:4:{s:11:"num_integer";s:1:"6";s:11:"num_decimal";s:1:"2";s:4:"size";s:3:"150";s:7:"default";s:3:"100";}', '', '0', '', '', 0, '', 0, 0, 0, 0),
(98, 8, 0, 'box', 1, 'banner1', 'url_type', '文章アクセス方式', '', 1, 1, 100, 'a:3:{s:7:"options";s:45:"1|静态访问,2|动态访问 ,3|继承栏目";s:9:"form_type";s:5:"radio";s:7:"default";s:1:"3";}', '', '0', '', '', 0, '', 0, 1, 0, 0),
(96, 8, 0, 'template', 1, 'banner1', 'template', 'テンプレート', '', 1, 1, 100, '', '', '0', '', '', 0, '', 0, 1, 0, 0),
(97, 8, 0, 'tag', 1, 'banner1', 'tag', 'tag', '', 1, 1, 17, 'a:3:{s:4:"size";s:3:"300";s:7:"default";s:0:"";s:8:"ispasswd";s:1:"0";}', '', '0', '', '', 0, '', 0, 1, 0, 0),
(95, 8, 1, 'datetime', 1, 'banner1', 'addtime', '创建时间', '', 1, 1, 25, 'a:1:{s:6:"format";s:1:"1";}', '', '0', '', '', 0, '', 0, 0, 0, 0),
(94, 8, 0, 'box', 1, 'banner1', 'allowreply', '返信許可', '', 1, 1, 23, 'a:3:{s:7:"options";s:12:"1| 是,2|否";s:9:"form_type";s:5:"radio";s:7:"default";s:1:"1";}', '', '0', '', '', 0, '', 0, 0, 0, 0),
(93, 8, 0, 'input', 1, 'banner1', 'redirecturl', '遷移リンク', '', 1, 1, 21, 'a:3:{s:4:"size";s:3:"150";s:7:"default";s:0:"";s:8:"ispasswd";s:1:"0";}', '', '0', '', '/^http:///', 0, '', 0, 0, 0, 0),
(92, 8, 0, 'input', 1, 'banner1', 'source', '来源', '', 1, 1, 26, 'a:3:{s:4:"size";s:3:"150";s:7:"default";s:0:"";s:8:"ispasswd";s:1:"0";}', '', '0', '', '', 0, '', 0, 0, 0, 0),
(39, 7, 1, 'title', 1, 'test', 'title', 'タイトル', '', 1, 1, 1, 'a:2:{s:4:"size";s:3:"300";s:7:"default";s:0:"";}', '', '0', '100', '', 1, '', 0, 1, 1, 1),
(40, 7, 0, 'input', 1, 'test', 'html_path', 'htmlファイル名', '', 1, 1, 100, 'a:3:{s:4:"size";s:3:"300";s:7:"default";s:0:"";s:8:"ispasswd";s:1:"0";}', '', '0', '', '', 0, '', 0, 1, 0, 0),
(41, 7, 0, 'flag', 1, 'test', 'flag', '属性', '', 1, 1, 12, '', '', '0', '', '', 0, '', 0, 1, 1, 0),
(42, 7, 0, 'input', 1, 'test', 'seo_title', 'SEOタイトル', '', 1, 1, 13, 'a:3:{s:4:"size";s:3:"300";s:7:"default";s:0:"";s:8:"ispasswd";s:1:"0";}', '', '0', '', '', 0, '', 0, 1, 0, 0),
(43, 7, 0, 'thumb', 1, 'test', 'thumb', 'サムネイル', '', 1, 1, 20, '', '', '0', '', '', 0, '', 0, 0, 0, 1),
(44, 7, 1, 'cid', 1, 'test', 'cid', 'カテゴリ', '', 1, 1, 2, '', '', '0', '', '', 0, '', 0, 1, 0, 1),
(45, 7, 0, 'input', 1, 'test', 'source', '来源', '', 1, 1, 26, 'a:3:{s:4:"size";s:3:"150";s:7:"default";s:0:"";s:8:"ispasswd";s:1:"0";}', '', '0', '', '', 0, '', 0, 0, 0, 0),
(46, 7, 0, 'input', 1, 'test', 'redirecturl', '遷移リンク', '', 1, 1, 21, 'a:3:{s:4:"size";s:3:"150";s:7:"default";s:0:"";s:8:"ispasswd";s:1:"0";}', '', '0', '', '/^http:///', 0, '', 0, 0, 0, 0),
(47, 7, 0, 'box', 1, 'test', 'allowreply', '返信許可', '', 1, 1, 23, 'a:3:{s:7:"options";s:12:"1| 是,2|否";s:9:"form_type";s:5:"radio";s:7:"default";s:1:"1";}', '', '0', '', '', 0, '', 0, 0, 0, 0),
(48, 7, 1, 'datetime', 1, 'test', 'addtime', '新規時間', '', 1, 1, 25, 'a:1:{s:6:"format";s:1:"1";}', '', '0', '', '', 0, '', 0, 0, 0, 0),
(49, 7, 0, 'template', 1, 'test', 'template', 'テンプレート', '', 1, 1, 100, '', '', '0', '', '', 0, '', 0, 1, 0, 0),
(50, 7, 0, 'tag', 1, 'test', 'tag', 'tag', '', 1, 1, 17, 'a:3:{s:4:"size";s:3:"300";s:7:"default";s:0:"";s:8:"ispasswd";s:1:"0";}', '', '0', '', '', 0, '', 0, 1, 0, 0),
(51, 7, 0, 'box', 1, 'test', 'url_type', '文章アクセス方式', '', 1, 1, 100, 'a:3:{s:7:"options";s:45:"1|静态访问,2|动态访问 ,3|继承栏目";s:9:"form_type";s:5:"radio";s:7:"default";s:1:"3";}', '', '0', '', '', 0, '', 0, 1, 0, 0),
(52, 7, 0, 'number', 1, 'test', 'arc_sort', 'ソート', '', 1, 1, 100, 'a:5:{s:10:"field_type";s:9:"mediumint";s:11:"num_integer";s:1:"6";s:11:"num_decimal";s:1:"2";s:4:"size";s:3:"150";s:7:"default";s:3:"100";}', '', '0', '', '', 0, '', 0, 0, 0, 0),
(53, 7, 0, 'input', 1, 'test', 'keywords', 'キーワード', '', 1, 1, 18, 'a:3:{s:4:"size";s:3:"300";s:7:"default";s:0:"";s:8:"ispasswd";s:1:"0";}', '', '0', '', '', 0, '', 0, 1, 0, 0),
(54, 7, 0, 'textarea', 1, 'test', 'description', '説明', '', 1, 1, 19, 'a:3:{s:5:"width";s:3:"500";s:6:"height";s:3:"100";s:7:"default";s:0:"";}', '', '0', '', '', 0, '', 0, 1, 0, 1),
(55, 7, 0, 'content', 2, 'test_data', 'content', '本文', '', 1, 1, 14, '', '', '0', '', '', 0, '', 0, 1, 0, 1),
(56, 7, 0, 'number', 1, 'test', 'click', 'クリック数', '', 1, 1, 100, 'a:4:{s:11:"num_integer";s:1:"6";s:11:"num_decimal";s:1:"2";s:4:"size";s:3:"150";s:7:"default";s:3:"100";}', '', '0', '', '', 0, '', 0, 0, 0, 0),
(57, 7, 0, 'number', 1, 'test', 'read_credits', '閲読金貨', '', 1, 0, 100, 'a:5:{s:10:"field_type";s:8:"smallint";s:11:"num_integer";s:1:"6";s:11:"num_decimal";s:1:"2";s:4:"size";s:3:"150";s:7:"default";s:1:"0";}', '', '0', '', '/^[0-9-]+$/', 0, '', 0, 0, 0, 0),
(82, 7, 1, 'images', 1, 'test', 'test_imags_1', 'test_imags_1', '', 1, 0, 2, 'a:5:{s:20:"upload_img_max_width";s:3:"124";s:21:"upload_img_max_height";s:3:"124";s:3:"num";s:2:"10";s:9:"name_sort";s:1:"1";s:10:"thumb_type";s:1:"6";}', '', '0', '', '', 0, '', 0, 1, 0, 0),
(75, 7, 1, 'images', 1, 'test', 'test_images', '缩放最大边', '', 1, 0, 100, 'a:5:{s:20:"upload_img_max_width";s:3:"124";s:21:"upload_img_max_height";s:3:"124";s:3:"num";s:2:"10";s:9:"name_sort";s:1:"1";s:10:"thumb_type";s:1:"5";}', '', '0', '', '', 0, '', 0, 1, 0, 0),
(76, 7, 1, 'images', 1, 'test', 'imges2', '固定宽度,高度自增', '', 1, 0, 100, 'a:5:{s:20:"upload_img_max_width";s:3:"124";s:21:"upload_img_max_height";s:3:"124";s:3:"num";s:2:"10";s:9:"name_sort";s:1:"1";s:10:"thumb_type";s:1:"1";}', '', '0', '', '', 0, '', 0, 1, 0, 0),
(77, 7, 1, 'images', 1, 'test', 'images3', '固定高度,宽度自增', '', 1, 0, 100, 'a:5:{s:20:"upload_img_max_width";s:3:"124";s:21:"upload_img_max_height";s:3:"124";s:3:"num";s:2:"10";s:9:"name_sort";s:1:"1";s:10:"thumb_type";s:1:"3";}', '', '0', '', '', 0, '', 0, 1, 0, 0),
(78, 7, 1, 'images', 1, 'test', 'images4', '固定宽度,高度裁切', '', 1, 0, 100, 'a:5:{s:20:"upload_img_max_width";s:3:"124";s:21:"upload_img_max_height";s:3:"124";s:3:"num";s:2:"10";s:9:"name_sort";s:1:"1";s:10:"thumb_type";s:1:"3";}', '', '0', '', '', 0, '', 0, 1, 0, 0),
(79, 7, 1, 'images', 1, 'test', 'images5', '固定高度,宽度裁切', '', 1, 0, 100, 'a:5:{s:20:"upload_img_max_width";s:3:"124";s:21:"upload_img_max_height";s:3:"124";s:3:"num";s:2:"10";s:9:"name_sort";s:1:"1";s:10:"thumb_type";s:1:"4";}', '', '0', '', '', 0, '', 0, 1, 0, 0),
(80, 7, 1, 'images', 1, 'test', 'images6', '自动裁切图片', '', 1, 0, 100, 'a:5:{s:20:"upload_img_max_width";s:3:"124";s:21:"upload_img_max_height";s:3:"124";s:3:"num";s:2:"10";s:9:"name_sort";s:1:"1";s:10:"thumb_type";s:1:"6";}', '', '0', '', '', 0, '', 0, 1, 0, 0),
(81, 7, 1, 'image', 1, 'test', 'img1', 'img固定宽度,高度自增', '', 1, 0, 2, 'a:3:{s:20:"upload_img_max_width";s:3:"124";s:21:"upload_img_max_height";s:3:"124";s:10:"thumb_type";s:1:"5";}', '', '0', '', '', 0, '', 0, 1, 0, 0),
(90, 8, 0, 'thumb', 1, 'banner1', 'thumb', 'サムネイル', '', 1, 1, 20, '', '', '0', '', '', 0, '', 0, 0, 0, 1),
(91, 8, 1, 'cid', 1, 'banner1', 'cid', '分类', '', 1, 1, 2, '', '', '0', '', '', 0, '', 0, 1, 0, 1),
(89, 8, 0, 'input', 1, 'banner1', 'seo_title', 'SEOタイトル', '', 1, 1, 13, 'a:3:{s:4:"size";s:3:"300";s:7:"default";s:0:"";s:8:"ispasswd";s:1:"0";}', '', '0', '', '', 0, '', 0, 1, 0, 0),
(105, 8, 1, 'exterior', 1, 'banner1', 'webid', '站点选择', '', 1, 0, 3, 'a:6:{s:5:"table";s:7:"weblist";s:2:"pk";s:2:"id";s:5:"showf";s:7:"webname";s:5:"showt";s:12:"站点名称";s:8:"wherestr";s:0:"";s:11:"select_type";s:6:"single";}', '', '0', '', '', 0, '', 0, 1, 0, 0),
(88, 8, 0, 'flag', 1, 'banner1', 'flag', '属性', '', 1, 1, 12, '', '', '0', '', '', 0, '', 0, 1, 1, 0),
(86, 8, 1, 'title', 1, 'banner1', 'title', '标题', '', 1, 1, 1, 'a:2:{s:4:"size";s:3:"300";s:7:"default";s:0:"";}', '', '0', '100', '', 1, '', 0, 1, 1, 1),
(87, 8, 0, 'input', 1, 'banner1', 'html_path', 'htmlファイル名', '', 1, 1, 100, 'a:3:{s:4:"size";s:3:"300";s:7:"default";s:0:"";s:8:"ispasswd";s:1:"0";}', '', '0', '', '', 0, '', 0, 1, 0, 0),
(106, 8, 1, 'image', 1, 'banner1', 'main_image', '图片', '1920*290', 1, 0, 4, 'a:3:{s:20:"upload_img_max_width";s:4:"1920";s:21:"upload_img_max_height";s:3:"290";s:10:"thumb_type";s:1:"5";}', '', '0', '', '', 0, '', 0, 1, 0, 0),
(107, 8, 1, 'input', 1, 'banner1', 'url', '链接地址', '', 1, 0, 6, 'a:3:{s:4:"size";s:3:"700";s:7:"default";s:0:"";s:8:"ispasswd";s:1:"0";}', '', '0', '', '', 0, '', 0, 1, 0, 0),
(108, 8, 1, 'image', 1, 'banner1', 'mobile_image', '手机图片', '640*290', 1, 0, 5, 'a:3:{s:20:"upload_img_max_width";s:3:"640";s:21:"upload_img_max_height";s:3:"290";s:10:"thumb_type";s:1:"5";}', '', '0', '', '', 0, '', 0, 1, 0, 0),
(109, 9, 1, 'title', 1, 'rbanner1', 'title', 'タイトル', '', 1, 1, 1, 'a:2:{s:4:"size";s:3:"300";s:7:"default";s:0:"";}', '', '0', '100', '', 1, '', 0, 1, 1, 1),
(110, 9, 0, 'input', 1, 'rbanner1', 'html_path', 'htmlファイル名', '', 1, 1, 100, 'a:3:{s:4:"size";s:3:"300";s:7:"default";s:0:"";s:8:"ispasswd";s:1:"0";}', '', '0', '', '', 0, '', 0, 1, 0, 0),
(111, 9, 0, 'flag', 1, 'rbanner1', 'flag', '属性', '', 1, 1, 12, '', '', '0', '', '', 0, '', 0, 1, 1, 0),
(112, 9, 0, 'input', 1, 'rbanner1', 'seo_title', 'SEOタイトル', '', 1, 1, 13, 'a:3:{s:4:"size";s:3:"300";s:7:"default";s:0:"";s:8:"ispasswd";s:1:"0";}', '', '0', '', '', 0, '', 0, 1, 0, 0),
(113, 9, 0, 'thumb', 1, 'rbanner1', 'thumb', 'サムネイル', '', 1, 1, 20, '', '', '0', '', '', 0, '', 0, 0, 0, 1),
(114, 9, 1, 'cid', 1, 'rbanner1', 'cid', 'カテゴリ', '', 1, 1, 2, '', '', '0', '', '', 0, '', 0, 1, 0, 1),
(115, 9, 0, 'input', 1, 'rbanner1', 'source', '来源', '', 1, 1, 26, 'a:3:{s:4:"size";s:3:"150";s:7:"default";s:0:"";s:8:"ispasswd";s:1:"0";}', '', '0', '', '', 0, '', 0, 0, 0, 0),
(116, 9, 0, 'input', 1, 'rbanner1', 'redirecturl', '遷移リンク', '', 1, 1, 21, 'a:3:{s:4:"size";s:3:"150";s:7:"default";s:0:"";s:8:"ispasswd";s:1:"0";}', '', '0', '', '/^http:///', 0, '', 0, 0, 0, 0),
(117, 9, 0, 'box', 1, 'rbanner1', 'allowreply', '返信許可', '', 1, 1, 23, 'a:3:{s:7:"options";s:12:"1| 是,2|否";s:9:"form_type";s:5:"radio";s:7:"default";s:1:"1";}', '', '0', '', '', 0, '', 0, 0, 0, 0),
(118, 9, 1, 'datetime', 1, 'rbanner1', 'addtime', '新規時間', '', 1, 1, 25, 'a:1:{s:6:"format";s:1:"1";}', '', '0', '', '', 0, '', 0, 0, 0, 0),
(119, 9, 0, 'template', 1, 'rbanner1', 'template', 'テンプレート', '', 1, 1, 100, '', '', '0', '', '', 0, '', 0, 1, 0, 0),
(120, 9, 0, 'tag', 1, 'rbanner1', 'tag', 'tag', '', 1, 1, 17, 'a:3:{s:4:"size";s:3:"300";s:7:"default";s:0:"";s:8:"ispasswd";s:1:"0";}', '', '0', '', '', 0, '', 0, 1, 0, 0),
(121, 9, 0, 'box', 1, 'rbanner1', 'url_type', '文章アクセス方式', '', 1, 1, 100, 'a:3:{s:7:"options";s:45:"1|静态访问,2|动态访问 ,3|继承栏目";s:9:"form_type";s:5:"radio";s:7:"default";s:1:"3";}', '', '0', '', '', 0, '', 0, 1, 0, 0),
(122, 9, 1, 'number', 1, 'rbanner1', 'arc_sort', 'ソート', '', 1, 1, 100, 'a:5:{s:10:"field_type";s:9:"mediumint";s:11:"num_integer";s:1:"6";s:11:"num_decimal";s:1:"2";s:4:"size";s:3:"150";s:7:"default";s:3:"100";}', '', '0', '', '', 0, '', 0, 0, 0, 0),
(123, 9, 0, 'input', 1, 'rbanner1', 'keywords', 'キーワード', '', 1, 1, 18, 'a:3:{s:4:"size";s:3:"300";s:7:"default";s:0:"";s:8:"ispasswd";s:1:"0";}', '', '0', '', '', 0, '', 0, 1, 0, 0),
(124, 9, 0, 'textarea', 1, 'rbanner1', 'description', '説明', '', 1, 1, 19, 'a:3:{s:5:"width";s:3:"500";s:6:"height";s:3:"100";s:7:"default";s:0:"";}', '', '0', '', '', 0, '', 0, 1, 0, 1),
(125, 9, 0, 'content', 2, 'rbanner1_data', 'content', '本文', '', 1, 1, 14, '', '', '0', '', '', 0, '', 0, 1, 0, 1),
(126, 9, 0, 'number', 1, 'rbanner1', 'click', 'クリック数', '', 1, 1, 100, 'a:4:{s:11:"num_integer";s:1:"6";s:11:"num_decimal";s:1:"2";s:4:"size";s:3:"150";s:7:"default";s:3:"100";}', '', '0', '', '', 0, '', 0, 0, 0, 0),
(127, 9, 0, 'number', 1, 'rbanner1', 'read_credits', '閲読金貨', '', 1, 0, 100, 'a:5:{s:10:"field_type";s:8:"smallint";s:11:"num_integer";s:1:"6";s:11:"num_decimal";s:1:"2";s:4:"size";s:3:"150";s:7:"default";s:1:"0";}', '', '0', '', '/^[0-9-]+$/', 0, '', 0, 0, 0, 0),
(128, 9, 1, 'exterior', 1, 'rbanner1', 'webid', '站点选择', '', 1, 0, 3, 'a:6:{s:5:"table";s:7:"weblist";s:2:"pk";s:2:"id";s:5:"showf";s:7:"webname";s:5:"showt";s:12:"站点名称";s:8:"wherestr";s:0:"";s:11:"select_type";s:6:"single";}', '', '0', '', '', 0, '', 0, 1, 0, 0),
(129, 9, 1, 'image', 1, 'rbanner1', 'main_image', '图片', '1010*208', 1, 0, 5, 'a:3:{s:20:"upload_img_max_width";s:4:"1010";s:21:"upload_img_max_height";s:3:"208";s:10:"thumb_type";s:1:"5";}', '', '0', '', '', 0, '', 0, 1, 0, 0),
(130, 9, 1, 'input', 1, 'rbanner1', 'url', '链接地址', '', 1, 0, 6, 'a:3:{s:4:"size";s:3:"700";s:7:"default";s:0:"";s:8:"ispasswd";s:1:"0";}', '', '0', '', '', 0, '', 0, 1, 0, 0),
(131, 10, 1, 'title', 1, 'rbanner2', 'title', '标题', '', 1, 1, 1, 'a:2:{s:4:"size";s:3:"300";s:7:"default";s:0:"";}', '', '0', '100', '', 1, '', 0, 1, 1, 1),
(132, 10, 0, 'input', 1, 'rbanner2', 'html_path', 'htmlファイル名', '', 1, 1, 100, 'a:3:{s:4:"size";s:3:"300";s:7:"default";s:0:"";s:8:"ispasswd";s:1:"0";}', '', '0', '', '', 0, '', 0, 1, 0, 0),
(133, 10, 0, 'flag', 1, 'rbanner2', 'flag', '属性', '', 1, 1, 12, '', '', '0', '', '', 0, '', 0, 1, 1, 0),
(134, 10, 0, 'input', 1, 'rbanner2', 'seo_title', 'SEOタイトル', '', 1, 1, 13, 'a:3:{s:4:"size";s:3:"300";s:7:"default";s:0:"";s:8:"ispasswd";s:1:"0";}', '', '0', '', '', 0, '', 0, 1, 0, 0),
(135, 10, 0, 'thumb', 1, 'rbanner2', 'thumb', 'サムネイル', '', 1, 1, 20, '', '', '0', '', '', 0, '', 0, 0, 0, 1),
(136, 10, 1, 'cid', 1, 'rbanner2', 'cid', '分类', '', 1, 1, 2, '', '', '0', '', '', 0, '', 0, 1, 0, 1),
(137, 10, 0, 'input', 1, 'rbanner2', 'source', '来源', '', 1, 1, 26, 'a:3:{s:4:"size";s:3:"150";s:7:"default";s:0:"";s:8:"ispasswd";s:1:"0";}', '', '0', '', '', 0, '', 0, 0, 0, 0),
(138, 10, 0, 'input', 1, 'rbanner2', 'redirecturl', '遷移リンク', '', 1, 1, 21, 'a:3:{s:4:"size";s:3:"150";s:7:"default";s:0:"";s:8:"ispasswd";s:1:"0";}', '', '0', '', '/^http:///', 0, '', 0, 0, 0, 0),
(139, 10, 0, 'box', 1, 'rbanner2', 'allowreply', '返信許可', '', 1, 1, 23, 'a:3:{s:7:"options";s:12:"1| 是,2|否";s:9:"form_type";s:5:"radio";s:7:"default";s:1:"1";}', '', '0', '', '', 0, '', 0, 0, 0, 0),
(140, 10, 1, 'datetime', 1, 'rbanner2', 'addtime', '创建时间', '', 1, 1, 25, 'a:1:{s:6:"format";s:1:"1";}', '', '0', '', '', 0, '', 0, 0, 0, 0),
(141, 10, 0, 'template', 1, 'rbanner2', 'template', 'テンプレート', '', 1, 1, 100, '', '', '0', '', '', 0, '', 0, 1, 0, 0),
(142, 10, 0, 'tag', 1, 'rbanner2', 'tag', 'tag', '', 1, 1, 17, 'a:3:{s:4:"size";s:3:"300";s:7:"default";s:0:"";s:8:"ispasswd";s:1:"0";}', '', '0', '', '', 0, '', 0, 1, 0, 0),
(143, 10, 0, 'box', 1, 'rbanner2', 'url_type', '文章アクセス方式', '', 1, 1, 100, 'a:3:{s:7:"options";s:45:"1|静态访问,2|动态访问 ,3|继承栏目";s:9:"form_type";s:5:"radio";s:7:"default";s:1:"3";}', '', '0', '', '', 0, '', 0, 1, 0, 0),
(144, 10, 1, 'number', 1, 'rbanner2', 'arc_sort', '排序', '', 1, 1, 100, 'a:4:{s:11:"num_integer";s:1:"6";s:11:"num_decimal";s:1:"2";s:4:"size";s:3:"150";s:7:"default";s:3:"100";}', '', '0', '', '', 0, '', 0, 0, 0, 0),
(145, 10, 0, 'input', 1, 'rbanner2', 'keywords', 'キーワード', '', 1, 1, 18, 'a:3:{s:4:"size";s:3:"300";s:7:"default";s:0:"";s:8:"ispasswd";s:1:"0";}', '', '0', '', '', 0, '', 0, 1, 0, 0),
(146, 10, 0, 'textarea', 1, 'rbanner2', 'description', '説明', '', 1, 1, 19, 'a:3:{s:5:"width";s:3:"500";s:6:"height";s:3:"100";s:7:"default";s:0:"";}', '', '0', '', '', 0, '', 0, 1, 0, 1),
(147, 10, 0, 'content', 2, 'rbanner2_data', 'content', '本文', '', 1, 1, 14, '', '', '0', '', '', 0, '', 0, 1, 0, 1),
(148, 10, 0, 'number', 1, 'rbanner2', 'click', 'クリック数', '', 1, 1, 100, 'a:4:{s:11:"num_integer";s:1:"6";s:11:"num_decimal";s:1:"2";s:4:"size";s:3:"150";s:7:"default";s:3:"100";}', '', '0', '', '', 0, '', 0, 0, 0, 0),
(149, 10, 0, 'number', 1, 'rbanner2', 'read_credits', '閲読金貨', '', 1, 0, 100, 'a:5:{s:10:"field_type";s:8:"smallint";s:11:"num_integer";s:1:"6";s:11:"num_decimal";s:1:"2";s:4:"size";s:3:"150";s:7:"default";s:1:"0";}', '', '0', '', '/^[0-9-]+$/', 0, '', 0, 0, 0, 0),
(150, 10, 1, 'exterior', 1, 'rbanner2', 'webid', '站点选择', '', 1, 0, 3, 'a:6:{s:5:"table";s:7:"weblist";s:2:"pk";s:2:"id";s:5:"showf";s:7:"webname";s:5:"showt";s:12:"站点名称";s:8:"wherestr";s:0:"";s:11:"select_type";s:6:"single";}', '', '0', '', '', 0, '', 0, 1, 0, 0),
(151, 10, 1, 'image', 1, 'rbanner2', 'main_image', '图片', '', 1, 0, 4, 'a:3:{s:20:"upload_img_max_width";s:4:"1000";s:21:"upload_img_max_height";s:4:"1000";s:10:"thumb_type";s:1:"5";}', '', '0', '', '', 0, '', 0, 1, 0, 0),
(152, 10, 1, 'input', 1, 'rbanner2', 'url', '链接地址', '', 1, 0, 6, 'a:3:{s:4:"size";s:3:"700";s:7:"default";s:0:"";s:8:"ispasswd";s:1:"0";}', '', '0', '', '', 0, '', 0, 1, 0, 0),
(153, 11, 1, 'title', 1, 'rbanner3', 'title', '标题', '', 1, 1, 1, 'a:2:{s:4:"size";s:3:"300";s:7:"default";s:0:"";}', '', '0', '100', '', 1, '', 0, 1, 1, 1),
(154, 11, 0, 'input', 1, 'rbanner3', 'html_path', 'htmlファイル名', '', 1, 1, 100, 'a:3:{s:4:"size";s:3:"300";s:7:"default";s:0:"";s:8:"ispasswd";s:1:"0";}', '', '0', '', '', 0, '', 0, 1, 0, 0),
(155, 11, 0, 'flag', 1, 'rbanner3', 'flag', '属性', '', 1, 1, 12, '', '', '0', '', '', 0, '', 0, 1, 1, 0),
(156, 11, 0, 'input', 1, 'rbanner3', 'seo_title', 'SEOタイトル', '', 1, 1, 13, 'a:3:{s:4:"size";s:3:"300";s:7:"default";s:0:"";s:8:"ispasswd";s:1:"0";}', '', '0', '', '', 0, '', 0, 1, 0, 0),
(157, 11, 0, 'thumb', 1, 'rbanner3', 'thumb', 'サムネイル', '', 1, 1, 20, '', '', '0', '', '', 0, '', 0, 0, 0, 1),
(158, 11, 1, 'cid', 1, 'rbanner3', 'cid', '分类', '', 1, 1, 2, '', '', '0', '', '', 0, '', 0, 1, 0, 1),
(159, 11, 0, 'input', 1, 'rbanner3', 'source', '来源', '', 1, 1, 26, 'a:3:{s:4:"size";s:3:"150";s:7:"default";s:0:"";s:8:"ispasswd";s:1:"0";}', '', '0', '', '', 0, '', 0, 0, 0, 0),
(160, 11, 0, 'input', 1, 'rbanner3', 'redirecturl', '遷移リンク', '', 1, 1, 21, 'a:3:{s:4:"size";s:3:"150";s:7:"default";s:0:"";s:8:"ispasswd";s:1:"0";}', '', '0', '', '/^http:///', 0, '', 0, 0, 0, 0),
(161, 11, 0, 'box', 1, 'rbanner3', 'allowreply', '返信許可', '', 1, 1, 23, 'a:3:{s:7:"options";s:12:"1| 是,2|否";s:9:"form_type";s:5:"radio";s:7:"default";s:1:"1";}', '', '0', '', '', 0, '', 0, 0, 0, 0),
(162, 11, 1, 'datetime', 1, 'rbanner3', 'addtime', '创建时间', '', 1, 1, 25, 'a:1:{s:6:"format";s:1:"1";}', '', '0', '', '', 0, '', 0, 0, 0, 0),
(163, 11, 0, 'template', 1, 'rbanner3', 'template', 'テンプレート', '', 1, 1, 100, '', '', '0', '', '', 0, '', 0, 1, 0, 0),
(164, 11, 0, 'tag', 1, 'rbanner3', 'tag', 'tag', '', 1, 1, 17, 'a:3:{s:4:"size";s:3:"300";s:7:"default";s:0:"";s:8:"ispasswd";s:1:"0";}', '', '0', '', '', 0, '', 0, 1, 0, 0),
(165, 11, 0, 'box', 1, 'rbanner3', 'url_type', '文章アクセス方式', '', 1, 1, 100, 'a:3:{s:7:"options";s:45:"1|静态访问,2|动态访问 ,3|继承栏目";s:9:"form_type";s:5:"radio";s:7:"default";s:1:"3";}', '', '0', '', '', 0, '', 0, 1, 0, 0),
(166, 11, 1, 'number', 1, 'rbanner3', 'arc_sort', '排序', '', 1, 1, 100, 'a:4:{s:11:"num_integer";s:1:"6";s:11:"num_decimal";s:1:"2";s:4:"size";s:3:"150";s:7:"default";s:3:"100";}', '', '0', '', '', 0, '', 0, 0, 0, 0),
(167, 11, 0, 'input', 1, 'rbanner3', 'keywords', 'キーワード', '', 1, 1, 18, 'a:3:{s:4:"size";s:3:"300";s:7:"default";s:0:"";s:8:"ispasswd";s:1:"0";}', '', '0', '', '', 0, '', 0, 1, 0, 0),
(168, 11, 0, 'textarea', 1, 'rbanner3', 'description', '説明', '', 1, 1, 19, 'a:3:{s:5:"width";s:3:"500";s:6:"height";s:3:"100";s:7:"default";s:0:"";}', '', '0', '', '', 0, '', 0, 1, 0, 1),
(169, 11, 0, 'content', 2, 'rbanner3_data', 'content', '本文', '', 1, 1, 14, '', '', '0', '', '', 0, '', 0, 1, 0, 1),
(170, 11, 0, 'number', 1, 'rbanner3', 'click', 'クリック数', '', 1, 1, 100, 'a:4:{s:11:"num_integer";s:1:"6";s:11:"num_decimal";s:1:"2";s:4:"size";s:3:"150";s:7:"default";s:3:"100";}', '', '0', '', '', 0, '', 0, 0, 0, 0),
(171, 11, 0, 'number', 1, 'rbanner3', 'read_credits', '閲読金貨', '', 1, 0, 100, 'a:5:{s:10:"field_type";s:8:"smallint";s:11:"num_integer";s:1:"6";s:11:"num_decimal";s:1:"2";s:4:"size";s:3:"150";s:7:"default";s:1:"0";}', '', '0', '', '/^[0-9-]+$/', 0, '', 0, 0, 0, 0),
(172, 11, 1, 'exterior', 1, 'rbanner3', 'webid', '站点选择', '', 1, 0, 3, 'a:6:{s:5:"table";s:7:"weblist";s:2:"pk";s:2:"id";s:5:"showf";s:7:"webname";s:5:"showt";s:12:"站点名称";s:8:"wherestr";s:0:"";s:11:"select_type";s:6:"single";}', '', '0', '', '', 0, '', 0, 1, 0, 0),
(173, 11, 1, 'image', 1, 'rbanner3', 'main_image', '图片', '', 1, 0, 4, 'a:3:{s:20:"upload_img_max_width";s:4:"1000";s:21:"upload_img_max_height";s:4:"1000";s:10:"thumb_type";s:1:"5";}', '', '0', '', '', 0, '', 0, 1, 0, 0),
(174, 11, 1, 'input', 1, 'rbanner3', 'url', '链接地址', '', 1, 0, 6, 'a:3:{s:4:"size";s:3:"700";s:7:"default";s:0:"";s:8:"ispasswd";s:1:"0";}', '', '0', '', '', 0, '', 0, 1, 0, 0),
(175, 7, 1, 'textarea', 1, 'test', 'textareatest', 'textareatest', '', 1, 0, 100, 'a:3:{s:5:"width";s:3:"500";s:6:"height";s:3:"100";s:7:"default";s:0:"";}', '', '0', '', '', 0, '', 0, 1, 0, 0),
(176, 7, 1, 'exterior', 1, 'test', 'lines', 'line', '', 1, 0, 100, 'a:6:{s:5:"table";s:4:"line";s:2:"pk";s:2:"id";s:5:"showf";s:8:"linename";s:5:"showt";s:12:"线路名称";s:8:"wherestr";s:0:"";s:11:"select_type";s:8:"multiple";}', '', '0', '', '', 0, '', 0, 1, 0, 0),
(177, 7, 1, 'datetime', 1, 'test', 'test_data', '测试日期', '', 1, 0, 100, 'a:1:{s:6:"format";s:1:"0";}', '', '0', '', '', 0, '', 0, 1, 0, 0),
(178, 9, 1, 'image', 1, 'rbanner1', 'min_image', '小图片', '', 1, 0, 4, 'a:3:{s:20:"upload_img_max_width";s:4:"1000";s:21:"upload_img_max_height";s:4:"1000";s:10:"thumb_type";s:1:"5";}', '', '0', '', '', 0, '', 0, 1, 0, 0);

-- --------------------------------------------------------

--
-- テーブルの構造 `zh_goods`
--

CREATE TABLE IF NOT EXISTS `zh_goods` (
  `goods_id` mediumint(8) unsigned NOT NULL AUTO_INCREMENT COMMENT '商品的自增id',
  `cat_id` smallint(5) unsigned NOT NULL DEFAULT '0' COMMENT '商品所属商品分类id，取值 ecs_category的cat_id',
  `goods_sn` varchar(60) NOT NULL COMMENT '商品的唯一货号',
  `goods_name` varchar(120) NOT NULL COMMENT '商品的名称',
  `goods_name_style` varchar(60) NOT NULL DEFAULT '+' COMMENT '商品名称显示的样式；包括颜色和字体样式；格式如#ff00ff+strong',
  `click_count` int(10) unsigned NOT NULL DEFAULT '0' COMMENT '商品点击数',
  `brand_id` smallint(5) unsigned NOT NULL DEFAULT '0' COMMENT '品牌id，取值于ecs_brand 的 brand_id',
  `provider_name` varchar(100) NOT NULL COMMENT '供货人的名称，程序还没实现该功能',
  `goods_number` smallint(5) unsigned NOT NULL DEFAULT '0' COMMENT '商品库存数量',
  `goods_weight` decimal(10,3) unsigned NOT NULL DEFAULT '0.000' COMMENT '商品的重量，以千克为单位',
  `market_price` decimal(10,2) unsigned NOT NULL DEFAULT '0.00' COMMENT '市场售价',
  `shop_price` decimal(10,2) unsigned NOT NULL DEFAULT '0.00' COMMENT '本店售价',
  `promote_price` decimal(10,2) unsigned NOT NULL DEFAULT '0.00' COMMENT '促销价格',
  `promote_start_date` int(11) unsigned NOT NULL DEFAULT '0' COMMENT '促销价格开始日期',
  `promote_end_date` int(11) unsigned NOT NULL DEFAULT '0' COMMENT '促销价结束日期',
  `warn_number` tinyint(3) unsigned NOT NULL DEFAULT '1' COMMENT '商品报警数量',
  `keywords` varchar(255) NOT NULL COMMENT '商品关键字，放在商品页的关键字中，为搜索引擎收录用',
  `goods_brief` varchar(255) NOT NULL COMMENT '商品的简短描述',
  `goods_desc` text NOT NULL COMMENT '商品的详细描述',
  `goods_thumb` varchar(255) NOT NULL COMMENT '商品在前台显示的微缩图片，如在分类筛选时显示的小图片',
  `goods_img` varchar(255) NOT NULL COMMENT '商品的实际大小图片，如进入该商品页时介绍商品属性所显示的大图片',
  `original_img` varchar(255) NOT NULL COMMENT '应该是上传的商品的原始图片',
  `is_real` tinyint(3) unsigned NOT NULL DEFAULT '1' COMMENT '是否是实物，1，是；0，否；比如虚拟卡就为0，不是实物',
  `extension_code` varchar(30) NOT NULL COMMENT '商品的扩展属性，比如像虚拟卡',
  `is_on_sale` tinyint(1) unsigned NOT NULL DEFAULT '1' COMMENT '该商品是否开放销售，1，是；0，否',
  `is_alone_sale` tinyint(1) unsigned NOT NULL DEFAULT '1' COMMENT '是否能单独销售，1，是；0，否；如果不能单独销售，则只能作为某商品的配件或者赠品销售',
  `is_shipping` tinyint(1) unsigned NOT NULL DEFAULT '0',
  `integral` int(10) unsigned NOT NULL DEFAULT '0' COMMENT '购买该商品可以使用的积分数量，估计应该是用积分代替金额消费；但程序好像还没有实现该功能',
  `add_time` int(10) unsigned NOT NULL DEFAULT '0' COMMENT '商品的添加时间',
  `sort_order` smallint(4) unsigned NOT NULL DEFAULT '100' COMMENT '应该是商品的显示顺序，不过该版程序中没实现该功能',
  `is_delete` tinyint(1) unsigned NOT NULL DEFAULT '0' COMMENT '商品是否已经删除，0，否；1，已删除',
  `is_best` tinyint(1) unsigned NOT NULL DEFAULT '0' COMMENT '是否是精品；0，否；1，是',
  `is_new` tinyint(1) unsigned NOT NULL DEFAULT '0' COMMENT '是否是新品；0，否；1，是',
  `is_hot` tinyint(1) unsigned NOT NULL DEFAULT '0' COMMENT '是否热销，0，否；1，是',
  `is_promote` tinyint(1) unsigned NOT NULL DEFAULT '0' COMMENT '是否特价促销；0，否；1，是',
  `bonus_type_id` tinyint(3) unsigned NOT NULL DEFAULT '0' COMMENT '购买该商品所能领到的红包类型',
  `last_update` int(10) unsigned NOT NULL DEFAULT '0' COMMENT '最近一次更新商品配置的时间',
  `goods_type` smallint(5) unsigned NOT NULL DEFAULT '0' COMMENT '商品所属类型id，取值表 goods_type的cat_id',
  `seller_note` varchar(255) NOT NULL COMMENT '商品的商家备注，仅商家可见',
  `give_integral` int(11) NOT NULL DEFAULT '-1' COMMENT '购买该商品时每笔成功交易赠送的积分数量',
  `rank_integral` int(11) NOT NULL DEFAULT '-1',
  `suppliers_id` smallint(5) unsigned DEFAULT NULL,
  `is_check` tinyint(1) unsigned DEFAULT NULL,
  PRIMARY KEY (`goods_id`),
  KEY `goods_sn` (`goods_sn`),
  KEY `cat_id` (`cat_id`),
  KEY `last_update` (`last_update`),
  KEY `brand_id` (`brand_id`),
  KEY `goods_weight` (`goods_weight`),
  KEY `promote_end_date` (`promote_end_date`),
  KEY `promote_start_date` (`promote_start_date`),
  KEY `goods_number` (`goods_number`),
  KEY `sort_order` (`sort_order`)
) ENGINE=MyISAM  DEFAULT CHARSET=utf8 AUTO_INCREMENT=37 ;

--
-- テーブルのデータのダンプ `zh_goods`
--

INSERT INTO `zh_goods` (`goods_id`, `cat_id`, `goods_sn`, `goods_name`, `goods_name_style`, `click_count`, `brand_id`, `provider_name`, `goods_number`, `goods_weight`, `market_price`, `shop_price`, `promote_price`, `promote_start_date`, `promote_end_date`, `warn_number`, `keywords`, `goods_brief`, `goods_desc`, `goods_thumb`, `goods_img`, `original_img`, `is_real`, `extension_code`, `is_on_sale`, `is_alone_sale`, `is_shipping`, `integral`, `add_time`, `sort_order`, `is_delete`, `is_best`, `is_new`, `is_hot`, `is_promote`, `bonus_type_id`, `last_update`, `goods_type`, `seller_note`, `give_integral`, `rank_integral`, `suppliers_id`, `is_check`) VALUES
(1, 4, 'ECS000000', 'KD876', '+', 7, 8, '', 1, '0.110', '1665.60', '1388.00', '0.00', 0, 0, 1, 'LG 3g 876 支持 双模 2008年04月 灰色 GSM,850,900,1800,1900', '', '<p>&nbsp;&nbsp;&nbsp;&nbsp;&nbsp;&nbsp;&nbsp;&nbsp; 很多朋友都已经抢先体验了3G网络的可视通话、高速上网等功能。LG KD876手机<span style="font-size: x-large;"><span style="color: rgb(255, 0, 0);"><strong>支持TD-SCDMA/GSM双模单待</strong></span></span>，便于测试初期GSM网络和TD网络之间的切换和共享。</p>\r\n<p>&nbsp;&nbsp;&nbsp;&nbsp;&nbsp;&nbsp; LG KD876手机整体采用银色塑料材质，<strong><span style="font-size: x-large;"><span style="color: rgb(255, 0, 0);">特殊的旋转屏设计是本机的亮点</span></span></strong>，而机身背部的300万像素摄像头也是首发的六款TD-SCDMA手机中配置最高的。LG KD876手机屏幕下方设置有外键盘，该键盘由左/右软键、通话/挂机键、返回键、五维摇杆组成，摇杆灵敏度很高，定位准确。KD876的内键盘由标准12个电话键和三个功能键、一个内置摄像头组成。三个功能键分别为视频通话、MP3、和菜单键，所有按键的手感都比较一般，键程适中，当由于按键排列过于紧密，快速发短信时很容易误按，用户在使用时一定要多加注意。LG KD876手机机身周边的接口设计非常简洁，手机的厚度主要来自屏幕旋转轴的长度，如果舍弃旋屏设计的话，估计<span style="font-size: x-large;"><strong><span style="color: rgb(255, 0, 0);">厚度可以做到10mm以下</span></strong></span>。</p>', 'images/200905/thumb_img/1_thumb_G_1240902890710.jpg', 'images/200905/goods_img/1_G_1240902890755.jpg', 'images/200905/source_img/1_G_1240902890895.gif', 1, '', 1, 1, 0, 13, 1240902890, 100, 0, 1, 1, 1, 0, 0, 1269589545, 9, '', -1, -1, NULL, NULL),
(4, 8, 'ECS000004', '诺基亚N85原装充电器', '+', 0, 1, '', 17, '0.000', '69.60', '58.00', '0.00', 0, 0, 1, '', '', '', 'images/200905/thumb_img/4_thumb_G_1241422402467.jpg', 'images/200905/goods_img/4_G_1241422402722.jpg', 'images/200905/source_img/4_G_1241422402919.jpg', 1, '', 1, 0, 0, 0, 1241422402, 100, 0, 0, 0, 0, 0, 0, 1242110662, 6, '', -1, -1, NULL, NULL),
(3, 8, 'ECS000002', '诺基亚原装5800耳机', '+', 3, 1, '', 24, '0.000', '81.60', '68.00', '0.00', 0, 0, 1, '', '', '', 'images/200905/thumb_img/3_thumb_G_1241422082679.jpg', 'images/200905/goods_img/3_G_1241422082168.jpg', 'images/200905/source_img/3_G_1241422082367.jpg', 1, '', 1, 1, 0, 0, 1241422082, 100, 0, 0, 0, 0, 0, 0, 1241972255, 6, '', -1, -1, NULL, NULL),
(5, 11, 'ECS000005', '索爱原装M2卡读卡器', '+', 5, 7, '', 8, '0.000', '24.00', '20.00', '0.00', 0, 0, 1, '', '', '', 'images/200905/thumb_img/5_thumb_G_1241422518886.jpg', 'images/200905/goods_img/5_G_1241422518773.jpg', 'images/200905/source_img/5_G_1241422518470.jpg', 1, '', 1, 1, 0, 0, 1241422518, 100, 0, 1, 1, 0, 0, 0, 1241972241, 2, '', -1, -1, NULL, NULL),
(6, 11, 'ECS000006', '胜创KINGMAX内存卡', '+', 0, 0, '', 15, '0.000', '50.40', '42.00', '0.00', 0, 0, 1, '', '', '', '', '', '', 1, '', 1, 0, 0, 0, 1241422573, 100, 0, 0, 0, 0, 0, 0, 1241972238, 6, '', -1, -1, NULL, NULL),
(7, 8, 'ECS000007', '诺基亚N85原装立体声耳机HS-82', '+', 0, 1, '', 20, '0.000', '120.00', '100.00', '0.00', 0, 0, 1, '', '', '', 'images/200905/thumb_img/7_thumb_G_1241422785492.jpg', 'images/200905/goods_img/7_G_1241422785856.jpg', 'images/200905/source_img/7_G_1241422785657.jpg', 1, '', 1, 1, 0, 1, 1241422785, 100, 0, 0, 0, 0, 0, 0, 1241972232, 2, '', -1, -1, NULL, NULL),
(8, 3, 'ECS000008', '飞利浦9@9v', '+', 15, 4, '', 1, '0.075', '478.79', '399.00', '385.00', 1241366400, 1417276800, 1, '双模 2008年春 黑色 直板 中低档', '', '<p align="left">作为一款性价比极高的入门级<font size="3" color="#ff0000"><strong>商务手机</strong></font>，飞利浦<a href="mailto:9@9v">Xenium&nbsp; 9@9v</a>三围大小为105&times;44&times;15.8mm，机身重量仅为<strong><font size="3" color="#ff0000">75g</font></strong>，装配了一块低规格1.75英寸128&times;160像素65000色CSTN显示屏。身正面采用月银色功能键区与屏幕数字键区相分隔，键盘设计较为<font size="3"><strong><font color="#ff0000">别</font><font color="#ff0000">致</font></strong></font>，中部导航键区采用钛金色的&ldquo;腰带&rdquo;彰显出浓郁的商务气息。</p>\r\n<p align="left">&nbsp;</p>\r\n<p align="left">此款手机采用<strong><font size="3" color="#ff0000">触摸屏</font></strong>设计，搭配精致的手写笔，可支持手写中文和英文两个版本。增强的内置系统还能识别潦草字迹，确保在移动中和匆忙时输入文字的识别率。手写指令功能还支持特定图案的瞬间调用，独特的手写记事本功能，可以在触摸屏上随意绘制个性化的图案并进行<strong><font size="3" color="#ff0000">记事提醒</font></strong>，让商务应用更加随意。</p>\r\n<p align="left">&nbsp;</p>\r\n<p align="left">&nbsp;作为入门级为数不多支持<strong><font size="3" color="#ff0000">双卡功能</font></strong>的手机，可以同时插入两张SIM卡，通过菜单随意切换，只需开启漫游自动切换模式，<a href="mailto:9@9V">9@9V</a>在该模式下能够判断网络情况，自动切换适合的手机号。</p>\r\n<p align="left">&nbsp;</p>\r\n<p align="left">&nbsp;</p>', 'images/200905/thumb_img/8_thumb_G_1241425513488.jpg', 'images/200905/goods_img/8_G_1241425513055.jpg', 'images/200905/source_img/8_G_1241425513518.jpg', 1, '', 1, 1, 0, 3, 1241425512, 100, 0, 1, 1, 1, 1, 0, 1269589533, 9, '', -1, -1, NULL, NULL),
(9, 3, 'ECS000009', '诺基亚E66', '+', 30, 1, '', 4, '0.121', '2757.60', '2298.00', '0.00', 0, 0, 1, 'SMS EMS MMS 短消息群发 语音 阅读器 SMS,EMS,MMS,短消息群发语音合成信息阅读器 黑色 白色 滑盖', '', '<p>在机身材质方面，诺基亚E66大量采用金属材质，刨光的金属表面光泽动人，背面的点状效果规则却又不失变化，时尚感总是在不经意间诠释出来，并被人们所感知。E66机身尺寸为<span style="color: rgb(255, 0, 0);"><span style="font-size: larger;"><strong>107.5&times;49.5&times;13.6毫米，重量为121克</strong></span></span>，滑盖的造型竟然比E71还要轻一些。</p>\r\n<p>&nbsp;</p>\r\n<div>诺基亚E66机身正面是<span style="color: rgb(255, 0, 0);"><span style="font-size: larger;"><strong>一块2.4英寸1600万色QVGA分辨率（240&times;320像素）液晶显示屏</strong></span></span>。屏幕上方拥有光线感应元件，能够自适应周 围环境光调节屏幕亮度；屏幕下方是方向功能键区。打开滑盖，可以看到传统的数字键盘，按键的大小、手感、间隔以及键程适中，手感非常舒适。</div>\r\n<div>&nbsp;</div>\r\n<div>诺基亚为E66配备了一颗320万像素自动对焦摄像头，带有LED 闪光灯，支持多种拍照尺寸选择。</div>\r\n<p>&nbsp;</p>', 'images/200905/thumb_img/9_thumb_G_1241511871555.jpg', 'images/200905/goods_img/9_G_1241511871574.jpg', 'images/200905/source_img/9_G_1241511871550.jpg', 1, '', 1, 1, 0, 22, 1241511871, 100, 0, 1, 1, 1, 0, 0, 1269589743, 9, '', -1, -1, NULL, NULL),
(10, 3, 'ECS000010', '索爱C702c', '+', 11, 7, '', 7, '0.000', '1593.60', '1328.00', '1250.00', 1243785600, 1277827200, 1, '2008年05月 GSM,850,900,1800,1900 直板', '', '<p>C702可以说是一种在外观上复古的产物，不仅延续T系列早期的直板造型，而且在屏幕和键盘的组合分布上都继承了前辈的精髓。C702的机身尺寸为106&times;48&times;15.5毫米，重量为105克。此外索尼爱立信为C702融入了<font size="3" color="#ff0000"><strong>三防特性，即防尘、防滑和防水溅</strong></font>，这款新的C702搭载了索尼爱立信经典A200平台，界面布局与W908c、K858c一致，典型的特征就是配备左右软键、中央确定键和通话/挂机键。</p>\r\n<p>索尼爱立信C702配备一块<strong><font size="3" color="#ff0000">2.2英寸26万色TFT液晶显示屏</font></strong>，分辨率为240&times;320像素(QVGA)，显示效果属于目前主流水准。C702可以说是索尼爱立信首批<strong><font size="3" color="#ff0000">内置GPS模块</font></strong>的 手机产品之一，C702的搜星、定位一气呵成，十分精准，误差大约在10米之内。基本上定位后可以将有效卫星数量控制在4&mdash;6颗，可以说可以满足我们的需 要了。C702还提供了&ldquo;影像定位&rdquo;功能，配合内置的AGPS全球定位辅助系统，只须启动Geo-Tagging智能影像定位功能，便可将拍摄地点记录在 照片内，方便用户随时查询。</p>\r\n<p>&nbsp;</p>\r\n<p>作为一款Cyber-shot系列影像手机，索尼爱立信C702在拍照功能方面同样有不俗的表现。并且手机内置的<strong><font size="3" color="#ff0000">320万像素摄像头</font></strong>也 同样在拍照功能上也不错的表现。不仅支持自动聚焦和双LED闪光功能，而且还拥有2倍数码变焦、防红眼、Photo fix优画及场景模式等功能。索尼爱立信C702除了配备的是最大光圈为F3.2的4.2毫米镜头之外，该机也如同门中的旗舰C902一样增加了对脸部有 先自动聚焦功能的支持。</p>\r\n<p>&nbsp;</p>', 'images/200905/thumb_img/10_thumb_G_1242973436403.jpg', 'images/200905/goods_img/10_G_1242973436141.jpg', 'images/200905/source_img/10_G_1242973436172.jpg', 1, '', 1, 1, 0, 13, 1241965622, 100, 0, 0, 0, 1, 1, 0, 1245290333, 9, '', -1, -1, NULL, NULL),
(11, 3, 'ECS000011', '索爱C702c', '+', 0, 7, '', 1, '0.000', '0.00', '1300.00', '0.00', 0, 0, 1, '直板', '', '', '', '', '', 1, '', 0, 1, 0, 0, 1241966951, 100, 1, 0, 0, 0, 0, 0, 1241966960, 7, '', -1, -1, NULL, NULL),
(12, 3, 'ECS000012', '摩托罗拉A810', '+', 17, 2, '', 8, '0.000', '1179.60', '983.00', '960.00', 1241107200, 1255104000, 1, 'SMS EMS MMS pda 摄像 智能 音乐 SMS,EMS,MMS', '', '<p>全机使用的材质除去电池盖部分采用了金属以外，其它均使用了ABS工程塑料作为主材，这款手机的三围是105&times;51&times;14毫米，有着100克的轻量级重量，拿在手中的感觉还是非常不错的。A810手机作为一款<strong><font size="3" color="#ff0000">PDA手机</font></strong>在设计的时候取消了键盘配置，一切数字键都要依靠手机内提供的虚拟键盘进行操作，在手机的左上侧是一个<strong><font size="3" color="#ff0000">3.5mm的标准耳机插口</font></strong>，这种设计可以让用户使用自己习惯或者喜欢的耳机去欣赏音乐。</p>\r\n<p>&nbsp;</p>\r\n<p>这款摩托罗拉A810手机配置了一块<font size="3" color="#ff0000"><strong>26万色的2.2英寸TFT全触摸屏幕</strong></font>，其分辨率达到了主流的QVGA水平（240&times;320像素），摩托罗拉A810采用了内部核心为2.6.10的<strong><font size="3" color="#ff0000">LINUX操作系统</font></strong>，菜单上依然采用传统的9宫格的显示方式，一般手机的名片式电话本只能支持诸如电话、邮件、传真、公司等一些基本信息，而A810手机的电话本除了这些还支持公司地址，配偶信息、子女姓名、上司名称、助手等等，对于一款手机来说，电话本不可谓不强大。A810的<strong><font size="3" color="#ff0000">手写识别能力相当的惊人</font></strong>，对连笔、草书和倒插笔的识别率都相当的高，同时还为左右手设置了不同的书写习惯选择，并支持手写速度的调节。</p>\r\n<p>这款A810手机<strong><font size="3" color="#ff0000">内置的音乐播放功能</font></strong>可以支持MP3、WAV、AMR、AAC等格式的音乐播放，<font size="3" color="#ff0000"><strong>支持后台播放</strong></font>。视频方面，这款A810支持MP4、3GP、H.263格式的播放，视频播放器同样简约，操作方便，这款摩托罗拉A810还内置了6款游戏，每一款都有很高的耐玩性，而且都是支持触摸屏操作的，同时这款手机还内置了<strong><font size="3" color="#ff0000">FM收音机</font></strong>，支持自动搜索，并提供了20个频道供用户存储，不过收音机并不支持后台播放。</p>\r\n<p>&nbsp;</p>', 'images/200905/thumb_img/12_thumb_G_1241965978410.jpg', 'images/200905/goods_img/12_G_1241965978209.jpg', 'images/200905/source_img/12_G_1241965978878.jpg', 1, '', 1, 1, 0, 9, 1245297652, 100, 0, 0, 1, 0, 1, 0, 1245297670, 3, '', -1, -1, NULL, NULL),
(13, 3, 'ECS000013', '诺基亚5320 XpressMusic', '+', 13, 1, '', 8, '0.000', '1573.20', '1311.00', '0.00', 0, 0, 1, '摄像 智能 音乐 蓝色 红色 舒适 直板 中档 2008年07月 黑色 GSM,850,900,1800,1900', '', '<p>诺基亚5320XpressMusic音乐手机采用XpressMusic系列常见的黑红、黑蓝配色方案，而材质方便则选用的是经过<strong><font size="3" color="#ff0000">抛光处理</font></strong>的工程塑料；三围/体重为，为108&times;46&times;15mm/<strong><font size="3" color="#ff0000">90g</font></strong>，手感舒适。</p>\r\n<p>&nbsp;</p>\r\n<p>诺基亚5320采用的是一块可视面积为2.0英寸的<font size="3" color="#ff0000"><strong>1600万色</strong></font>屏幕，分辨率是常见的240&times;320像素（QVGA）。虽然屏幕不是特别大，但效果非常精细，色彩还原不错。</p>\r\n<p>&nbsp;</p>\r\n<p>手机背面，诺基亚为5320XM配备一颗<strong><font size="3" color="#ff0000">200W像素</font></strong>的摄像头，并且带有<strong><font size="3" color="#ff0000">两个LED的补光灯</font></strong>，可以实现拍照、摄像功能，并能通过彩信、邮件方式发送给朋友。</p>\r\n<p>&nbsp;</p>', 'images/200905/thumb_img/13_thumb_G_1241968002527.jpg', 'images/200905/goods_img/13_G_1241968002233.jpg', 'images/200905/source_img/13_G_1241968002732.jpg', 1, '', 1, 1, 0, 13, 1241967762, 100, 0, 0, 0, 1, 0, 0, 1269589198, 9, '', -1, -1, NULL, NULL),
(14, 4, 'ECS000014', '诺基亚5800XM', '+', 6, 1, '', 1, '0.000', '3150.00', '2625.00', '0.00', 0, 0, 1, 'GSM 64和弦 2009年2月 320万摄像头 GPS 直板 工程塑料 支持 2008年10月 黑色', '', '', 'images/200905/thumb_img/14_thumb_G_1241968492116.jpg', 'images/200905/goods_img/14_G_1241968492932.jpg', 'images/200905/source_img/14_G_1241968492305.jpg', 1, '', 1, 1, 0, 26, 1241968492, 100, 0, 0, 0, 1, 0, 0, 1269589186, 9, '', -1, -1, NULL, NULL),
(15, 3, 'ECS000015', '摩托罗拉A810', '+', 8, 2, '', 3, '0.000', '945.60', '788.00', '0.00', 0, 0, 1, '600 直板 工程塑料 蓝牙 视频拍摄 音乐 黑色 白色', '', '', 'images/200905/thumb_img/15_thumb_G_1242973362970.jpg', 'images/200905/goods_img/15_G_1242973362318.jpg', 'images/200905/source_img/15_G_1242973362751.jpg', 1, '', 1, 1, 0, 5, 1241968703, 100, 1, 0, 1, 1, 0, 0, 1245297631, 9, '', -1, -1, NULL, NULL),
(16, 2, 'ECS000016', '恒基伟业G101', '+', 3, 11, '', 0, '0.000', '988.00', '823.33', '0.00', 0, 0, 1, '', '', '', 'images/200905/thumb_img/16_thumb_G_1241968949103.jpg', 'images/200905/goods_img/16_G_1241968949002.jpg', 'images/200905/source_img/16_G_1241968949402.jpg', 1, '', 0, 1, 0, 8, 1241968949, 100, 0, 0, 0, 0, 0, 0, 1245290562, 2, '', -1, -1, NULL, NULL),
(17, 3, 'ECS000017', '夏新N7', '+', 2, 5, '', 1, '0.000', '2760.00', '2300.00', '0.00', 0, 0, 1, '2008年01月 GSM,900,1800,1900,2100 直板 262144万 240×400 像素 SMS,EMS,MMS,超长信息发送,短消息群发 黑色 CDMA', '', '', 'images/200905/thumb_img/17_thumb_G_1241969394587.jpg', 'images/200905/goods_img/17_G_1241969394677.jpg', 'images/200905/source_img/17_G_1241969394844.jpg', 1, '', 1, 1, 0, 23, 1241969394, 100, 0, 1, 0, 1, 0, 0, 1269589169, 9, '', -1, -1, NULL, NULL),
(18, 4, 'ECS000018', '夏新T5', '+', 0, 5, '', 1, '0.000', '3453.60', '2878.00', '0.00', 0, 0, 1, '2008年04月 3G(GSM,900,1800,1900,TD-SCDMA ) 直板 262144万 320×240 像素 是 银色', '', '<p>&nbsp;  TD-SCDMA/GSM两种模式任意切换，中国3G手机先驱，支持大陆特有3G网络，轻松实现可视电话、视频留言、视频会议功能，2.6英寸Q屏，手写、键盘双输入，内置移动证券，支持手机邮箱、手机地图、无驱U盘</p>', '', '', '', 1, '', 1, 1, 0, 28, 1241969533, 100, 1, 0, 0, 0, 0, 0, 1241969533, 2, '', -1, -1, NULL, NULL),
(19, 3, 'ECS000019', '三星SGH-F258', '+', 7, 6, '', 12, '0.000', '1029.60', '858.00', '0.00', 0, 0, 1, '滑盖 GSM 258 时尚 蓝牙 黑色 金色 白色', '从整体来看，三星SGH-F258比较时尚可爱，三围尺寸为94×46×17.5mm，重量为96克，曲线柔和具有玲珑美感\r\n', '<p>从整体来看，三星SGH-F258比较<font size="3" color="#ff0000"><strong>时尚</strong></font>可爱，三围尺寸为94&times;46&times;17.5mm，重量为96克，曲线柔和具有玲珑美感。</p>\r\n<p>&nbsp;</p>\r\n<p>三星F258的前面板整体应用<strong><font size="3" color="#ff0000">镜面效果</font></strong>，2.0英寸显示屏幕略显窄小，导航键与功能键在滑盖滑开之前是前面板的全部控制键，没有挂断和接听键，不过，五向键有<font size="3"><strong><font color="#ff0000">音乐操</font><font color="#ff0000">作</font></strong></font>功能，明确显示了F258音乐手机的定位。</p>\r\n<p>&nbsp;</p>\r\n<p>F258的数字键键区采用了极具金属质感的平板式设计，每颗按键的面积足够大，按键与按键之间的间隔明显，操作起来手感舒适。</p>', 'images/200905/thumb_img/19_thumb_G_1241970175208.jpg', 'images/200905/goods_img/19_G_1241970175091.jpg', 'images/200905/source_img/19_G_1241970175549.jpg', 1, '', 1, 1, 0, 8, 1241970139, 100, 0, 1, 1, 1, 0, 0, 1269589154, 9, '', -1, -1, NULL, NULL),
(20, 3, 'ECS000020', '三星BC01', '+', 14, 6, '', 12, '0.000', '336.00', '280.00', '238.00', 1241884800, 1251648000, 1, 'GSM 直板 40和弦 金属材质 2008年07月 黑色 GSM,900,1800,1900,2100', '', '', 'images/200905/thumb_img/20_thumb_G_1242106490058.jpg', 'images/200905/goods_img/20_G_1242106490663.jpg', 'images/200905/source_img/20_G_1242106490922.jpg', 1, '', 1, 1, 0, 2, 1241970417, 100, 0, 1, 1, 1, 1, 0, 1269589110, 9, '', -1, -1, NULL, NULL),
(21, 3, 'ECS000021', '金立 A30', '+', 4, 10, '', 40, '0.000', '2400.00', '2000.00', '0.00', 0, 0, 1, '2008年03月 GSM,900,1800,1900,2100 直板 1600万 240×400 像素 2007年12月 200万摄像头 黑色', '', '<p>&nbsp;</p>\r\n<p align="left"><span style="font-size: medium;"><font size="3">标准配置: 标准锂电池两块,充电器两个,立体声耳机一个,数据线,说明书送256TF</font></span></p>\r\n<p align="left"><span style="font-size: medium;"><font size="3">通讯功能&nbsp; 输入法 短信功能 话机通讯录 通话记录</font></span></p>\r\n<p align="left"><span style="font-size: medium;"><font size="3">输入法: 中文输入法</font></span></p>\r\n<p align="left"><span style="font-size: medium;"><font size="3">短信功能: 支持短信300条和彩信100条</font></span></p>\r\n<p align="left"><span style="font-size: medium;"><font size="3">话机通讯录: 1000组名片式电话存储 来电防火墙功能&nbsp; 来电大头贴及来电铃声识别</font></span></p>\r\n<p align="left"><span style="font-size: medium;"><font size="3">通话记录：支持电话录音,恢复/静音,双音多频,免提</font></span></p>\r\n<p>&nbsp;</p>\r\n<p><font size="3">高级功能</font></p>\r\n<p align="left"><span style="font-size: medium;"><font size="3">多媒体娱乐: 200万像素，最大支持10240*960，11级数码变焦,多种效果设置,连拍可全屏查看拍摄或下载的图片.支持有声MP4短片拍摄，录像时间根据内存 大小而定，拍摄录像,TV电视可跟朋友家人一起分享。支持网络摄像头功能 支持MPEG4、3GP(H.263)等视频格式 支持MP3等音频格式播放， 支持歌词播放</font></span></p>\r\n<p align="left"><span style="font-size: medium;"><font size="3">内置游戏:智能拼图</font></span></p>\r\n<p align="left"><span style="font-size: medium;"><font size="3">扩展存储功能:支持TF扩展,支持U盘功能,本机内置1M,随机赠送256TF卡</font></span></p>\r\n<p align="left"><span style="font-size: medium;"><font size="3">高级功能:直板/智能PDA手写/键盘输入 超长待机 WAP上网&nbsp; 录音 蓝牙 FM收音机 电子书 Java扩展 TV电视输出 声控语音拨号 免费电视 来电防火墙&nbsp;&nbsp;&nbsp;</font></span></p>\r\n<p align="left"><span style="font-size: medium;"><font size="3">附加功能: 日历 计算器 闹钟 记事本 日程表 秒表 单位换算</font></span></p>\r\n<p><span style="font-size: medium;"><font size="3">提醒 以上性能均为本公司员工试机后所写,产品资料仅供参考,请以收到实物为准</font></span></p>', 'images/200905/thumb_img/21_thumb_G_1242109298150.jpg', 'images/200905/goods_img/21_G_1242109298873.jpg', 'images/200905/source_img/21_G_1242109298831.jpg', 1, '', 1, 1, 0, 20, 1241970634, 100, 0, 0, 0, 0, 0, 0, 1269589102, 9, '', -1, -1, NULL, NULL),
(22, 3, 'ECS000022', '多普达Touch HD', '+', 19, 3, '', 1, '0.000', '7198.80', '5999.00', '0.00', 0, 0, 1, '500万摄像头 蓝牙 手写 GPS 办公应用 语音拨号 2008年12月 黑色 GSM,850,900,1800,1900 直板', '', '<p><img src="http://xgone.xgou.com/xgoumanage/upload/20090325/2009032502045081100887.jpg" alt="" /></p>\r\n<p>&nbsp;</p>\r\n<p><img src="http://www.ouku.com/upimg/ouku/Image/002(1).jpg" alt="" /></p>\r\n<p>&nbsp;</p>\r\n<p>&nbsp;</p>', 'images/200905/thumb_img/22_thumb_G_1241971076803.jpg', 'images/200905/goods_img/22_G_1241971076358.jpg', 'images/200905/source_img/22_G_1241971076130.jpg', 1, '', 1, 1, 0, 59, 1241971076, 100, 0, 1, 1, 0, 0, 0, 1269589090, 9, '', -1, -1, NULL, NULL),
(23, 5, 'ECS000023', '诺基亚N96', '+', 21, 1, '', 8, '0.000', '4440.00', '3700.00', '0.00', 0, 0, 1, '500万摄像头 microSD 工程塑料 蓝牙 数码相机 内置游戏 滑盖 高档 2008年09月 320×240 像素 黑色', '', '<p>诺基亚N96采用了<strong><font size="3" color="#ff0000">双向滑盖</font></strong>设计，机身整体呈灰黑色，沉稳、大气，机身材质采用了高强度的塑料材质，手机背面采用了抛光面板的设计风格。N96三维体积103*55*20mm，重量为125g。屏幕方面，诺基亚N96配备一块<strong><font size="3" color="#ff0000">2.8英寸</font></strong>的屏幕，支持<strong><font size="3" color="#ff0000">1670万色</font></strong>显示，分辨率达到QVGA（320&times;240）水准。</p>\r\n<p><img alt="" src="file:///C:/DOCUME~1/user/LOCALS~1/Temp/moz-screenshot.jpg" /></p>\r\n<p>&nbsp;</p>\r\n<p>&nbsp;<img src="http://img2.zol.com.cn/product/21/896/ceN6LBMCid3X6.jpg" alt="" /></p>\r\n<p>诺基亚N96设置有专门的<strong><font size="3" color="#ff0000">音乐播放键</font></strong>和标准的3.5毫米音频插口，支持多格式音乐播放。内置了<strong><font size="3" color="#ff0000">多媒体播放器</font></strong>，支持FM调频收音机等娱乐功能。N96手机支持<strong><font size="3" color="#ff0000">N-Gage游戏平台</font></strong>，内置包括<font size="3" color="#ff0000"><strong>《PinBall》完整版</strong></font>在内的四款N-Gage游戏，除了手机本身内置的游戏，还可以从N-Gage的网站下载或者购买最新的游戏，而且可以在论坛里和其他玩家一起讨论。</p>\r\n<p><img src="http://img2.zol.com.cn/product/21/898/cekkw57qJjSI.jpg" alt="" /></p>\r\n<p>&nbsp;</p>', 'images/200905/thumb_img/23_thumb_G_1241971556399.jpg', 'images/200905/goods_img/23_G_1241971556855.jpg', 'images/200905/source_img/23_G_1241971556256.jpg', 1, '', 1, 1, 0, 37, 1241971488, 100, 0, 1, 1, 0, 0, 0, 1269589078, 9, '', -1, -1, NULL, NULL),
(24, 3, 'ECS000024', 'P806', '+', 37, 9, '', 100, '0.000', '2400.00', '2000.00', '1850.00', 1243785600, 1277827200, 1, '旅行充电器 图形菜单 Wap 上网 红外接口 移动 MSN 支持 2008年06月 灰色', '', '<div>\r\n<div>\r\n<div><font size="4">规格参数</font></div>\r\n<p><font size="4"><span>上市时间：</span><span>2008年06月</span></font></p>\r\n<p><font size="4"><span>网络频率：</span><span>GSM/GPRS；900/1800MHz</span></font></p>\r\n<p><font size="4"><span>重　量　：</span><span>未知</span></font></p>\r\n<p><font size="4"><span>尺寸/体积：</span><span>未知</span></font></p>\r\n<p><font size="4"><span>可选颜色：</span><span>银色</span></font></p>\r\n<p><font size="4"><span>屏幕参数：</span><span>26万色TFT彩色屏幕；</span></font></p>\r\n<p><font size="4"><span>WAP上网：</span><span>支持飞笺</span></font></p>\r\n<p><font size="4"><span>基本配置:<em><strong><font size="5" color="#ff00ff">二电(1760毫安) 一充 数据线 耳机 手写笔 512M内存卡</font></strong></em></span></font></p>\r\n<p>&nbsp;</p>\r\n</div>\r\n</div>\r\n<div><font size="4">基本功能</font></div>\r\n<p><font size="4"><span>『时钟』</span><span>『内置振动』</span><span>『录音』</span><span>『可选铃声』</span></font></p>\r\n<p><font size="4"><span>『和弦铃声』</span><span>『MP3铃声』</span><span>『来电铃声识别』</span><span>『来电图片识别』</span></font></p>\r\n<p><font size="4"><span>『情景模式』</span><span>『待机图片』</span><span>『图形菜单』</span><span>『触摸屏』</span></font></p>\r\n<p><span><font size="4">『手写输入』</font></span></p>\r\n<div><font size="4">通信功能</font></div>\r\n<p><font size="4"><span>『双卡双待』</span><span>『内置天线』</span><span>『输入法』</span><span>『中文短信』</span></font></p>\r\n<p><font size="4"><span>『短信群发』</span><span>『多媒体短信』</span><span>『话机通讯录』</span><span>『通话记录』</span></font></p>\r\n<p><font size="4"><span>『免提通话』</span><span>『飞行模式』</span></font></p>\r\n<div><font size="4">多媒体娱乐 :支持3GP、MP4文件播放</font></div>\r\n<p><font size="4"><span>『视频播放』</span><span>『MP3播放器』</span></font></p>\r\n<p><font size="4"><span>多媒体卡扩展：</span><span>支持microSD卡扩展&nbsp;</span></font></p>\r\n<p><font size="4"><span>摄像头：</span><span>内置</span></font></p>\r\n<p><font size="4"><span>摄像头像素：</span><span>30万像素</span></font></p>\r\n<p><font size="4"><span>传感器类型：</span><span>CMOS</span></font></p>\r\n<p><font size="4"><span>变焦模式：</span><span>数码变焦</span></font></p>\r\n<p><font size="4"><span>照片分辨率：</span><span>多种照片分辨率选择</span></font></p>\r\n<p><font size="4"><span>拍摄模式：</span><span>多种拍摄模式选择</span></font></p>\r\n<p><font size="4"><span>照片质量：</span><span>多种照片质量选择</span></font></p>\r\n<p><font size="4"><span>视频拍摄：</span><span>有声视频拍摄</span></font></p>\r\n<div><font size="4">数据传输</font></div>\r\n<p><font size="4"><span>『WAP浏览器』</span><span>『数据线接口』</span></font></p>\r\n<div><font size="4">个人助理</font></div>\r\n<p><font size="4"><span>『闹钟』</span><span>『日历』</span><span>『计算器』</span></font></p>', 'images/200905/thumb_img/24_thumb_G_1241971981429.jpg', 'images/200905/goods_img/24_G_1241971981284.jpg', 'images/200905/source_img/24_G_1241971981107.jpg', 1, '', 1, 1, 0, 20, 1241971981, 100, 0, 1, 1, 1, 1, 0, 1269589064, 9, '', -1, -1, NULL, NULL),
(25, 13, 'ECS000025', '小灵通/固话50元充值卡', '+', 0, 0, '', 2, '0.000', '57.59', '48.00', '0.00', 0, 0, 1, '', '', '', 'images/200905/thumb_img/25_thumb_G_1241972709885.jpg', 'images/200905/goods_img/25_G_1241972709544.jpg', 'images/200905/source_img/25_G_1241972709750.jpg', 0, 'virtual_card', 1, 1, 0, 0, 1241972709, 100, 0, 1, 0, 1, 0, 0, 1245047546, 0, '', -1, -1, NULL, NULL),
(26, 13, 'ECS000026', '小灵通/固话20元充值卡', '+', 0, 0, '', 2, '0.000', '22.80', '19.00', '0.00', 0, 0, 1, '', '', '', 'images/200905/thumb_img/26_thumb_G_1241972789393.jpg', 'images/200905/goods_img/26_G_1241972789293.jpg', 'images/200905/source_img/26_G_1241972789353.jpg', 0, 'virtual_card', 1, 1, 0, 0, 1241972789, 100, 0, 0, 0, 1, 0, 0, 1245047540, 0, '', -1, -1, NULL, NULL),
(27, 15, 'ECS000027', '联通100元充值卡', '+', 0, 0, '', 2, '0.000', '100.00', '95.00', '0.00', 0, 0, 1, '', '', '', 'images/200905/thumb_img/27_thumb_G_1241972894068.jpg', 'images/200905/goods_img/27_G_1241972894061.jpg', 'images/200905/source_img/27_G_1241972894069.jpg', 0, 'virtual_card', 1, 1, 0, 0, 1241972894, 100, 0, 1, 1, 1, 0, 0, 1245047557, 0, '', -1, -1, NULL, NULL),
(28, 15, 'ECS000028', '联通50元充值卡', '+', 0, 0, '', 0, '0.000', '50.00', '45.00', '0.00', 0, 0, 1, '', '', '', 'images/200905/thumb_img/28_thumb_G_1241972976986.jpg', 'images/200905/goods_img/28_G_1241972976313.jpg', 'images/200905/source_img/28_G_1241972976695.jpg', 0, 'virtual_card', 1, 1, 0, 0, 1241972976, 100, 0, 0, 0, 1, 0, 0, 1245047542, 0, '', -1, -1, NULL, NULL),
(29, 14, 'ECS000029', '移动100元充值卡', '+', 0, 0, '', 0, '0.000', '0.00', '90.00', '0.00', 0, 0, 1, '', '', '', 'images/200905/thumb_img/29_thumb_G_1241973022239.jpg', 'images/200905/goods_img/29_G_1241973022206.jpg', 'images/200905/source_img/29_G_1241973022514.jpg', 0, 'virtual_card', 1, 1, 0, 0, 1241973022, 100, 0, 1, 0, 1, 0, 0, 1245047543, 0, '', -1, -1, NULL, NULL),
(30, 14, 'ECS000030', '移动20元充值卡', '+', 1, 0, '', 9, '0.000', '21.00', '18.00', '0.00', 0, 0, 1, '', '', '', 'images/200905/thumb_img/30_thumb_G_1241973114800.jpg', 'images/200905/goods_img/30_G_1241973114234.jpg', 'images/200905/source_img/30_G_1241973114587.jpg', 0, 'virtual_card', 1, 1, 0, 0, 1241973114, 100, 0, 1, 0, 1, 0, 0, 1245047549, 0, '', -1, -1, NULL, NULL),
(31, 3, 'ECS000031', '摩托罗拉E8 ', '+', 5, 2, '', 1, '0.000', '1604.39', '1337.00', '0.00', 0, 0, 1, '直板', '', '', 'images/200905/thumb_img/31_thumb_G_1242110412996.jpg', 'images/200905/goods_img/31_G_1242110412332.jpg', 'images/200905/source_img/31_G_1242110412519.jpg', 1, '', 0, 1, 0, 13, 1242110412, 100, 0, 0, 0, 0, 0, 0, 1242140652, 7, '', -1, -1, NULL, NULL);
INSERT INTO `zh_goods` (`goods_id`, `cat_id`, `goods_sn`, `goods_name`, `goods_name_style`, `click_count`, `brand_id`, `provider_name`, `goods_number`, `goods_weight`, `market_price`, `shop_price`, `promote_price`, `promote_start_date`, `promote_end_date`, `warn_number`, `keywords`, `goods_brief`, `goods_desc`, `goods_thumb`, `goods_img`, `original_img`, `is_real`, `extension_code`, `is_on_sale`, `is_alone_sale`, `is_shipping`, `integral`, `add_time`, `sort_order`, `is_delete`, `is_best`, `is_new`, `is_hot`, `is_promote`, `bonus_type_id`, `last_update`, `goods_type`, `seller_note`, `give_integral`, `rank_integral`, `suppliers_id`, `is_check`) VALUES
(32, 3, 'ECS000032', '诺基亚N85', '+', 9, 1, '', 4, '0.000', '3612.00', '3010.00', '2750.00', 1243785600, 1417276800, 1, '2008年10月 GSM,850,900,1800,1900 黑色', '', '<p>诺基亚N85参数</p>\r\n<div>&nbsp;</div>\r\n<div>\r\n<table width="100%" cellspacing="1" cellpadding="0" border="0" bgcolor="#c5d7ed">\r\n    <tbody>\r\n        <tr>\r\n            <td bgcolor="#f1f7fc" colspan="2">\r\n            <p><b>基本参数</b></p>\r\n            </td>\r\n        </tr>\r\n        <tr>\r\n            <td width="100" valign="center" bgcolor="#ffffff" align="left">手机昵称</td>\r\n            <td width="450" bgcolor="#ffffff">N85</td>\r\n        </tr>\r\n        <tr>\r\n            <td width="100" valign="center" bgcolor="#ffffff" align="left">上市日期</td>\r\n            <td width="450" bgcolor="#ffffff">2008年10月</td>\r\n        </tr>\r\n        <tr>\r\n            <td width="100" valign="center" bgcolor="#ffffff" align="left">手机类型</td>\r\n            <td width="450" bgcolor="#ffffff">3G手机；拍照手机；智能手机</td>\r\n        </tr>\r\n        <tr>\r\n            <td width="100" valign="center" bgcolor="#ffffff" align="left">手机制式</td>\r\n            <td width="450" bgcolor="#ffffff">GSM</td>\r\n        </tr>\r\n        <tr>\r\n            <td width="100" valign="center" bgcolor="#ffffff" align="left">支持频段</td>\r\n            <td width="450" bgcolor="#ffffff">GSM850/900/1800/1900MHz</td>\r\n        </tr>\r\n        <tr>\r\n            <td width="100" valign="center" bgcolor="#ffffff" align="left">数据传输</td>\r\n            <td width="450" bgcolor="#ffffff">GPRS、EDGE</td>\r\n        </tr>\r\n        <tr>\r\n            <td width="100" valign="center" bgcolor="#ffffff" align="left">屏幕材质</td>\r\n            <td width="450" bgcolor="#ffffff">AMOLED</td>\r\n        </tr>\r\n        <tr>\r\n            <td width="100" valign="center" bgcolor="#ffffff" align="left">屏幕色彩</td>\r\n            <td width="450" bgcolor="#ffffff">1600万色</td>\r\n        </tr>\r\n        <tr>\r\n            <td width="100" valign="center" bgcolor="#ffffff" align="left">主屏尺寸</td>\r\n            <td width="450" bgcolor="#ffffff">2.6英寸</td>\r\n        </tr>\r\n        <tr>\r\n            <td width="100" valign="center" bgcolor="#ffffff" align="left">主屏参数</td>\r\n            <td width="450" bgcolor="#ffffff">QVGA 320&times;240像素</td>\r\n        </tr>\r\n        <tr>\r\n            <td width="100" valign="center" bgcolor="#ffffff" align="left">铃音描述</td>\r\n            <td width="450" bgcolor="#ffffff">可选MP3、WAV、AAC或和弦Midi铃声等格式</td>\r\n        </tr>\r\n        <tr>\r\n            <td width="100" valign="center" bgcolor="#ffffff" align="left">操作系统</td>\r\n            <td width="450" bgcolor="#ffffff">Symbian OS v9.3操作系统与S60 v3.2平台的组合</td>\r\n        </tr>\r\n        <tr>\r\n            <td width="100" valign="center" bgcolor="#ffffff" align="left">机身内存</td>\r\n            <td width="450" bgcolor="#ffffff">74MB 内部动态存储空间<br />\r\n            78MB 内置NAND闪存</td>\r\n        </tr>\r\n        <tr>\r\n            <td width="100" valign="center" bgcolor="#ffffff" align="left">存储卡</td>\r\n            <td width="450" bgcolor="#ffffff">支持MicroSD(T-Flash)卡扩展最大至8GB</td>\r\n        </tr>\r\n        <tr>\r\n            <td width="100" valign="center" bgcolor="#ffffff" align="left">电池规格</td>\r\n            <td width="450" bgcolor="#ffffff">1200毫安时锂电池</td>\r\n        </tr>\r\n        <tr>\r\n            <td width="100" valign="center" bgcolor="#ffffff" align="left">标配</td>\r\n            <td width="450" bgcolor="#ffffff">诺基亚 N85<br />\r\n            诺基亚电池（BL-5K）<br />\r\n            诺基亚旅行充电器（AC-10）<br />\r\n            诺基亚视频数据线（CA-75U）<br />\r\n            诺基亚数据线（CA-101）<br />\r\n            诺基亚音乐耳机（HS-45、AD-54）<br />\r\n            诺基亚 8 GB microSD 卡（MU-43）<br />\r\n            《用户手册》<br />\r\n            《快速入门》</td>\r\n        </tr>\r\n        <tr>\r\n            <td width="100" valign="center" bgcolor="#ffffff" align="left">理论通话时间</td>\r\n            <td width="450" bgcolor="#ffffff">6.9 小时</td>\r\n        </tr>\r\n        <tr>\r\n            <td width="100" valign="center" bgcolor="#ffffff" align="left">理论待机时间</td>\r\n            <td width="450" bgcolor="#ffffff">363 小时</td>\r\n        </tr>\r\n        <tr>\r\n            <td bgcolor="#f1f7fc" colspan="2">\r\n            <p><b>产品外形</b></p>\r\n            </td>\r\n        </tr>\r\n        <tr>\r\n            <td width="100" valign="center" bgcolor="#ffffff" align="left">外观设计</td>\r\n            <td width="450" bgcolor="#ffffff">双向滑盖</td>\r\n        </tr>\r\n        <tr>\r\n            <td width="100" valign="center" bgcolor="#ffffff" align="left">产品尺寸</td>\r\n            <td width="450" bgcolor="#ffffff">103&times;50&times;16mm<br />\r\n            体积：76 立方厘米</td>\r\n        </tr>\r\n        <tr>\r\n            <td width="100" valign="center" bgcolor="#ffffff" align="left">手机重量</td>\r\n            <td width="450" bgcolor="#ffffff">128克</td>\r\n        </tr>\r\n        <tr>\r\n            <td width="100" valign="center" bgcolor="#ffffff" align="left">产品天线</td>\r\n            <td width="450" bgcolor="#ffffff">内置</td>\r\n        </tr>\r\n        <tr>\r\n            <td bgcolor="#f1f7fc" colspan="2">\r\n            <p><b>拍照功能</b></p>\r\n            </td>\r\n        </tr>\r\n        <tr>\r\n            <td width="550" valign="center" bgcolor="#ffffff" align="left" style="padding: 8px 0px;" colspan="2">\r\n            <table cellspacing="1" cellpadding="0" border="0" align="left">\r\n                <tbody>\r\n                    <tr>\r\n                        <td width="100" style="padding: 5px 0px 5px 10px;">\r\n                        <table width="100%" cellspacing="1" cellpadding="0" border="0" bgcolor="#c5d7ed">\r\n                            <tbody>\r\n                                <tr>\r\n                                    <td width="100%" bgcolor="#f1f7fc" align="middle" style="padding: 2px; font-weight: bold;">定时器</td>\r\n                                </tr>\r\n                            </tbody>\r\n                        </table>\r\n                        </td>\r\n                        <td width="100" style="padding: 5px 0px 5px 10px;">&nbsp;</td>\r\n                    </tr>\r\n                </tbody>\r\n            </table>\r\n            </td>\r\n        </tr>\r\n        <tr>\r\n            <td width="100" valign="center" bgcolor="#ffffff" align="left">摄像头</td>\r\n            <td width="450" bgcolor="#ffffff">内置</td>\r\n        </tr>\r\n        <tr>\r\n            <td width="100" valign="center" bgcolor="#ffffff" align="left">摄像头像素</td>\r\n            <td width="450" bgcolor="#ffffff">500万像素</td>\r\n        </tr>\r\n        <tr>\r\n            <td width="100" valign="center" bgcolor="#ffffff" align="left">连拍功能</td>\r\n            <td width="450" bgcolor="#ffffff">支持</td>\r\n        </tr>\r\n        <tr>\r\n            <td width="100" valign="center" bgcolor="#ffffff" align="left">LED闪光灯</td>\r\n            <td width="450" bgcolor="#ffffff">双LED 闪光灯</td>\r\n        </tr>\r\n        <tr>\r\n            <td width="100" valign="center" bgcolor="#ffffff" align="left">数码变焦</td>\r\n            <td width="450" bgcolor="#ffffff">20 倍数码变焦</td>\r\n        </tr>\r\n        <tr>\r\n            <td width="100" valign="center" bgcolor="#ffffff" align="left">拍摄模式</td>\r\n            <td width="450" bgcolor="#ffffff">静止、连拍、自动定时器、摄像</td>\r\n        </tr>\r\n        <tr>\r\n            <td width="100" valign="center" bgcolor="#ffffff" align="left">照片特效</td>\r\n            <td width="450" bgcolor="#ffffff">正常、怀旧、黑白、负片、逼真</td>\r\n        </tr>\r\n        <tr>\r\n            <td width="100" valign="center" bgcolor="#ffffff" align="left">拍照描述</td>\r\n            <td width="450" bgcolor="#ffffff">支持最大2592&times;1944分辨率照片拍摄<br />\r\n            支持JPEG、Exif格式<br />\r\n            白平衡模式：自动、阳光、阴天、白炽灯、荧光灯<br />\r\n            感光度模式：高、中、低、自动</td>\r\n        </tr>\r\n        <tr>\r\n            <td width="100" valign="center" bgcolor="#ffffff" align="left">视频拍摄</td>\r\n            <td width="450" bgcolor="#ffffff">最高支持640 x 480 像素（VGA）、30 帧/秒</td>\r\n        </tr>\r\n        <tr>\r\n            <td bgcolor="#f1f7fc" colspan="2">\r\n            <p><b>娱乐功能</b></p>\r\n            </td>\r\n        </tr>\r\n        <tr>\r\n            <td width="550" valign="center" bgcolor="#ffffff" align="left" style="padding: 8px 0px;" colspan="2">\r\n            <table cellspacing="1" cellpadding="0" border="0" align="left">\r\n                <tbody>\r\n                    <tr>\r\n                        <td width="100" style="padding: 5px 0px 5px 10px;">\r\n                        <table width="100%" cellspacing="1" cellpadding="0" border="0" bgcolor="#c5d7ed">\r\n                            <tbody>\r\n                                <tr>\r\n                                    <td width="100%" bgcolor="#f1f7fc" align="middle" style="padding: 2px; font-weight: bold;">收音机</td>\r\n                                </tr>\r\n                            </tbody>\r\n                        </table>\r\n                        </td>\r\n                        <td width="100" style="padding: 5px 0px 5px 10px;">\r\n                        <table width="100%" cellspacing="1" cellpadding="0" border="0" bgcolor="#c5d7ed">\r\n                            <tbody>\r\n                                <tr>\r\n                                    <td width="100%" bgcolor="#f1f7fc" align="middle" style="padding: 2px; font-weight: bold;">TV-OUT</td>\r\n                                </tr>\r\n                            </tbody>\r\n                        </table>\r\n                        </td>\r\n                        <td width="100" style="padding: 5px 0px 5px 10px;">\r\n                        <table width="100%" cellspacing="1" cellpadding="0" border="0" bgcolor="#c5d7ed">\r\n                            <tbody>\r\n                                <tr>\r\n                                    <td width="100%" bgcolor="#f1f7fc" align="middle" style="padding: 2px; font-weight: bold;">录音功能</td>\r\n                                </tr>\r\n                            </tbody>\r\n                        </table>\r\n                        </td>\r\n                        <td width="100" style="padding: 5px 0px 5px 10px;">\r\n                        <table width="100%" cellspacing="1" cellpadding="0" border="0" bgcolor="#c5d7ed">\r\n                            <tbody>\r\n                                <tr>\r\n                                    <td width="100%" bgcolor="#f1f7fc" align="middle" style="padding: 2px; font-weight: bold;">电子书</td>\r\n                                </tr>\r\n                            </tbody>\r\n                        </table>\r\n                        </td>\r\n                        <td width="100" style="padding: 5px 0px 5px 10px;">&nbsp;</td>\r\n                    </tr>\r\n                </tbody>\r\n            </table>\r\n            </td>\r\n        </tr>\r\n        <tr>\r\n            <td width="100" valign="center" bgcolor="#ffffff" align="left">视频播放</td>\r\n            <td width="450" bgcolor="#ffffff">内置RealPlayer播放器, 支持MPEG4、H.264/AVC、H.263/3GP、RealVideo等视频格式全屏播放</td>\r\n        </tr>\r\n        <tr>\r\n            <td width="100" valign="center" bgcolor="#ffffff" align="left">音乐播放</td>\r\n            <td width="450" bgcolor="#ffffff">内置播放器, 支持mp3、.wma、.aac、eAAC、eAAC+格式</td>\r\n        </tr>\r\n        <tr>\r\n            <td width="100" valign="center" bgcolor="#ffffff" align="left">游戏</td>\r\n            <td width="450" bgcolor="#ffffff">内置</td>\r\n        </tr>\r\n        <tr>\r\n            <td width="100" valign="center" bgcolor="#ffffff" align="left">Java功能</td>\r\n            <td width="450" bgcolor="#ffffff">支持Java MIDP 2.0 CLDC 1.1</td>\r\n        </tr>\r\n        <tr>\r\n            <td width="100" valign="center" bgcolor="#ffffff" align="left">Flash功能</td>\r\n            <td width="450" bgcolor="#ffffff">第3.0版Flash lite播放器</td>\r\n        </tr>\r\n        <tr>\r\n            <td bgcolor="#f1f7fc" colspan="2">\r\n            <p><b>数据功能</b></p>\r\n            </td>\r\n        </tr>\r\n        <tr>\r\n            <td width="550" valign="center" bgcolor="#ffffff" align="left" style="padding: 8px 0px;" colspan="2">\r\n            <table cellspacing="1" cellpadding="0" border="0" align="left">\r\n                <tbody>\r\n                    <tr>\r\n                        <td width="100" style="padding: 5px 0px 5px 10px;">\r\n                        <table width="100%" cellspacing="1" cellpadding="0" border="0" bgcolor="#c5d7ed">\r\n                            <tbody>\r\n                                <tr>\r\n                                    <td width="100%" bgcolor="#f1f7fc" align="middle" style="padding: 2px; font-weight: bold;">蓝牙功能</td>\r\n                                </tr>\r\n                            </tbody>\r\n                        </table>\r\n                        </td>\r\n                        <td width="100" style="padding: 5px 0px 5px 10px;">&nbsp;</td>\r\n                    </tr>\r\n                </tbody>\r\n            </table>\r\n            </td>\r\n        </tr>\r\n        <tr>\r\n            <td width="100" valign="center" bgcolor="#ffffff" align="left">数据线接口</td>\r\n            <td width="450" bgcolor="#ffffff">USB数据线 3.5mm立体声耳机插孔</td>\r\n        </tr>\r\n        <tr>\r\n            <td bgcolor="#f1f7fc" colspan="2">\r\n            <p><b>基本功能</b></p>\r\n            </td>\r\n        </tr>\r\n        <tr>\r\n            <td width="550" valign="center" bgcolor="#ffffff" align="left" style="padding: 8px 0px;" colspan="2">\r\n            <table cellspacing="1" cellpadding="0" border="0" align="left">\r\n                <tbody>\r\n                    <tr>\r\n                        <td width="100" style="padding: 5px 0px 5px 10px;">\r\n                        <table width="100%" cellspacing="1" cellpadding="0" border="0" bgcolor="#c5d7ed">\r\n                            <tbody>\r\n                                <tr>\r\n                                    <td width="100%" bgcolor="#f1f7fc" align="middle" style="padding: 2px; font-weight: bold;">短信(SMS)</td>\r\n                                </tr>\r\n                            </tbody>\r\n                        </table>\r\n                        </td>\r\n                        <td width="100" style="padding: 5px 0px 5px 10px;">\r\n                        <table width="100%" cellspacing="1" cellpadding="0" border="0" bgcolor="#c5d7ed">\r\n                            <tbody>\r\n                                <tr>\r\n                                    <td width="100%" bgcolor="#f1f7fc" align="middle" style="padding: 2px; font-weight: bold;">彩信(MMS)</td>\r\n                                </tr>\r\n                            </tbody>\r\n                        </table>\r\n                        </td>\r\n                        <td width="100" style="padding: 5px 0px 5px 10px;">\r\n                        <table width="100%" cellspacing="1" cellpadding="0" border="0" bgcolor="#c5d7ed">\r\n                            <tbody>\r\n                                <tr>\r\n                                    <td width="100%" bgcolor="#f1f7fc" align="middle" style="padding: 2px; font-weight: bold;">免提通话</td>\r\n                                </tr>\r\n                            </tbody>\r\n                        </table>\r\n                        </td>\r\n                        <td width="100" style="padding: 5px 0px 5px 10px;">\r\n                        <table width="100%" cellspacing="1" cellpadding="0" border="0" bgcolor="#c5d7ed">\r\n                            <tbody>\r\n                                <tr>\r\n                                    <td width="100%" bgcolor="#f1f7fc" align="middle" style="padding: 2px; font-weight: bold;">情景模式</td>\r\n                                </tr>\r\n                            </tbody>\r\n                        </table>\r\n                        </td>\r\n                        <td width="100" style="padding: 5px 0px 5px 10px;">\r\n                        <table width="100%" cellspacing="1" cellpadding="0" border="0" bgcolor="#c5d7ed">\r\n                            <tbody>\r\n                                <tr>\r\n                                    <td width="100%" bgcolor="#f1f7fc" align="middle" style="padding: 2px; font-weight: bold;">闹钟功能</td>\r\n                                </tr>\r\n                            </tbody>\r\n                        </table>\r\n                        </td>\r\n                    </tr>\r\n                    <tr>\r\n                        <td width="100" style="padding: 5px 0px 5px 10px;">\r\n                        <table width="100%" cellspacing="1" cellpadding="0" border="0" bgcolor="#c5d7ed">\r\n                            <tbody>\r\n                                <tr>\r\n                                    <td width="100%" bgcolor="#f1f7fc" align="middle" style="padding: 2px; font-weight: bold;">日历功能</td>\r\n                                </tr>\r\n                            </tbody>\r\n                        </table>\r\n                        </td>\r\n                        <td width="100" style="padding: 5px 0px 5px 10px;">&nbsp;</td>\r\n                    </tr>\r\n                </tbody>\r\n            </table>\r\n            </td>\r\n        </tr>\r\n        <tr>\r\n            <td width="100" valign="center" bgcolor="#ffffff" align="left">输入方式</td>\r\n            <td width="450" bgcolor="#ffffff">键盘</td>\r\n        </tr>\r\n        <tr>\r\n            <td width="100" valign="center" bgcolor="#ffffff" align="left">通话记录</td>\r\n            <td width="450" bgcolor="#ffffff">未接来电+已接来电+已拨电话记录</td>\r\n        </tr>\r\n        <tr>\r\n            <td width="100" valign="center" bgcolor="#ffffff" align="left">通讯录</td>\r\n            <td width="450" bgcolor="#ffffff">S60标准化名片式通讯录</td>\r\n        </tr>\r\n        <tr>\r\n            <td bgcolor="#f1f7fc" colspan="2">\r\n            <p><b>网络功能</b></p>\r\n            </td>\r\n        </tr>\r\n        <tr>\r\n            <td width="550" valign="center" bgcolor="#ffffff" align="left" style="padding: 8px 0px;" colspan="2">\r\n            <table cellspacing="1" cellpadding="0" border="0" align="left">\r\n                <tbody>\r\n                    <tr>\r\n                        <td width="100" style="padding: 5px 0px 5px 10px;">\r\n                        <table width="100%" cellspacing="1" cellpadding="0" border="0" bgcolor="#c5d7ed">\r\n                            <tbody>\r\n                                <tr>\r\n                                    <td width="100%" bgcolor="#f1f7fc" align="middle" style="padding: 2px; font-weight: bold;">电子邮件</td>\r\n                                </tr>\r\n                            </tbody>\r\n                        </table>\r\n                        </td>\r\n                        <td width="100" style="padding: 5px 0px 5px 10px;">\r\n                        <table width="100%" cellspacing="1" cellpadding="0" border="0" bgcolor="#c5d7ed">\r\n                            <tbody>\r\n                                <tr>\r\n                                    <td width="100%" bgcolor="#f1f7fc" align="middle" style="padding: 2px; font-weight: bold;">WWW浏览器</td>\r\n                                </tr>\r\n                            </tbody>\r\n                        </table>\r\n                        </td>\r\n                        <td width="100" style="padding: 5px 0px 5px 10px;">\r\n                        <table width="100%" cellspacing="1" cellpadding="0" border="0" bgcolor="#c5d7ed">\r\n                            <tbody>\r\n                                <tr>\r\n                                    <td width="100%" bgcolor="#f1f7fc" align="middle" style="padding: 2px; font-weight: bold;">WAP浏览器</td>\r\n                                </tr>\r\n                            </tbody>\r\n                        </table>\r\n                        </td>\r\n                        <td width="100" style="padding: 5px 0px 5px 10px;">&nbsp;</td>\r\n                    </tr>\r\n                </tbody>\r\n            </table>\r\n            </td>\r\n        </tr>\r\n        <tr>\r\n            <td bgcolor="#f1f7fc" colspan="2">\r\n            <p><b>商务功能</b></p>\r\n            </td>\r\n        </tr>\r\n        <tr>\r\n            <td width="550" valign="center" bgcolor="#ffffff" align="left" style="padding: 8px 0px;" colspan="2">\r\n            <table cellspacing="1" cellpadding="0" border="0" align="left">\r\n                <tbody>\r\n                    <tr>\r\n                        <td width="100" style="padding: 5px 0px 5px 10px;">\r\n                        <table width="100%" cellspacing="1" cellpadding="0" border="0" bgcolor="#c5d7ed">\r\n                            <tbody>\r\n                                <tr>\r\n                                    <td width="100%" bgcolor="#f1f7fc" align="middle" style="padding: 2px; font-weight: bold;">飞行模式</td>\r\n                                </tr>\r\n                            </tbody>\r\n                        </table>\r\n                        </td>\r\n                        <td width="100" style="padding: 5px 0px 5px 10px;">\r\n                        <table width="100%" cellspacing="1" cellpadding="0" border="0" bgcolor="#c5d7ed">\r\n                            <tbody>\r\n                                <tr>\r\n                                    <td width="100%" bgcolor="#f1f7fc" align="middle" style="padding: 2px; font-weight: bold;">语音拨号</td>\r\n                                </tr>\r\n                            </tbody>\r\n                        </table>\r\n                        </td>\r\n                        <td width="100" style="padding: 5px 0px 5px 10px;">\r\n                        <table width="100%" cellspacing="1" cellpadding="0" border="0" bgcolor="#c5d7ed">\r\n                            <tbody>\r\n                                <tr>\r\n                                    <td width="100%" bgcolor="#f1f7fc" align="middle" style="padding: 2px; font-weight: bold;">备忘录</td>\r\n                                </tr>\r\n                            </tbody>\r\n                        </table>\r\n                        </td>\r\n                        <td width="100" style="padding: 5px 0px 5px 10px;">\r\n                        <table width="100%" cellspacing="1" cellpadding="0" border="0" bgcolor="#c5d7ed">\r\n                            <tbody>\r\n                                <tr>\r\n                                    <td width="100%" bgcolor="#f1f7fc" align="middle" style="padding: 2px; font-weight: bold;">日程表</td>\r\n                                </tr>\r\n                            </tbody>\r\n                        </table>\r\n                        </td>\r\n                        <td width="100" style="padding: 5px 0px 5px 10px;">\r\n                        <table width="100%" cellspacing="1" cellpadding="0" border="0" bgcolor="#c5d7ed">\r\n                            <tbody>\r\n                                <tr>\r\n                                    <td width="100%" bgcolor="#f1f7fc" align="middle" style="padding: 2px; font-weight: bold;">世界时间</td>\r\n                                </tr>\r\n                            </tbody>\r\n                        </table>\r\n                        </td>\r\n                    </tr>\r\n                    <tr>\r\n                        <td width="100" style="padding: 5px 0px 5px 10px;">&nbsp;</td>\r\n                    </tr>\r\n                </tbody>\r\n            </table>\r\n            </td>\r\n        </tr>\r\n        <tr>\r\n            <td bgcolor="#f1f7fc" colspan="2">\r\n            <p><b>其他功能</b></p>\r\n            </td>\r\n        </tr>\r\n        <tr>\r\n            <td width="550" valign="center" bgcolor="#ffffff" align="left" style="padding: 8px 0px;" colspan="2">\r\n            <table cellspacing="1" cellpadding="0" border="0" align="left">\r\n                <tbody>\r\n                    <tr>\r\n                        <td width="100" style="padding: 5px 0px 5px 10px;">\r\n                        <table width="100%" cellspacing="1" cellpadding="0" border="0" bgcolor="#c5d7ed">\r\n                            <tbody>\r\n                                <tr>\r\n                                    <td width="100%" bgcolor="#f1f7fc" align="middle" style="padding: 2px; font-weight: bold;">GPS功能</td>\r\n                                </tr>\r\n                            </tbody>\r\n                        </table>\r\n                        </td>\r\n                        <td width="100" style="padding: 5px 0px 5px 10px;">\r\n                        <table width="100%" cellspacing="1" cellpadding="0" border="0" bgcolor="#c5d7ed">\r\n                            <tbody>\r\n                                <tr>\r\n                                    <td width="100%" bgcolor="#f1f7fc" align="middle" style="padding: 2px; font-weight: bold;">电子词典</td>\r\n                                </tr>\r\n                            </tbody>\r\n                        </table>\r\n                        </td>\r\n                        <td width="100" style="padding: 5px 0px 5px 10px;">\r\n                        <table width="100%" cellspacing="1" cellpadding="0" border="0" bgcolor="#c5d7ed">\r\n                            <tbody>\r\n                                <tr>\r\n                                    <td width="100%" bgcolor="#f1f7fc" align="middle" style="padding: 2px; font-weight: bold;">待机图片</td>\r\n                                </tr>\r\n                            </tbody>\r\n                        </table>\r\n                        </td>\r\n                        <td width="100" style="padding: 5px 0px 5px 10px;">\r\n                        <table width="100%" cellspacing="1" cellpadding="0" border="0" bgcolor="#c5d7ed">\r\n                            <tbody>\r\n                                <tr>\r\n                                    <td width="100%" bgcolor="#f1f7fc" align="middle" style="padding: 2px; font-weight: bold;">计算器</td>\r\n                                </tr>\r\n                            </tbody>\r\n                        </table>\r\n                        </td>\r\n                        <td width="100" style="padding: 5px 0px 5px 10px;">\r\n                        <table width="100%" cellspacing="1" cellpadding="0" border="0" bgcolor="#c5d7ed">\r\n                            <tbody>\r\n                                <tr>\r\n                                    <td width="100%" bgcolor="#f1f7fc" align="middle" style="padding: 2px; font-weight: bold;">来电铃声识别</td>\r\n                                </tr>\r\n                            </tbody>\r\n                        </table>\r\n                        </td>\r\n                    </tr>\r\n                    <tr>\r\n                        <td width="100" style="padding: 5px 0px 5px 10px;">\r\n                        <table width="100%" cellspacing="1" cellpadding="0" border="0" bgcolor="#c5d7ed">\r\n                            <tbody>\r\n                                <tr>\r\n                                    <td width="100%" bgcolor="#f1f7fc" align="middle" style="padding: 2px; font-weight: bold;">来电图片识别</td>\r\n                                </tr>\r\n                            </tbody>\r\n                        </table>\r\n                        </td>\r\n                        <td width="100" style="padding: 5px 0px 5px 10px;">\r\n                        <table width="100%" cellspacing="1" cellpadding="0" border="0" bgcolor="#c5d7ed">\r\n                            <tbody>\r\n                                <tr>\r\n                                    <td width="100%" bgcolor="#f1f7fc" align="middle" style="padding: 2px; font-weight: bold;">来电防火墙</td>\r\n                                </tr>\r\n                            </tbody>\r\n                        </table>\r\n                        </td>\r\n                        <td width="100" style="padding: 5px 0px 5px 10px;">\r\n                        <table width="100%" cellspacing="1" cellpadding="0" border="0" bgcolor="#c5d7ed">\r\n                            <tbody>\r\n                                <tr>\r\n                                    <td width="100%" bgcolor="#f1f7fc" align="middle" style="padding: 2px; font-weight: bold;">动画屏保</td>\r\n                                </tr>\r\n                            </tbody>\r\n                        </table>\r\n                        </td>\r\n                        <td width="100" style="padding: 5px 0px 5px 10px;">\r\n                        <table width="100%" cellspacing="1" cellpadding="0" border="0" bgcolor="#c5d7ed">\r\n                            <tbody>\r\n                                <tr>\r\n                                    <td width="100%" bgcolor="#f1f7fc" align="middle" style="padding: 2px; font-weight: bold;">图形菜单</td>\r\n                                </tr>\r\n                            </tbody>\r\n                        </table>\r\n                        </td>\r\n                        <td width="100" style="padding: 5px 0px 5px 10px;">\r\n                        <table width="100%" cellspacing="1" cellpadding="0" border="0" bgcolor="#c5d7ed">\r\n                            <tbody>\r\n                                <tr>\r\n                                    <td width="100%" bgcolor="#f1f7fc" align="middle" style="padding: 2px; font-weight: bold;">秒表</td>\r\n                                </tr>\r\n                            </tbody>\r\n                        </table>\r\n                        </td>\r\n                    </tr>\r\n                    <tr>\r\n                        <td width="100" style="padding: 5px 0px 5px 10px;">\r\n                        <table width="100%" cellspacing="1" cellpadding="0" border="0" bgcolor="#c5d7ed">\r\n                            <tbody>\r\n                                <tr>\r\n                                    <td width="100%" bgcolor="#f1f7fc" align="middle" style="padding: 2px; font-weight: bold;">单位换算</td>\r\n                                </tr>\r\n                            </tbody>\r\n                        </table>\r\n                        </td>\r\n                        <td width="100" style="padding: 5px 0px 5px 10px;">\r\n                        <table width="100%" cellspacing="1" cellpadding="0" border="0">\r\n                            <tbody>\r\n                                <tr>\r\n                                    <td width="100%" align="middle" style="padding: 2px; float: none;">&nbsp;</td>\r\n                                </tr>\r\n                            </tbody>\r\n                        </table>\r\n                        </td>\r\n                    </tr>\r\n                </tbody>\r\n            </table>\r\n            </td>\r\n        </tr>\r\n    </tbody>\r\n</table>\r\n</div>\r\n<p>&nbsp;</p>', 'images/200905/thumb_img/32_thumb_G_1242110760196.jpg', 'images/200905/goods_img/32_G_1242110760868.jpg', 'images/200905/source_img/32_G_1242110760437.jpg', 1, '', 1, 1, 0, 30, 1242110760, 100, 0, 0, 1, 1, 1, 0, 1269589051, 9, '', -1, -1, NULL, NULL),
(36, 3, 'EC000033', '测试商品111', '+', 0, 0, '', 1, '0.000', '0.00', '300.00', '0.00', 0, 0, 1, '111 222 选项1 选项2 ', '', '', 'upload/ec/images/201508/thumb_img/36_thumb_G_1439335868401.jpg', 'upload/ec/images/201508/goods_img/36_G_1439335868893.jpg', 'upload/ec/images/201508/source_img/36_G_1439335868580.jpg', 1, '', 1, 1, 0, 0, 1439335868, 100, 0, 0, 0, 0, 0, 0, 1439431908, 13, '', -1, -1, 0, NULL);

-- --------------------------------------------------------

--
-- テーブルの構造 `zh_goods_activity`
--

CREATE TABLE IF NOT EXISTS `zh_goods_activity` (
  `act_id` mediumint(8) unsigned NOT NULL AUTO_INCREMENT COMMENT '自增ID号',
  `act_name` varchar(255) NOT NULL COMMENT '促销活动的名称',
  `act_desc` text NOT NULL COMMENT '促销活动的描述',
  `act_type` tinyint(3) unsigned NOT NULL COMMENT '0:夺宝奇兵,1:团购,2:拍卖,4:超值礼包',
  `goods_id` mediumint(8) unsigned NOT NULL COMMENT '参加活动的id，取值于ec_goods的goods_id',
  `product_id` mediumint(8) unsigned NOT NULL DEFAULT '0',
  `goods_name` varchar(255) NOT NULL COMMENT '商品的名称，取值于zh_goods的goods_id',
  `start_time` int(10) unsigned NOT NULL COMMENT '活动开始时间',
  `end_time` int(10) unsigned NOT NULL COMMENT '活动结束时间',
  `is_finished` tinyint(3) unsigned NOT NULL COMMENT '活动是否结束，0，结束；1，未结束',
  `ext_info` text NOT NULL COMMENT '序列化后的促销活动的配置信息，包括最低价，最高价，出价幅度，保证金等',
  PRIMARY KEY (`act_id`),
  KEY `act_name` (`act_name`,`act_type`,`goods_id`)
) ENGINE=MyISAM  DEFAULT CHARSET=utf8 AUTO_INCREMENT=9 ;

--
-- テーブルのデータのダンプ `zh_goods_activity`
--

INSERT INTO `zh_goods_activity` (`act_id`, `act_name`, `act_desc`, `act_type`, `goods_id`, `product_id`, `goods_name`, `start_time`, `end_time`, `is_finished`, `ext_info`) VALUES
(1, '夺宝奇兵之诺基亚N96', '新一轮的夺宝开始了\n本期是 诺基亚n96', 0, 23, 0, '诺基亚N96', 1242107580, 1242193980, 0, 'a:4:{s:11:"start_price";s:4:"1.00";s:9:"end_price";s:6:"800.00";s:9:"max_price";i:0;s:11:"cost_points";s:1:"1";}'),
(2, '夺宝奇兵之夏新N7', '本期的夺宝奖品是 夏新N7', 0, 17, 0, '夏新N7', 1242107820, 1250661420, 0, 'a:4:{s:11:"start_price";s:4:"1.00";s:9:"end_price";s:6:"800.00";s:9:"max_price";i:0;s:11:"cost_points";s:1:"1";}'),
(3, 'P806', '本期团购活动——联想新品P806\n团购买的多优惠多', 1, 24, 0, 'P806', 1241971200, 1242403200, 3, 'a:4:{s:12:"price_ladder";a:3:{i:0;a:2:{s:6:"amount";i:10;s:5:"price";d:1850;}i:1;a:2:{s:6:"amount";i:15;s:5:"price";d:1800;}i:2;a:2:{s:6:"amount";i:20;s:5:"price";d:1780;}}s:15:"restrict_amount";i:0;s:13:"gift_integral";i:0;s:7:"deposit";d:1000;}'),
(4, '拍卖活动——索爱C702c', '', 2, 10, 0, '索爱C702c', 1242144000, 1242403200, 0, 'a:5:{s:7:"deposit";d:0;s:11:"start_price";d:0;s:9:"end_price";i:0;s:9:"amplitude";d:20;s:6:"no_top";i:1;}'),
(5, '摩托罗拉E8 大礼包', '礼包大优惠', 4, 31, 0, '摩托罗拉E8 ', 1242110400, 1252046400, 0, 'a:1:{s:13:"package_price";s:4:"1430";}'),
(6, '诺基亚N85大礼包', '诺基亚N85超值大礼包', 4, 32, 0, '诺基亚N85', 1242110760, 1248936360, 0, 'a:1:{s:13:"package_price";s:4:"3150";}'),
(7, '拍卖活动——索爱C702c(第2期)', '拍卖活动————索爱C702c （第2期）', 2, 10, 0, '索爱C702c', 1241712000, 1274803200, 0, 'a:5:{s:7:"deposit";d:50;s:11:"start_price";d:0;s:9:"end_price";i:0;s:9:"amplitude";d:50;s:6:"no_top";i:1;}'),
(8, 'P806', '团购第2期', 1, 24, 0, 'P806', 1242316800, 1274803200, 0, 'a:4:{s:12:"price_ladder";a:2:{i:0;a:2:{s:6:"amount";i:5;s:5:"price";d:1910;}i:1;a:2:{s:6:"amount";i:10;s:5:"price";d:1860;}}s:15:"restrict_amount";i:0;s:13:"gift_integral";i:0;s:7:"deposit";d:1000;}');

-- --------------------------------------------------------

--
-- テーブルの構造 `zh_goods_article`
--

CREATE TABLE IF NOT EXISTS `zh_goods_article` (
  `goods_id` mediumint(8) unsigned NOT NULL DEFAULT '0' COMMENT '商品id，取自zh_goods的goods_id',
  `article_id` mediumint(8) unsigned NOT NULL DEFAULT '0' COMMENT '文章id，取自 zh_article 的article_id',
  `admin_id` tinyint(3) unsigned NOT NULL DEFAULT '0' COMMENT '猜想是管理员的id，但是程序中似乎没有提及到',
  PRIMARY KEY (`goods_id`,`article_id`,`admin_id`)
) ENGINE=MyISAM DEFAULT CHARSET=utf8;

--
-- テーブルのデータのダンプ `zh_goods_article`
--

INSERT INTO `zh_goods_article` (`goods_id`, `article_id`, `admin_id`) VALUES
(1, 27, 1),
(8, 28, 0),
(9, 8, 1),
(13, 29, 0),
(14, 29, 0),
(14, 31, 0),
(23, 8, 1),
(23, 30, 0),
(23, 31, 0),
(32, 8, 1),
(32, 30, 0),
(36, 29, 1),
(36, 31, 1);

-- --------------------------------------------------------

--
-- テーブルの構造 `zh_goods_attr`
--

CREATE TABLE IF NOT EXISTS `zh_goods_attr` (
  `goods_attr_id` int(10) unsigned NOT NULL AUTO_INCREMENT COMMENT '自增ID号',
  `goods_id` mediumint(8) unsigned NOT NULL DEFAULT '0' COMMENT '该具体属性属于的商品，取值于goods的goods_id',
  `attr_id` smallint(5) unsigned NOT NULL DEFAULT '0' COMMENT '该具体属性属于的属性类型的id，取自attribute 的attr_id',
  `attr_value` text NOT NULL COMMENT '该具体属性的值',
  `attr_price` varchar(255) NOT NULL COMMENT '''该属性对应在商品原价格上要加的价格',
  PRIMARY KEY (`goods_attr_id`),
  KEY `goods_id` (`goods_id`),
  KEY `attr_id` (`attr_id`)
) ENGINE=MyISAM  DEFAULT CHARSET=utf8 AUTO_INCREMENT=247 ;

--
-- テーブルのデータのダンプ `zh_goods_attr`
--

INSERT INTO `zh_goods_attr` (`goods_attr_id`, `goods_id`, `attr_id`, `attr_value`, `attr_price`) VALUES
(238, 1, 173, 'GSM,850,900,1800,1900', '0'),
(237, 1, 185, '灰色', ''),
(236, 1, 191, '支持', '0'),
(235, 1, 190, '支持', '0'),
(234, 1, 189, '2.4英寸', '0'),
(233, 1, 172, '2008年04月', '0'),
(228, 9, 178, '滑盖', '0'),
(227, 9, 185, '白色', '0'),
(226, 9, 185, '黑色', '10'),
(232, 8, 178, '直板', '0'),
(231, 8, 185, '黑色', ''),
(230, 8, 190, '支持', '0'),
(229, 8, 189, '1.75英寸', '0'),
(217, 13, 185, '黑色', ''),
(216, 13, 189, '2.0英寸', '0'),
(215, 13, 172, '2008年07月', '0'),
(225, 10, 178, '直板', '0'),
(221, 13, 178, '直板', '0'),
(222, 10, 172, '2008年05月', '0'),
(223, 10, 189, '2.2英寸', '0'),
(224, 10, 173, 'GSM,850,900,1800,1900', '0'),
(220, 13, 175, '300小时', '0'),
(219, 13, 174, '4小时', '0'),
(212, 14, 172, '2008年10月', '0'),
(213, 14, 185, '黑色', '0'),
(214, 14, 178, '直板', '0'),
(218, 13, 173, 'GSM,850,900,1800,1900', '0'),
(211, 15, 178, '直板', '0'),
(210, 15, 210, '线控耳机', '50'),
(200, 17, 189, '2.8英寸', '0'),
(201, 17, 185, '黑色', ''),
(202, 17, 173, 'CDMA', '0'),
(203, 17, 174, '8小时', '0'),
(204, 17, 175, '300小时', '0'),
(205, 17, 178, '直板', '0'),
(206, 15, 189, '2.2英寸', '0'),
(207, 15, 185, '黑色', ''),
(208, 15, 185, '白色', '20'),
(209, 15, 210, '数据线', '20'),
(196, 19, 185, '黑色', ''),
(197, 19, 185, '金色', '10'),
(198, 19, 185, '白色', '20'),
(199, 19, 178, '滑盖', '0'),
(195, 20, 173, 'GSM,900,1800,1900,2100', '0'),
(193, 20, 172, '2008年07月', '0'),
(194, 20, 185, '黑色', ''),
(187, 21, 180, 'T-Flash', '0'),
(189, 21, 210, '线控耳机', '50'),
(188, 21, 185, '黑色', ''),
(186, 22, 178, '直板', '0'),
(182, 22, 185, '黑色', ''),
(183, 22, 173, 'GSM,850,900,1800,1900', '0'),
(184, 22, 174, '6.5小时', '0'),
(185, 22, 175, '450小时', '0'),
(181, 22, 181, '288MB', '0'),
(180, 22, 180, 'microSD', '0'),
(179, 22, 172, '2008年12月', '0'),
(192, 21, 175, '100小时', '0'),
(191, 21, 174, '2.5小时', '0'),
(178, 23, 178, '滑盖', '0'),
(190, 21, 210, '数据线', '20'),
(176, 23, 174, '2.5小时', '0'),
(177, 23, 175, '200小时', '0'),
(173, 23, 188, '320×240 像素', '0'),
(174, 23, 189, '2.8英寸', '0'),
(175, 23, 185, '黑色', ''),
(172, 23, 182, 'Symbian OS 9.3操作系统', '0'),
(171, 23, 181, '256MB', '0'),
(170, 23, 172, '2008年09月', '0'),
(169, 24, 179, 'SMS', '0'),
(166, 24, 190, '支持', '0'),
(167, 24, 185, '灰色', ''),
(168, 24, 210, '数据线', '20'),
(165, 24, 183, '支持', '0'),
(164, 24, 172, '2008年06月', '0'),
(152, 32, 172, '2008年10月', '0'),
(153, 32, 180, 'MicroSD', '0'),
(154, 32, 181, '78MB', '0'),
(155, 32, 182, 'Symbian OS v9.3', '0'),
(156, 32, 189, '2.6英寸', '0'),
(157, 32, 210, '线控耳机', '50'),
(158, 32, 210, '蓝牙耳机', '100'),
(159, 32, 210, '数据线', '12'),
(160, 32, 173, 'GSM,850,900,1800,1900', '0'),
(161, 32, 174, '6.9 小时', '0'),
(162, 32, 175, '363 小时', '0'),
(163, 32, 185, '黑色', ''),
(239, 10, 185, '黑色', ''),
(240, 10, 185, '白色', ''),
(241, 36, 216, '111  222', '0'),
(242, 36, 215, '选项1', '1'),
(243, 36, 215, '选项2', '2'),
(244, 36, 217, '测试属性2_1', '11'),
(245, 36, 217, '测试属性2_2', '22'),
(246, 36, 217, '测试属性2_3', '33');

-- --------------------------------------------------------

--
-- テーブルの構造 `zh_goods_cat`
--

CREATE TABLE IF NOT EXISTS `zh_goods_cat` (
  `goods_id` mediumint(8) unsigned NOT NULL DEFAULT '0' COMMENT '商品id',
  `cat_id` smallint(5) unsigned NOT NULL DEFAULT '0' COMMENT '商品分类id',
  PRIMARY KEY (`goods_id`,`cat_id`)
) ENGINE=MyISAM DEFAULT CHARSET=utf8 COMMENT='商品的扩展分类';

--
-- テーブルのデータのダンプ `zh_goods_cat`
--

INSERT INTO `zh_goods_cat` (`goods_id`, `cat_id`) VALUES
(8, 2),
(8, 5),
(16, 3),
(16, 5),
(36, 9);

-- --------------------------------------------------------

--
-- テーブルの構造 `zh_goods_category`
--

CREATE TABLE IF NOT EXISTS `zh_goods_category` (
  `cat_id` smallint(5) unsigned NOT NULL AUTO_INCREMENT COMMENT '自增ID号',
  `cat_name` varchar(90) NOT NULL DEFAULT '' COMMENT '分类名称',
  `keywords` varchar(255) NOT NULL DEFAULT '' COMMENT '分类的关键字，可能是为了搜索',
  `cat_desc` varchar(255) NOT NULL DEFAULT '' COMMENT '分类描述',
  `parent_id` smallint(5) unsigned NOT NULL DEFAULT '0' COMMENT '该分类的父id，取值于该表的cat_id字段',
  `sort_order` tinyint(1) unsigned NOT NULL DEFAULT '50' COMMENT '该分类在页面显示的顺序，数字越大顺序越靠后；同数字，id在前的先显示',
  `template_file` varchar(50) NOT NULL DEFAULT '' COMMENT '不确定字段，按名字和表设计猜，应该是该分类的单独模板文件的名字',
  `measure_unit` varchar(15) NOT NULL DEFAULT '' COMMENT '该分类的计量单位',
  `show_in_nav` tinyint(1) NOT NULL DEFAULT '0' COMMENT '是否显示在导航栏，0，不；1，显示在导航栏',
  `style` varchar(150) NOT NULL COMMENT '该分类的单独的样式表的包括文件名部分的文件路径',
  `is_show` tinyint(1) unsigned NOT NULL DEFAULT '1' COMMENT '是否在前台页面显示，1，显示；0，不显示',
  `grade` tinyint(4) NOT NULL DEFAULT '0' COMMENT '该分类的最高和最低价之间的价格分级，当大于1时，会根据最大最小价格区间分成区间，会在页面显示价格范围，如0-300,300-600,600-900这种',
  `filter_attr` varchar(255) NOT NULL DEFAULT '0' COMMENT '如果该字段有值，则该分类将还会按照该值对应在表goods_attr的goods_attr_id所对应的属性筛选，如，封面颜色下有红，黑分类筛选 ',
  PRIMARY KEY (`cat_id`),
  KEY `parent_id` (`parent_id`)
) ENGINE=MyISAM  DEFAULT CHARSET=utf8 COMMENT='商品分类表，记录商品分类信息' AUTO_INCREMENT=24 ;

--
-- テーブルのデータのダンプ `zh_goods_category`
--

INSERT INTO `zh_goods_category` (`cat_id`, `cat_name`, `keywords`, `cat_desc`, `parent_id`, `sort_order`, `template_file`, `measure_unit`, `show_in_nav`, `style`, `is_show`, `grade`, `filter_attr`) VALUES
(1, '手机类型', '', '', 0, 50, '', '', 0, '', 1, 5, '172,185,178'),
(2, 'CDMA手机', '', '', 1, 50, '', '', 0, '', 1, 0, '6'),
(3, 'GSM手机', '', '', 1, 50, '', '台', 1, '', 1, 4, '185,189,173,178'),
(4, '3G手机', '', '', 1, 50, '', '', 1, '', 1, 0, '28'),
(5, '双模手机', '', '', 1, 50, '', '', 0, '', 1, 5, '18'),
(6, '手机配件', '', '', 0, 1, '', '', 1, '', 1, 0, ''),
(7, '充电器', '', '', 6, 50, '', '', 0, '', 1, 0, '0'),
(8, '耳机', '', '', 6, 50, '', '', 0, '', 0, 0, ''),
(9, '电池', '', '', 6, 50, '', '', 0, '', 1, 0, '0'),
(11, '读卡器和内存卡', '', '', 6, 50, '', '', 0, '', 1, 0, '0'),
(12, '充值卡', '', '', 0, 2, '', '', 0, '', 1, 0, ''),
(13, '小灵通/固话充值卡', '', '', 12, 50, '', '', 0, '', 1, 0, '0'),
(14, '移动手机充值卡', '', '', 12, 50, '', '', 0, '', 1, 0, '0'),
(15, '联通手机充值卡', '', '', 12, 50, '', '', 0, '', 1, 0, '0');

-- --------------------------------------------------------

--
-- テーブルの構造 `zh_goods_gallery`
--

CREATE TABLE IF NOT EXISTS `zh_goods_gallery` (
  `img_id` mediumint(8) unsigned NOT NULL AUTO_INCREMENT COMMENT '商品相册自增id',
  `goods_id` mediumint(8) unsigned NOT NULL DEFAULT '0' COMMENT '图片属于商品的id',
  `img_url` varchar(255) NOT NULL COMMENT '实际图片url',
  `img_desc` varchar(255) NOT NULL COMMENT '图片说明信息',
  `thumb_url` varchar(255) NOT NULL COMMENT '微缩图片url',
  `img_original` varchar(255) NOT NULL COMMENT '根据名字猜，应该是上传的图片文件的最原始的文件的url',
  PRIMARY KEY (`img_id`),
  KEY `goods_id` (`goods_id`)
) ENGINE=MyISAM  DEFAULT CHARSET=utf8 AUTO_INCREMENT=47 ;

--
-- テーブルのデータのダンプ `zh_goods_gallery`
--

INSERT INTO `zh_goods_gallery` (`img_id`, `goods_id`, `img_url`, `img_desc`, `thumb_url`, `img_original`) VALUES
(1, 1, 'upload/ec/images/200905/goods_img/1_P_1240902890730.gif', '', 'upload/ec/images/200905/thumb_img/1_thumb_P_1240902890139.jpg', 'upload/ec/images/200905/source_img/1_P_1240902890193.gif'),
(2, 1, 'upload/ec/images/200905/goods_img/1_P_1240904370445.jpg', '', 'upload/ec/images/200905/thumb_img/1_thumb_P_1240904370846.jpg', 'upload/ec/images/200905/source_img/1_P_1240904370647.jpg'),
(3, 1, 'upload/ec/images/200905/goods_img/1_P_1240904371414.jpg', '', 'upload/ec/images/200905/thumb_img/1_thumb_P_1240904371539.jpg', 'upload/ec/images/200905/source_img/1_P_1240904371019.jpg'),
(4, 1, 'upload/ec/images/200905/goods_img/1_P_1240904371355.jpg', '', 'upload/ec/images/200905/thumb_img/1_thumb_P_1240904371335.jpg', 'upload/ec/images/200905/source_img/1_P_1240904371118.jpg'),
(5, 1, 'upload/ec/images/200905/goods_img/1_P_1240904371252.jpg', '', 'upload/ec/images/200905/thumb_img/1_thumb_P_1240904371430.jpg', 'upload/ec/images/200905/source_img/1_P_1240904371758.jpg'),
(6, 3, 'upload/ec/images/200905/goods_img/3_P_1241422082461.jpg', '', 'upload/ec/images/200905/thumb_img/3_thumb_P_1241422082160.jpg', 'upload/ec/images/200905/source_img/3_P_1241422082816.jpg'),
(7, 4, 'upload/ec/images/200905/goods_img/4_P_1241422402169.jpg', '', 'upload/ec/images/200905/thumb_img/4_thumb_P_1241422402909.jpg', 'upload/ec/images/200905/source_img/4_P_1241422402362.jpg'),
(8, 5, 'upload/ec/images/200905/goods_img/5_P_1241422518168.jpg', '', 'upload/ec/images/200905/thumb_img/5_thumb_P_1241422518416.jpg', 'upload/ec/images/200905/source_img/5_P_1241422518314.jpg'),
(9, 7, 'upload/ec/images/200905/goods_img/7_P_1241422785926.jpg', '', 'upload/ec/images/200905/thumb_img/7_thumb_P_1241422785889.jpg', 'upload/ec/images/200905/source_img/7_P_1241422785172.jpg'),
(10, 8, 'upload/ec/images/200905/goods_img/8_P_1241425513388.jpg', '', 'upload/ec/images/200905/thumb_img/8_thumb_P_1241425513834.jpg', 'upload/ec/images/200905/source_img/8_P_1241425513810.jpg'),
(11, 8, 'upload/ec/images/200905/goods_img/8_P_1241425891781.JPG', '正面', 'upload/ec/images/200905/thumb_img/8_thumb_P_1241425891460.jpg', 'upload/ec/images/200905/source_img/8_P_1241425891321.JPG'),
(12, 8, 'upload/ec/images/200905/goods_img/8_P_1241425891193.jpg', '背面', 'upload/ec/images/200905/thumb_img/8_thumb_P_1241425892547.jpg', 'upload/ec/images/200905/source_img/8_P_1241425891588.jpg'),
(13, 8, 'upload/ec/images/200905/goods_img/8_P_1241425892941.JPG', '侧面', 'upload/ec/images/200905/thumb_img/8_thumb_P_1241425892356.jpg', 'upload/ec/images/200905/source_img/8_P_1241425892999.JPG'),
(14, 9, 'upload/ec/images/200905/goods_img/9_P_1241511871575.jpg', '', 'upload/ec/images/200905/thumb_img/9_thumb_P_1241511871787.jpg', 'upload/ec/images/200905/source_img/9_P_1241511871749.jpg'),
(15, 12, 'upload/ec/images/200905/goods_img/12_P_1241965978060.jpg', '', 'upload/ec/images/200905/thumb_img/12_thumb_P_1241965978845.jpg', 'upload/ec/images/200905/source_img/12_P_1241965978333.jpg'),
(16, 12, 'upload/ec/images/200905/goods_img/12_P_1241966218046.jpg', '', 'upload/ec/images/200905/thumb_img/12_thumb_P_1241966218835.jpg', 'upload/ec/images/200905/source_img/12_P_1241966218225.jpg'),
(17, 12, 'upload/ec/images/200905/goods_img/12_P_1241966218391.jpg', '', 'upload/ec/images/200905/thumb_img/12_thumb_P_1241966218843.jpg', 'upload/ec/images/200905/source_img/12_P_1241966218859.jpg'),
(18, 13, 'upload/ec/images/200905/goods_img/13_P_1241967762510.jpg', '', 'upload/ec/images/200905/thumb_img/13_thumb_P_1241967762510.jpg', 'upload/ec/images/200905/source_img/13_P_1241967762358.jpg'),
(19, 13, 'upload/ec/images/200905/goods_img/13_P_1241968002659.jpg', '', 'upload/ec/images/200905/thumb_img/13_thumb_P_1241968002193.jpg', 'upload/ec/images/200905/source_img/13_P_1241968002709.jpg'),
(20, 14, 'upload/ec/images/200905/goods_img/14_P_1241968492774.jpg', '', 'upload/ec/images/200905/thumb_img/14_thumb_P_1241968492168.jpg', 'upload/ec/images/200905/source_img/14_P_1241968492973.jpg'),
(21, 14, 'upload/ec/images/200905/goods_img/14_P_1241968492721.jpg', '', 'upload/ec/images/200905/thumb_img/14_thumb_P_1241968492995.jpg', 'upload/ec/images/200905/source_img/14_P_1241968492307.jpg'),
(22, 14, 'upload/ec/images/200905/goods_img/14_P_1241968492279.jpg', '', 'upload/ec/images/200905/thumb_img/14_thumb_P_1241968492674.jpg', 'upload/ec/images/200905/source_img/14_P_1241968492392.jpg'),
(23, 16, 'upload/ec/images/200905/goods_img/16_P_1241968949498.jpg', '', 'upload/ec/images/200905/thumb_img/16_thumb_P_1241968949965.jpg', 'upload/ec/images/200905/source_img/16_P_1241968949069.jpg'),
(24, 17, 'upload/ec/images/200905/goods_img/17_P_1241969394354.jpg', '', 'upload/ec/images/200905/thumb_img/17_thumb_P_1241969394537.jpg', 'upload/ec/images/200905/source_img/17_P_1241969394369.jpg'),
(25, 19, 'upload/ec/images/200905/goods_img/19_P_1241970140820.jpg', '', 'upload/ec/images/200905/thumb_img/19_thumb_P_1241970140527.jpg', 'upload/ec/images/200905/source_img/19_P_1241970139925.jpg'),
(26, 19, 'upload/ec/images/200905/goods_img/19_P_1241970140600.jpg', '', 'upload/ec/images/200905/thumb_img/19_thumb_P_1241970140229.jpg', 'upload/ec/images/200905/source_img/19_P_1241970140187.jpg'),
(27, 19, 'upload/ec/images/200905/goods_img/19_P_1241970175007.jpg', '', 'upload/ec/images/200905/thumb_img/19_thumb_P_1241970175086.jpg', 'upload/ec/images/200905/source_img/19_P_1241970175028.jpg'),
(28, 22, 'upload/ec/images/200905/goods_img/22_P_1241971076061.jpg', '', 'upload/ec/images/200905/thumb_img/22_thumb_P_1241971076595.jpg', 'upload/ec/images/200905/source_img/22_P_1241971076696.jpg'),
(29, 23, 'upload/ec/images/200905/goods_img/23_P_1241971556661.jpg', '', 'upload/ec/images/200905/thumb_img/23_thumb_P_1241971556920.jpg', 'upload/ec/images/200905/source_img/23_P_1241971556122.jpg'),
(30, 24, 'upload/ec/images/200905/goods_img/24_P_1241971981420.jpg', '', 'upload/ec/images/200905/thumb_img/24_thumb_P_1241971981834.jpg', 'upload/ec/images/200905/source_img/24_P_1241971981824.jpg'),
(31, 25, 'upload/ec/images/200905/goods_img/25_P_1241972709888.jpg', '', 'upload/ec/images/200905/thumb_img/25_thumb_P_1241972709070.jpg', 'upload/ec/images/200905/source_img/25_P_1241972709222.jpg'),
(32, 26, 'upload/ec/images/200905/goods_img/26_P_1241972789025.jpg', '', 'upload/ec/images/200905/thumb_img/26_thumb_P_1241972789061.jpg', 'upload/ec/images/200905/source_img/26_P_1241972789731.jpg'),
(33, 27, 'upload/ec/images/200905/goods_img/27_P_1241972894128.jpg', '', 'upload/ec/images/200905/thumb_img/27_thumb_P_1241972894915.jpg', 'upload/ec/images/200905/source_img/27_P_1241972894886.jpg'),
(34, 28, 'upload/ec/images/200905/goods_img/28_P_1241972976099.jpg', '', 'upload/ec/images/200905/thumb_img/28_thumb_P_1241972976277.jpg', 'upload/ec/images/200905/source_img/28_P_1241972976150.jpg'),
(35, 29, 'upload/ec/images/200905/goods_img/29_P_1241973022876.jpg', '', 'upload/ec/images/200905/thumb_img/29_thumb_P_1241973022886.jpg', 'upload/ec/images/200905/source_img/29_P_1241973022880.jpg'),
(36, 30, 'upload/ec/images/200905/goods_img/30_P_1241973114554.jpg', '', 'upload/ec/images/200905/thumb_img/30_thumb_P_1241973114166.jpg', 'upload/ec/images/200905/source_img/30_P_1241973114795.jpg'),
(38, 20, 'upload/ec/images/200905/goods_img/20_P_1242106490582.jpg', '', 'upload/ec/images/200905/thumb_img/20_thumb_P_1242106490836.jpg', 'upload/ec/images/200905/source_img/20_P_1242106490796.jpg'),
(39, 21, 'upload/ec/images/200905/goods_img/21_P_1242109298519.jpg', '', 'upload/ec/images/200905/thumb_img/21_thumb_P_1242109298525.jpg', 'upload/ec/images/200905/source_img/21_P_1242109298459.jpg'),
(40, 31, 'upload/ec/images/200905/goods_img/31_P_1242110412503.jpg', '', 'upload/ec/images/200905/thumb_img/31_thumb_P_1242110412614.jpg', 'upload/ec/images/200905/source_img/31_P_1242110412152.jpg'),
(41, 32, 'upload/ec/images/200905/goods_img/32_P_1242110760641.jpg', '', 'upload/ec/images/200905/thumb_img/32_thumb_P_1242110760997.jpg', 'upload/ec/images/200905/source_img/32_P_1242110760203.jpg'),
(42, 15, 'upload/ec/images/200905/goods_img/15_P_1242973362276.jpg', '', 'upload/ec/images/200905/thumb_img/15_thumb_P_1242973362611.jpg', 'upload/ec/images/200905/source_img/15_P_1242973362172.jpg'),
(43, 10, 'upload/ec/images/200905/goods_img/10_P_1242973436620.jpg', '', 'upload/ec/images/200905/thumb_img/10_thumb_P_1242973436219.jpg', 'upload/ec/images/200905/source_img/10_P_1242973436898.jpg'),
(44, 36, 'upload/ec/images/201508/goods_img/36_P_1439335868029.jpg', '', 'upload/ec/images/201508/thumb_img/36_thumb_P_1439335868718.jpg', 'upload/ec/images/201508/source_img/36_P_1439335868198.jpg'),
(45, 36, 'upload/ec/images/201508/goods_img/36_P_1439335868174.jpg', '', 'upload/ec/images/201508/thumb_img/36_thumb_P_1439335868243.jpg', 'upload/ec/images/201508/source_img/36_P_1439335868427.jpg');

-- --------------------------------------------------------

--
-- テーブルの構造 `zh_goods_type`
--

CREATE TABLE IF NOT EXISTS `zh_goods_type` (
  `cat_id` smallint(5) unsigned NOT NULL AUTO_INCREMENT COMMENT '自增ID号',
  `cat_name` varchar(60) NOT NULL DEFAULT '' COMMENT '商品类型名',
  `enabled` tinyint(1) unsigned NOT NULL DEFAULT '1' COMMENT '类型状态，1，为可用；0为不可用；不可用的类型，在添加商品的时候选择商品属性将不可选',
  `attr_group` varchar(255) NOT NULL COMMENT '商品属性分组，将一个商品类型的属性分成组，在显示的时候也是按组显示。该字段的值显示在属性的前一行，像标题的作用',
  PRIMARY KEY (`cat_id`)
) ENGINE=MyISAM  DEFAULT CHARSET=utf8 AUTO_INCREMENT=14 ;

--
-- テーブルのデータのダンプ `zh_goods_type`
--

INSERT INTO `zh_goods_type` (`cat_id`, `cat_name`, `enabled`, `attr_group`) VALUES
(13, '测试类型', 1, '属性分组1\r\n属性分组2'),
(1, '书', 1, ''),
(2, '音乐', 1, ''),
(3, '电影', 1, ''),
(4, '手机', 1, ''),
(5, '笔记本电脑', 1, ''),
(6, '数码相机', 1, ''),
(7, '数码摄像机', 1, ''),
(8, '化妆品', 1, ''),
(9, '精品手机', 1, '');

-- --------------------------------------------------------

--
-- テーブルの構造 `zh_group_goods`
--

CREATE TABLE IF NOT EXISTS `zh_group_goods` (
  `parent_id` mediumint(8) unsigned NOT NULL DEFAULT '0' COMMENT '父商品id',
  `goods_id` mediumint(8) unsigned NOT NULL DEFAULT '0' COMMENT '配件商品id''',
  `goods_price` decimal(10,2) unsigned NOT NULL DEFAULT '0.00' COMMENT '配件商品的价格',
  `admin_id` tinyint(3) unsigned NOT NULL DEFAULT '0' COMMENT '添加该配件的管理员的id',
  PRIMARY KEY (`parent_id`,`goods_id`,`admin_id`)
) ENGINE=MyISAM DEFAULT CHARSET=utf8;

--
-- テーブルのデータのダンプ `zh_group_goods`
--

INSERT INTO `zh_group_goods` (`parent_id`, `goods_id`, `goods_price`, `admin_id`) VALUES
(9, 4, '58.00', 1),
(9, 3, '68.00', 1),
(9, 7, '100.00', 1),
(14, 5, '20.00', 1),
(14, 6, '42.00', 1),
(14, 7, '100.00', 1),
(36, 5, '20.00', 1),
(36, 3, '68.00', 1);

-- --------------------------------------------------------

--
-- テーブルの構造 `zh_icon`
--

CREATE TABLE IF NOT EXISTS `zh_icon` (
  `id` int(10) unsigned NOT NULL AUTO_INCREMENT,
  `webid` int(11) DEFAULT NULL,
  `kind` char(50) NOT NULL,
  `picurl` varchar(255) NOT NULL,
  PRIMARY KEY (`id`)
) ENGINE=MyISAM  DEFAULT CHARSET=utf8 AUTO_INCREMENT=8 ;

--
-- テーブルのデータのダンプ `zh_icon`
--

INSERT INTO `zh_icon` (`id`, `webid`, `kind`, `picurl`) VALUES
(1, 1, '热门', '/upload/touricon/hot.png'),
(2, 1, '促销', '/upload/touricon/chuxiao.png'),
(3, 1, '打折', '/upload/touricon/discount.png'),
(4, 1, '活动', '/upload/touricon/huodong.png'),
(5, 1, '特价', '/upload/touricon/special.png'),
(6, 1, '抢购', '/upload/touricon/buy.png');

-- --------------------------------------------------------

--
-- テーブルの構造 `zh_kindorderlist`
--

CREATE TABLE IF NOT EXISTS `zh_kindorderlist` (
  `id` int(11) NOT NULL AUTO_INCREMENT,
  `webid` int(2) unsigned DEFAULT '0',
  `typeid` int(1) unsigned DEFAULT NULL COMMENT '栏目类型',
  `aid` varchar(255) DEFAULT NULL COMMENT '文章的aid',
  `classid` int(11) DEFAULT NULL COMMENT '分类id',
  `displayorder` int(11) unsigned DEFAULT '9999' COMMENT '排序ID',
  `istejia` int(1) unsigned DEFAULT '0' COMMENT '特惠',
  `isding` int(1) unsigned DEFAULT '0' COMMENT '是否置顶',
  `isjian` int(1) unsigned DEFAULT '0' COMMENT '是否推荐',
  PRIMARY KEY (`id`),
  UNIQUE KEY `id` (`id`),
  KEY `displayorder` (`displayorder`),
  KEY `isding` (`isding`)
) ENGINE=MyISAM  DEFAULT CHARSET=utf8 COMMENT='ssmall分类排序表' AUTO_INCREMENT=292 ;

--
-- テーブルのデータのダンプ `zh_kindorderlist`
--

INSERT INTO `zh_kindorderlist` (`id`, `webid`, `typeid`, `aid`, `classid`, `displayorder`, `istejia`, `isding`, `isjian`) VALUES
(1, 0, 1, '17', 6, 1, 0, 0, 0),
(2, 0, 1, '19', 6, 2, 0, 0, 0),
(3, 0, 1, '18', 6, 3, 0, 0, 0),
(4, 1, 1, '17', 6, 2, 0, 0, 0),
(5, 1, 1, '20', 6, 1, 0, 0, 0),
(6, 1, 1, '18', 6, 3, 0, 0, 0),
(7, 1, 1, '19', 6, 4, 0, 0, 0),
(8, 1, 1, '18', 11, 1, 0, 0, 0),
(9, 1, 1, '19', 11, 2, 0, 0, 0),
(10, 1, 1, '17', 11, 3, 0, 0, 0),
(11, 2, 1, '21', 6, 1, 0, 0, 0),
(12, 2, 1, '17', 6, 2, 0, 0, 0),
(13, 2, 1, '22', 12, 2, 0, 0, 0),
(14, 2, 1, '21', 12, 1, 0, 0, 0),
(15, 3, 1, '18', 6, 1, 0, 0, 0),
(16, 3, 1, '23', 6, 2, 0, 0, 0),
(17, 3, 1, '18', 11, 9999, 0, 0, 0),
(18, 1, 1, '25', 6, 5, 0, 0, 0),
(19, 1, 1, '24', 6, 9999, 0, 0, 0),
(20, 1, 1, '17', 8, 1, 0, 0, 0),
(21, 1, 1, '24', 8, 2, 0, 0, 0),
(22, 1, 1, '22', 8, 3, 0, 0, 0),
(23, 1, 1, '26', 27, 9999, 0, 0, 0),
(24, 1, 1, '86', 6, 10, 0, 0, 0),
(25, 1, 1, '71', 6, 9999, 0, 0, 0),
(26, 1, 1, '78', 6, 9999, 0, 0, 0),
(27, 1, 1, '74', 6, 9999, 0, 0, 0),
(28, 1, 1, '82', 6, 9999, 0, 0, 0),
(29, 1, 1, '93', 6, 9999, 0, 0, 0),
(30, 1, 1, '91', 6, 9999, 0, 0, 0),
(31, 1, 1, '59', 6, 9999, 0, 0, 0),
(32, 1, 1, '46', 6, 9999, 0, 0, 0),
(33, 1, 1, '56', 6, 9999, 0, 0, 0),
(34, 1, 1, '105', 67, 9999, 0, 0, 0),
(35, 1, 1, '104', 67, 9999, 0, 0, 0),
(36, 1, 1, '103', 67, 6, 0, 0, 0),
(37, 1, 1, '102', 67, 9999, 0, 0, 0),
(38, 1, 1, '48', 67, 5, 0, 0, 0),
(39, 1, 1, '49', 67, 4, 0, 0, 0),
(40, 1, 1, '50', 67, 3, 0, 0, 0),
(41, 1, 1, '52', 67, 2, 0, 0, 0),
(42, 2, 1, '48', 67, 1, 0, 0, 0),
(43, 2, 1, '49', 67, 2, 0, 0, 0),
(44, 2, 1, '50', 67, 3, 0, 0, 0),
(45, 2, 1, '52', 67, 4, 0, 0, 0),
(46, 2, 1, '106', 1, 9999, 0, 0, 0),
(47, 2, 1, '52', 1, 9999, 0, 0, 0),
(48, 2, 1, '51', 1, 9999, 0, 0, 0),
(49, 2, 1, '50', 1, 9999, 0, 0, 0),
(50, 2, 1, '49', 1, 9999, 0, 0, 0),
(51, 2, 1, '48', 1, 9999, 0, 0, 0),
(52, 2, 1, '65', 1, 9999, 0, 0, 0),
(53, 2, 1, '64', 1, 9999, 0, 0, 0),
(54, 2, 1, '46', 6, 9999, 0, 0, 0),
(55, 2, 1, '63', 6, 9999, 0, 0, 0),
(56, 2, 1, '61', 6, 9999, 0, 0, 0),
(57, 2, 1, '59', 6, 9999, 0, 0, 0),
(58, 2, 1, '57', 6, 9999, 0, 0, 0),
(59, 2, 1, '56', 6, 9999, 0, 0, 0),
(60, 2, 1, '55', 6, 9999, 0, 0, 0),
(61, 2, 1, '47', 6, 9999, 0, 0, 0),
(62, 2, 1, '53', 6, 9999, 0, 0, 0),
(63, 1, 1, '52', 1, 9999, 0, 0, 0),
(64, 1, 1, '51', 1, 9999, 0, 0, 0),
(65, 1, 1, '50', 1, 9999, 0, 0, 0),
(66, 1, 1, '105', 1, 7, 0, 0, 0),
(67, 1, 1, '104', 1, 6, 0, 0, 0),
(68, 1, 1, '103', 1, 8, 0, 0, 0),
(69, 1, 1, '101', 6, 12, 0, 0, 0),
(70, 1, 1, '90', 6, 9999, 0, 0, 0),
(71, 1, 1, '212', 6, 9999, 0, 0, 0),
(72, 1, 1, '218', 1, 11, 0, 0, 0),
(73, 6, 1, '218', 1, 9999, 0, 0, 0),
(74, 3, 1, '216', 6, 1, 0, 0, 0),
(75, 3, 1, '215', 6, 2, 0, 0, 0),
(76, 3, 1, '214', 6, 3, 0, 0, 0),
(77, 3, 1, '213', 6, 4, 0, 0, 0),
(78, 3, 1, '174', 6, 5, 0, 0, 0),
(79, 1, 1, '223', 6, 9999, 0, 0, 0),
(80, 2, 1, '223', 6, 9999, 0, 0, 0),
(81, 2, 1, '211', 6, 9999, 0, 0, 0),
(82, 2, 1, '223', 8, 9999, 0, 0, 0),
(83, 2, 1, '211', 8, 9999, 0, 0, 0),
(84, 2, 1, '204', 8, 9999, 0, 0, 0),
(85, 2, 1, '202', 8, 9999, 0, 0, 0),
(86, 2, 1, '181', 35, 9999, 0, 0, 0),
(87, 2, 1, '164', 35, 9999, 0, 0, 0),
(88, 2, 1, '110', 35, 9999, 0, 0, 0),
(89, 2, 1, '53', 35, 9999, 0, 0, 0),
(90, 1, 1, '216', 6, 6, 0, 0, 0),
(91, 1, 1, '215', 6, 5, 0, 0, 0),
(92, 1, 1, '214', 6, 4, 0, 0, 0),
(93, 1, 1, '216', 35, 9999, 0, 0, 0),
(94, 1, 1, '215', 35, 9999, 0, 0, 0),
(95, 1, 1, '208', 35, 9999, 0, 0, 0),
(96, 1, 1, '201', 35, 9999, 0, 0, 0),
(97, 1, 1, '195', 35, 9999, 0, 0, 0),
(98, 1, 1, '164', 35, 9999, 0, 0, 0),
(99, 1, 1, '110', 35, 9999, 0, 0, 0),
(100, 1, 1, '83', 35, 9999, 0, 0, 0),
(101, 1, 1, '162', 11, 9999, 0, 0, 0),
(102, 1, 1, '214', 11, 9999, 0, 0, 0),
(103, 1, 1, '212', 11, 9999, 0, 0, 0),
(104, 1, 1, '67', 11, 9999, 0, 0, 0),
(105, 1, 1, '69', 11, 9999, 0, 0, 0),
(106, 1, 1, '111', 11, 9999, 0, 0, 0),
(107, 1, 1, '77', 11, 9999, 0, 0, 0),
(108, 1, 1, '217', 67, 1, 0, 0, 0),
(109, 1, 1, '65', 26, 9999, 0, 0, 0),
(110, 1, 1, '64', 26, 9999, 0, 0, 0),
(111, 1, 1, '218', 26, 1, 0, 0, 0),
(112, 1, 1, '157', 26, 2, 0, 0, 0),
(113, 1, 1, '148', 26, 3, 0, 0, 0),
(114, 1, 1, '147', 26, 9999, 0, 0, 0),
(115, 1, 1, '106', 26, 4, 0, 0, 0),
(116, 1, 1, '230', 8, 9999, 0, 0, 0),
(117, 1, 1, '223', 8, 9999, 0, 0, 0),
(118, 1, 1, '211', 8, 9999, 0, 0, 0),
(119, 1, 1, '204', 8, 9999, 0, 0, 0),
(120, 1, 1, '200', 8, 9999, 0, 0, 0),
(121, 1, 1, '197', 8, 9999, 0, 0, 0),
(122, 1, 1, '194', 8, 9999, 0, 0, 0),
(123, 1, 1, '202', 8, 9999, 0, 0, 0),
(124, 1, 1, '192', 8, 9999, 0, 0, 0),
(125, 2, 1, '200', 8, 9999, 0, 0, 0),
(126, 2, 1, '197', 8, 9999, 0, 0, 0),
(127, 2, 1, '204', 6, 9999, 0, 0, 0),
(128, 2, 1, '203', 6, 9999, 0, 0, 0),
(129, 2, 1, '202', 6, 9999, 0, 0, 0),
(130, 2, 1, '201', 6, 9999, 0, 0, 0),
(131, 2, 1, '200', 6, 9999, 0, 0, 0),
(132, 2, 1, '199', 6, 9999, 0, 0, 0),
(133, 1, 1, '190', 8, 9999, 0, 0, 0),
(134, 1, 1, '186', 8, 9999, 0, 0, 0),
(135, 1, 1, '185', 8, 9999, 0, 0, 0),
(136, 1, 1, '184', 8, 9999, 0, 0, 0),
(137, 1, 1, '80', 39, 1, 0, 0, 0),
(138, 1, 1, '79', 39, 2, 0, 0, 0),
(139, 1, 1, '97', 39, 3, 0, 0, 0),
(140, 1, 1, '94', 39, 4, 0, 0, 0),
(141, 1, 1, '75', 39, 5, 0, 0, 0),
(142, 1, 1, '67', 39, 6, 0, 0, 0),
(143, 1, 1, '202', 39, 7, 0, 0, 0),
(144, 1, 1, '70', 39, 8, 0, 0, 0),
(145, 1, 1, '81', 39, 9, 0, 0, 0),
(146, 0, 1, '216', 6, 9999, 0, 0, 0),
(147, 0, 1, '215', 6, 9999, 0, 0, 0),
(148, 0, 1, '214', 6, 9999, 0, 0, 0),
(149, 0, 1, '213', 6, 9999, 0, 0, 0),
(150, 0, 1, '231', 6, 9999, 0, 0, 0),
(151, 0, 1, '223', 6, 9999, 0, 0, 0),
(152, 2, 1, '234', 6, 10, 0, 0, 0),
(153, 1, 1, '234', 6, 9999, 0, 0, 0),
(154, 1, 1, '235', 6, 9999, 0, 0, 0),
(155, 2, 1, '235', 6, 9, 0, 0, 0),
(156, 2, 1, '236', 6, 10, 0, 0, 0),
(157, 1, 1, '236', 6, 9999, 0, 0, 0),
(158, 2, 1, '237', 6, 9, 0, 0, 0),
(159, 2, 1, '238', 6, 8, 0, 0, 0),
(160, 2, 1, '239', 6, 7, 0, 0, 0),
(161, 2, 1, '57', 11, 9999, 0, 0, 0),
(162, 2, 1, '209', 11, 9999, 0, 0, 0),
(163, 2, 1, '61', 11, 9999, 0, 0, 0),
(164, 2, 1, '231', 11, 9999, 0, 0, 0),
(165, 2, 1, '152', 11, 9999, 0, 0, 0),
(166, 2, 1, '236', 11, 9999, 0, 0, 0),
(167, 2, 1, '47', 8, 9999, 0, 0, 0),
(168, 2, 1, '190', 8, 9999, 0, 0, 0),
(169, 2, 1, '58', 8, 9999, 0, 0, 0),
(170, 2, 1, '59', 8, 9999, 0, 0, 0),
(171, 2, 1, '60', 8, 9999, 0, 0, 0),
(172, 2, 1, '107', 8, 9999, 0, 0, 0),
(173, 2, 1, '208', 35, 9999, 0, 0, 0),
(174, 2, 1, '201', 35, 9999, 0, 0, 0),
(175, 2, 1, '195', 35, 9999, 0, 0, 0),
(176, 2, 1, '189', 35, 9999, 0, 0, 0),
(177, 3, 1, '80', 8, 9999, 0, 0, 0),
(178, 3, 1, '79', 8, 9999, 0, 0, 0),
(179, 3, 1, '75', 8, 9999, 0, 0, 0),
(180, 3, 1, '67', 8, 9999, 0, 0, 0),
(181, 3, 1, '230', 8, 9999, 0, 0, 0),
(182, 3, 1, '78', 8, 9999, 0, 0, 0),
(183, 3, 1, '82', 8, 9999, 0, 0, 0),
(184, 3, 1, '80', 11, 9999, 0, 0, 0),
(185, 3, 1, '79', 11, 9999, 0, 0, 0),
(186, 3, 1, '75', 11, 9999, 0, 0, 0),
(187, 3, 1, '67', 11, 9999, 0, 0, 0),
(188, 3, 1, '78', 11, 9999, 0, 0, 0),
(189, 3, 1, '82', 11, 9999, 0, 0, 0),
(190, 3, 1, '81', 11, 9999, 0, 0, 0),
(191, 2, 1, '235', 11, 9999, 0, 0, 0),
(192, 2, 1, '234', 11, 9999, 0, 0, 0),
(193, 2, 1, '207', 11, 9999, 0, 0, 0),
(194, 2, 1, '61', 24, 9999, 0, 0, 0),
(195, 2, 1, '152', 24, 9999, 0, 0, 0),
(196, 2, 1, '162', 24, 9999, 0, 0, 0),
(197, 2, 1, '210', 24, 9999, 0, 0, 0),
(198, 2, 1, '231', 24, 9999, 0, 0, 0),
(199, 1, 1, '231', 24, 9999, 0, 0, 0),
(200, 1, 1, '210', 24, 9999, 0, 0, 0),
(201, 1, 1, '162', 24, 9999, 0, 0, 0),
(202, 1, 1, '96', 24, 9999, 0, 0, 0),
(203, 1, 1, '88', 24, 9999, 0, 0, 0),
(204, 1, 1, '79', 24, 9999, 0, 0, 0),
(205, 1, 1, '224', 1, 9999, 0, 0, 0),
(206, 1, 1, '222', 1, 9999, 0, 0, 0),
(207, 1, 1, '233', 1, 2, 0, 0, 0),
(208, 1, 1, '228', 1, 10, 0, 0, 0),
(209, 1, 1, '145', 1, 5, 0, 0, 0),
(210, 1, 1, '233', 26, 9999, 0, 0, 0),
(211, 1, 1, '232', 26, 9999, 0, 0, 0),
(212, 1, 1, '51', 26, 6, 0, 0, 0),
(213, 1, 1, '113', 26, 5, 0, 0, 0),
(214, 1, 1, '232', 1, 3, 0, 0, 0),
(215, 6, 1, '86', 6, 8, 0, 0, 0),
(216, 6, 1, '97', 6, 4, 0, 0, 0),
(217, 6, 1, '87', 6, 5, 0, 0, 0),
(218, 6, 1, '88', 6, 9999, 0, 0, 0),
(219, 6, 1, '242', 6, 9999, 0, 0, 0),
(220, 6, 1, '241', 6, 9999, 0, 0, 0),
(221, 6, 1, '98', 6, 6, 0, 0, 0),
(222, 6, 1, '99', 6, 7, 0, 0, 0),
(223, 3, 1, '71', 6, 6, 0, 0, 0),
(224, 3, 1, '77', 8, 9999, 0, 0, 0),
(225, 3, 1, '77', 11, 9999, 0, 0, 0),
(226, 3, 1, '69', 11, 9999, 0, 0, 0),
(227, 3, 1, '214', 11, 9999, 0, 0, 0),
(228, 3, 1, '105', 1, 1, 0, 0, 0),
(229, 2, 1, '247', 6, 8, 0, 0, 0),
(230, 2, 1, '248', 6, 7, 0, 0, 0),
(231, 0, 1, '250', 6, 9999, 0, 0, 0),
(232, 0, 1, '249', 6, 9999, 0, 0, 0),
(233, 0, 1, '248', 6, 9999, 0, 0, 0),
(234, 0, 1, '247', 6, 9999, 0, 0, 0),
(235, 1, 1, '250', 6, 9999, 0, 0, 0),
(236, 1, 1, '249', 6, 9999, 0, 0, 0),
(237, 1, 1, '97', 8, 9999, 0, 0, 0),
(238, 1, 1, '58', 8, 9999, 0, 0, 0),
(239, 1, 1, '59', 8, 9999, 0, 0, 0),
(240, 1, 1, '60', 8, 9999, 0, 0, 0),
(241, 1, 1, '251', 8, 9999, 0, 0, 0),
(242, 1, 1, '92', 8, 9999, 0, 0, 0),
(243, 1, 1, '179', 8, 9999, 0, 0, 0),
(244, 1, 1, '132', 8, 9999, 0, 0, 0),
(245, 1, 1, '127', 8, 9999, 0, 0, 0),
(246, 1, 1, '209', 11, 9999, 0, 0, 0),
(247, 1, 1, '79', 11, 9999, 0, 0, 0),
(248, 1, 1, '78', 11, 9999, 0, 0, 0),
(249, 1, 1, '82', 11, 9999, 0, 0, 0),
(250, 1, 1, '235', 11, 9999, 0, 0, 0),
(251, 1, 1, '246', 11, 9999, 0, 0, 0),
(252, 1, 1, '247', 11, 9999, 0, 0, 0),
(253, 1, 1, '108', 6, 9999, 0, 0, 0),
(254, 1, 1, '88', 6, 9999, 0, 0, 0),
(255, 1, 1, '248', 6, 3, 0, 0, 0),
(256, 1, 1, '247', 6, 9999, 0, 0, 0),
(257, 1, 1, '242', 6, 9999, 0, 0, 0),
(258, 1, 1, '213', 6, 9999, 0, 0, 0),
(259, 1, 1, '85', 6, 9999, 0, 0, 0),
(260, 1, 1, '97', 6, 9999, 0, 0, 0),
(261, 1, 1, '98', 6, 11, 0, 0, 0),
(262, 1, 1, '243', 1, 1, 0, 0, 0),
(263, 1, 1, '49', 1, 4, 0, 0, 0),
(264, 1, 1, '226', 1, 9999, 0, 0, 0),
(265, 1, 1, '220', 1, 9999, 0, 0, 0),
(266, 1, 1, '255', 6, 1, 0, 0, 0),
(267, 2, 1, '255', 6, 2, 0, 0, 0),
(268, 1, 1, '254', 1, 9999, 0, 0, 0),
(269, 1, 1, '257', 6, 9999, 0, 0, 0),
(270, 6, 1, '257', 6, 9999, 0, 0, 0),
(271, 6, 1, '261', 6, 11, 0, 0, 0),
(272, 6, 1, '260', 6, 3, 0, 0, 0),
(273, 1, 1, '260', 6, 8, 0, 0, 0),
(274, 1, 1, '261', 6, 7, 0, 0, 0),
(275, 1, 1, '256', 6, 2, 0, 0, 0),
(276, 1, 1, '260', 8, 9999, 0, 0, 0),
(277, 2, 1, '256', 6, 1, 0, 0, 0),
(278, 6, 1, '263', 6, 9, 0, 0, 0),
(279, 1, 1, '268', 1, 12, 0, 0, 0),
(280, 1, 1, '102', 1, 9, 0, 0, 0),
(281, 1, 1, '158', 1, 9999, 0, 0, 0),
(282, 6, 1, '268', 1, 2, 0, 0, 0),
(283, 1, 1, '275', 6, 9, 0, 0, 0),
(284, 6, 1, '275', 6, 10, 0, 0, 0),
(285, 2, 1, '152', 6, 3, 0, 0, 0),
(286, 2, 1, '160', 6, 4, 0, 0, 0),
(287, 2, 1, '144', 6, 5, 0, 0, 0),
(288, 2, 1, '253', 6, 6, 0, 0, 0),
(289, 6, 1, '276', 6, 1, 0, 0, 0),
(290, 6, 1, '277', 1, 1, 0, 0, 0),
(291, 2, 1, '289', 6, 1, 0, 0, 0);

-- --------------------------------------------------------

--
-- テーブルの構造 `zh_line`
--

CREATE TABLE IF NOT EXISTS `zh_line` (
  `id` int(11) NOT NULL AUTO_INCREMENT,
  `webid` int(11) unsigned DEFAULT '1',
  `aid` int(11) unsigned DEFAULT NULL COMMENT '文章ID',
  `linetype` varchar(50) DEFAULT NULL COMMENT '线路类型',
  `linename` varchar(255) DEFAULT NULL COMMENT '线路标题',
  `lineicon` varchar(100) DEFAULT NULL,
  `oldname` varchar(255) DEFAULT NULL COMMENT '批发商线路名称',
  `wholesale` varchar(255) DEFAULT NULL COMMENT '批发商名称',
  `wholesalel` varchar(255) DEFAULT NULL COMMENT '批发商联系方式',
  `starttime` int(11) DEFAULT NULL COMMENT '有效期开始时间',
  `endtime` int(11) DEFAULT NULL COMMENT '有效期结束时间',
  `seotitle` varchar(100) DEFAULT NULL COMMENT 'seo标题',
  `startcity` varchar(255) DEFAULT NULL COMMENT '出发城市',
  `overcity` varchar(255) DEFAULT NULL COMMENT '目的城市',
  `linedate` varchar(255) DEFAULT NULL COMMENT '出团日期',
  `lineclassid` varchar(255) DEFAULT NULL COMMENT '对应专线',
  `tprice` decimal(10,0) DEFAULT NULL COMMENT '同行价',
  `profit` decimal(10,0) DEFAULT NULL COMMENT '利润',
  `lineprice` int(11) unsigned DEFAULT NULL COMMENT '线路报价',
  `lineday` int(3) unsigned DEFAULT NULL COMMENT '线路天数',
  `linenight` int(5) DEFAULT NULL COMMENT '多少晚',
  `linephone` int(11) DEFAULT NULL COMMENT '线路电话',
  `linespot` longtext COMMENT '线路途经景点',
  `linepic` varchar(255) DEFAULT NULL COMMENT '线路图片',
  `linedoc` text COMMENT '线路行程word版地址',
  `tagword` varchar(255) DEFAULT NULL COMMENT 'tag词',
  `keyword` varchar(255) DEFAULT NULL COMMENT '关键词',
  `jieshao` longtext COMMENT '线路行程',
  `biaozhun` longtext COMMENT '服务标准',
  `biaozhun_isstyle` varchar(255) DEFAULT '2',
  `biaozhun_detail` longtext,
  `beizu` longtext COMMENT '温鑫提示(备注)',
  `payment` longtext COMMENT '付款方式',
  `feeinclude` longtext COMMENT '费用包含',
  `features` longtext COMMENT '行程特色',
  `description` varchar(700) DEFAULT NULL COMMENT '描述',
  `shownum` int(11) DEFAULT '1' COMMENT '浏览次数',
  `seatleft` int(11) DEFAULT NULL COMMENT '空位数',
  `storeprice` int(11) DEFAULT NULL COMMENT '门市价',
  `childprice` int(11) DEFAULT NULL COMMENT '小孩报价',
  `transport` longtext COMMENT '交通方式',
  `linebefore` int(11) DEFAULT NULL COMMENT '提前报名天数',
  `isjian` int(11) DEFAULT '0' COMMENT '是否推荐',
  `isding` int(11) DEFAULT '0' COMMENT '是否置顶',
  `istejia` int(3) DEFAULT NULL COMMENT '用于置顶的字段',
  `yesjian` int(11) unsigned DEFAULT '0' COMMENT '前台推荐次数',
  `nojian` int(11) unsigned DEFAULT '0' COMMENT '前台不推荐次数',
  `addtime` int(10) unsigned DEFAULT NULL COMMENT '添加时间',
  `modtime` int(10) unsigned DEFAULT NULL COMMENT '更新时间',
  `reserved1` longtext COMMENT '线路内容自定义1',
  `reserved2` longtext COMMENT '线路内容自定义2',
  `reserved3` longtext COMMENT '线路内容自定义3',
  `displayorder` int(11) DEFAULT '9999' COMMENT '排列顺序',
  `isbold` int(2) DEFAULT '0' COMMENT '是否加粗',
  `color` varchar(255) DEFAULT NULL COMMENT '标题颜色',
  `bigpic` varchar(255) DEFAULT NULL COMMENT '大图地址',
  `ssmaltype` int(1) DEFAULT '0',
  `ssmalprovince` int(1) DEFAULT NULL COMMENT '省',
  `ssmalcity` int(1) DEFAULT NULL COMMENT '市',
  `ssmalarea` int(1) DEFAULT NULL COMMENT '景区',
  `sdisplayorder` int(11) DEFAULT '9999',
  `childrule` varchar(255) NOT NULL DEFAULT '' COMMENT '小孩说明',
  `kindlist` varchar(255) DEFAULT NULL COMMENT '所属目的地',
  `themelist` varchar(255) DEFAULT NULL COMMENT '主题',
  `webidfs` varchar(255) DEFAULT NULL COMMENT '子站webid',
  `attrid` varchar(255) DEFAULT NULL COMMENT '主站属性',
  `satisfyscore` varchar(255) DEFAULT NULL COMMENT '满意度',
  `bookcount` int(11) unsigned DEFAULT NULL COMMENT '预订次数',
  `ishidden` int(3) DEFAULT '0',
  `childkind` varchar(255) DEFAULT NULL COMMENT '所属子站分类',
  `txtjieshao` mediumtext,
  `isstyle` varchar(255) DEFAULT NULL,
  `sellpoint` varchar(255) DEFAULT NULL COMMENT '卖点',
  `upstyle` int(1) NOT NULL DEFAULT '0',
  `piclist` text,
  `distance` int(6) DEFAULT NULL,
  `zijiaseat` varchar(255) DEFAULT NULL,
  `zijiaprice` varchar(255) DEFAULT NULL,
  `zijiacar` varchar(255) DEFAULT NULL COMMENT '车辆名称(类型)',
  `jifencomment` int(11) DEFAULT '0' COMMENT '评论送积分',
  `jifentprice` int(11) DEFAULT '0' COMMENT '积分抵现金',
  `jifenbook` int(11) DEFAULT '0' COMMENT '预订送积分',
  `dingjin` int(11) DEFAULT '0' COMMENT '是否支持定金',
  `showrepast` int(1) DEFAULT '1' COMMENT '是否显示餐饮',
  `paytype` int(1) DEFAULT '1' COMMENT '支付方式',
  `template` varchar(255) DEFAULT 'line_show.htm' COMMENT '使用模板',
  `iconlist` varchar(255) DEFAULT NULL,
  `supplierlist` varchar(255) DEFAULT NULL,
  `babyrule` varchar(225) NOT NULL,
  `holiday` varchar(100) DEFAULT NULL,
  `corporationnum` int(11) DEFAULT '1',
  `magrecommend` longtext,
  `shotcontent` longtext,
  `linesn` varchar(100) DEFAULT NULL,
  `baf` int(3) DEFAULT '0',
  `hotlinetel` varchar(100) DEFAULT NULL,
  `hotlines` varchar(200) DEFAULT NULL,
  `reserved4` longtext,
  `expire` int(10) DEFAULT NULL,
  `minday` int(11) DEFAULT NULL,
  `maxday` int(11) DEFAULT NULL,
  `moduid` int(20) DEFAULT NULL,
  `adduid` int(20) DEFAULT NULL,
  `b2blineprice` int(11) DEFAULT NULL,
  `b2bminday` int(11) DEFAULT NULL,
  `b2bmaxday` int(11) DEFAULT NULL,
  PRIMARY KEY (`id`),
  KEY `kindlist` (`kindlist`),
  KEY `searchkey` (`kindlist`(50),`attrid`(50)),
  KEY `lineday` (`lineday`),
  KEY `lineprice` (`lineprice`),
  KEY `attrid` (`attrid`)
) ENGINE=MyISAM  DEFAULT CHARSET=utf8 ROW_FORMAT=COMPACT AUTO_INCREMENT=297 ;

--
-- テーブルのデータのダンプ `zh_line`
--

INSERT INTO `zh_line` (`id`, `webid`, `aid`, `linetype`, `linename`, `lineicon`, `oldname`, `wholesale`, `wholesalel`, `starttime`, `endtime`, `seotitle`, `startcity`, `overcity`, `linedate`, `lineclassid`, `tprice`, `profit`, `lineprice`, `lineday`, `linenight`, `linephone`, `linespot`, `linepic`, `linedoc`, `tagword`, `keyword`, `jieshao`, `biaozhun`, `biaozhun_isstyle`, `biaozhun_detail`, `beizu`, `payment`, `feeinclude`, `features`, `description`, `shownum`, `seatleft`, `storeprice`, `childprice`, `transport`, `linebefore`, `isjian`, `isding`, `istejia`, `yesjian`, `nojian`, `addtime`, `modtime`, `reserved1`, `reserved2`, `reserved3`, `displayorder`, `isbold`, `color`, `bigpic`, `ssmaltype`, `ssmalprovince`, `ssmalcity`, `ssmalarea`, `sdisplayorder`, `childrule`, `kindlist`, `themelist`, `webidfs`, `attrid`, `satisfyscore`, `bookcount`, `ishidden`, `childkind`, `txtjieshao`, `isstyle`, `sellpoint`, `upstyle`, `piclist`, `distance`, `zijiaseat`, `zijiaprice`, `zijiacar`, `jifencomment`, `jifentprice`, `jifenbook`, `dingjin`, `showrepast`, `paytype`, `template`, `iconlist`, `supplierlist`, `babyrule`, `holiday`, `corporationnum`, `magrecommend`, `shotcontent`, `linesn`, `baf`, `hotlinetel`, `hotlines`, `reserved4`, `expire`, `minday`, `maxday`, `moduid`, `adduid`, `b2blineprice`, `b2bminday`, `b2bmaxday`) VALUES
(290, 6, 0, '', '别府，汤布院、熊本，阿苏，福冈四日游', '', '', '', '', 0, 0, '', '8', '', '', '', '0', '0', 3180, 4, 4, 0, '', 'upload/original/line/2016/12/29/19551482986484.jpg', '', '', '', '', '&lt;table&gt;&lt;tbody&gt;&lt;tr class=&quot;firstRow&quot;&gt;&lt;td style=&quot;word-break: break-all;&quot; width=&quot;119&quot; valign=&quot;top&quot;&gt;&lt;p style=&quot;text-indent: 0em; line-height: 2em; margin-top: 10px; margin-bottom: 10px;&quot;&gt;&lt;strong&gt;&lt;span style=&quot;font-size: 14px;&quot;&gt;&lt;span style=&quot;line-height: 0px;&quot;&gt;﻿&lt;/span&gt;&lt;span style=&quot;font-size: 14px; color: rgb(127, 127, 127);&quot;&gt;&lt;/span&gt;航班信息&lt;/span&gt;&lt;/strong&gt;&lt;/p&gt;&lt;/td&gt;&lt;td style=&quot;word-break: break-all;&quot; width=&quot;114&quot; valign=&quot;top&quot;&gt;&lt;p style=&quot;text-indent: 0em; line-height: 2em; margin-top: 10px;&quot;&gt;&lt;strong&gt;&lt;span style=&quot;font-size: 14px;&quot;&gt;航空公司&lt;/span&gt;&lt;/strong&gt;&lt;/p&gt;&lt;/td&gt;&lt;td style=&quot;word-break: break-all;&quot; width=&quot;104&quot; valign=&quot;top&quot;&gt;&lt;p style=&quot;text-indent: 0em; line-height: 2em; margin-top: 10px;&quot;&gt;&lt;strong&gt;&lt;span style=&quot;font-size: 14px;&quot;&gt;航班号&lt;/span&gt;&lt;/strong&gt;&lt;/p&gt;&lt;/td&gt;&lt;td style=&quot;word-break: break-all;&quot; width=&quot;145&quot; valign=&quot;top&quot;&gt;&lt;p style=&quot;text-indent: 0em; line-height: 2em; margin-top: 10px;&quot;&gt;&lt;strong&gt;&lt;span style=&quot;font-size: 14px;&quot;&gt;起飞机场&lt;/span&gt;&lt;/strong&gt;&lt;/p&gt;&lt;/td&gt;&lt;td style=&quot;word-break: break-all;&quot; width=&quot;73&quot; valign=&quot;top&quot;&gt;&lt;p style=&quot;text-indent: 0em; line-height: 2em; margin-top: 10px;&quot;&gt;&lt;strong&gt;&lt;span style=&quot;font-size: 14px;&quot;&gt;起飞时间&lt;/span&gt;&lt;/strong&gt;&lt;/p&gt;&lt;/td&gt;&lt;td style=&quot;word-break: break-all;&quot; width=&quot;159&quot; valign=&quot;top&quot;&gt;&lt;p style=&quot;text-indent: 0em; line-height: 2em; margin-top: 10px;&quot;&gt;&lt;strong&gt;&lt;span style=&quot;font-size: 14px;&quot;&gt;到达机场&lt;/span&gt;&lt;/strong&gt;&lt;/p&gt;&lt;/td&gt;&lt;td style=&quot;word-break: break-all;&quot; width=&quot;119&quot; valign=&quot;top&quot;&gt;&lt;p style=&quot;text-indent: 0em; line-height: 2em; margin-top: 10px;&quot;&gt;&lt;strong&gt;&lt;span style=&quot;font-size: 14px;&quot;&gt;到达时间&lt;/span&gt;&lt;/strong&gt;&lt;/p&gt;&lt;/td&gt;&lt;/tr&gt;&lt;tr&gt;&lt;td style=&quot;word-break: break-all;&quot; width=&quot;119&quot; valign=&quot;top&quot;&gt;&lt;p style=&quot;text-indent: 0em; line-height: 2em;&quot;&gt;&lt;strong&gt;&lt;span style=&quot;font-size: 14px;&quot;&gt;去程&lt;/span&gt;&lt;/strong&gt;&lt;/p&gt;&lt;/td&gt;&lt;td style=&quot;word-break: break-all;&quot; width=&quot;114&quot; valign=&quot;top&quot;&gt;&lt;p style=&quot;text-indent: 0em; line-height: 2em;&quot;&gt;&lt;span style=&quot;font-size: 14px;&quot;&gt;中国南方航空&lt;/span&gt;&lt;/p&gt;&lt;/td&gt;&lt;td style=&quot;word-break: break-all;&quot; width=&quot;104&quot; valign=&quot;top&quot;&gt;&lt;p style=&quot;text-indent: 0em; line-height: 2em;&quot;&gt;&lt;span style=&quot;font-size: 14px;&quot;&gt;CZ8575&lt;/span&gt;&lt;/p&gt;&lt;/td&gt;&lt;td style=&quot;word-break: break-all;&quot; width=&quot;145&quot; valign=&quot;top&quot;&gt;&lt;p style=&quot;text-indent: 0em; line-height: 2em;&quot;&gt;&lt;span style=&quot;font-size: 14px;&quot;&gt;大连周水子国际机场&lt;/span&gt;&lt;/p&gt;&lt;/td&gt;&lt;td style=&quot;word-break: break-all;&quot; width=&quot;73&quot; valign=&quot;top&quot;&gt;&lt;p style=&quot;text-indent: 0em; line-height: 2em;&quot;&gt;&lt;span style=&quot;font-size: 14px;&quot;&gt;12:25&lt;/span&gt;&lt;/p&gt;&lt;/td&gt;&lt;td style=&quot;word-break: break-all;&quot; width=&quot;159&quot; valign=&quot;top&quot;&gt;&lt;p style=&quot;text-indent: 0em; line-height: 2em;&quot;&gt;&lt;span style=&quot;font-size: 14px;&quot;&gt;福冈国际机场&lt;/span&gt;&lt;/p&gt;&lt;/td&gt;&lt;td style=&quot;word-break: break-all;&quot; width=&quot;119&quot; valign=&quot;top&quot;&gt;&lt;p style=&quot;text-indent: 0em; line-height: 2em;&quot;&gt;&lt;span style=&quot;font-size: 14px;&quot;&gt;15:20&lt;/span&gt;&lt;/p&gt;&lt;/td&gt;&lt;/tr&gt;&lt;tr&gt;&lt;td style=&quot;word-break: break-all;&quot; width=&quot;119&quot; valign=&quot;top&quot;&gt;&lt;strong style=&quot;font-size: 14px; line-height: 2em; text-indent: 0em;&quot;&gt;回程&lt;/strong&gt;&lt;/td&gt;&lt;td style=&quot;word-break: break-all;&quot; width=&quot;114&quot; valign=&quot;top&quot;&gt;&lt;p style=&quot;text-indent: 0em; line-height: 2em;&quot;&gt;&lt;span style=&quot;font-size: 14px;&quot;&gt;中国南方航空&lt;/span&gt;&lt;/p&gt;&lt;/td&gt;&lt;td style=&quot;word-break: break-all;&quot; width=&quot;104&quot; valign=&quot;top&quot;&gt;&lt;p style=&quot;text-indent: 0em; line-height: 2em;&quot;&gt;&lt;span style=&quot;font-size: 14px;&quot;&gt;CZ8576&lt;/span&gt;&lt;/p&gt;&lt;/td&gt;&lt;td style=&quot;word-break: break-all;&quot; width=&quot;145&quot; valign=&quot;top&quot;&gt;&lt;p style=&quot;text-indent: 0em; line-height: 2em;&quot;&gt;&lt;span style=&quot;font-size: 14px;&quot;&gt;福冈国际机场&lt;/span&gt;&lt;/p&gt;&lt;/td&gt;&lt;td style=&quot;word-break: break-all;&quot; width=&quot;73&quot; valign=&quot;top&quot;&gt;&lt;p style=&quot;text-indent: 0em; line-height: 2em;&quot;&gt;&lt;span style=&quot;font-size: 14px;&quot;&gt;16:20&lt;/span&gt;&lt;/p&gt;&lt;/td&gt;&lt;td style=&quot;word-break: break-all;&quot; width=&quot;159&quot; valign=&quot;top&quot;&gt;&lt;p style=&quot;text-indent: 0em; line-height: 2em;&quot;&gt;&lt;span style=&quot;font-size: 14px;&quot;&gt;大连周水子机场&lt;/span&gt;&lt;/p&gt;&lt;/td&gt;&lt;td style=&quot;word-break: break-all;&quot; width=&quot;119&quot; valign=&quot;top&quot;&gt;&lt;p style=&quot;text-indent: 0em; line-height: 2em;&quot;&gt;&lt;span style=&quot;font-size: 14px;&quot;&gt;17:30&lt;/span&gt;&lt;/p&gt;&lt;/td&gt;&lt;/tr&gt;&lt;/tbody&gt;&lt;/table&gt;&lt;p&gt;&lt;br/&gt;&lt;/p&gt;', '1', 'a:0:{}', '1、签证资料：因私护照（有旧护照换发需提供旧护照）；\r\n日本国签证申请表；2张2寸彩照；身份证、户口本复印件；\r\n非大连户口提供大连居住证；经济能力证明（尽可能多提供）：\r\n房屋所有权证、存款证明、汽车登记证明、保证金。\r\n2、关于旅游商店购物活动：如有安排另见补充（确认）协议。\r\n3、关于参加行程外自费项目：如有安排另见补充（确认）协议。\r\n4、因不可抗力因素（自然灾害、政治形势、政府法令、航空、铁路及公路出现紧急情况等）造成团队行程发生变化可能引起费用的变化由客人承担，旅行社协助解决。', '', '1、签证：办理签证所需要的各种费用（团因故取消时已发生的签证费用不退）\r\n2、交通：大连/福冈往返飞机经济舱及境内外机场建设费（团队经济舱，含税费，不得更改、签转、退票）\r\n3、住宿：当地3-4酒店（标准双人间），一人一床位；其中1晚温泉酒店\r\n4、用餐：3早（酒店内），2午餐，1晚餐（早餐：酒店含，午餐1000日元/人，晚餐1200日元/人）；\r\n（自由活动期间餐费自理，用餐时间在飞机或船上以机船餐为准，不再另补，如因自身原因放弃用餐，则餐费不退）\r\n5、用车：空调旅游巴士费用6、导服：全程领队服务，日本当地中文导游；\r\n7、景点：行程所列非自费项目景点（区）第一道门票费；8、保险：旅行社责任险。', '', '', 11, 0, 0, 0, '飞机', 15, 0, 0, 0, 0, 0, 1482986493, 1482986493, '&lt;p&gt;交通：往返团队经济舱机票含税费 &lt;span class=&quot;Apple-tab-span&quot; style=&quot;white-space: pre;&quot;&gt;&lt;/span&gt;&lt;/p&gt;&lt;p&gt;住宿：日本当地酒店 &lt;span class=&quot;Apple-tab-span&quot; style=&quot;white-space:pre&quot;&gt;&lt;/span&gt;&lt;/p&gt;&lt;p&gt;用餐：行程中团队标准用餐 &lt;span class=&quot;Apple-tab-span&quot; style=&quot;white-space:pre&quot;&gt;&lt;/span&gt;&lt;/p&gt;&lt;p&gt;导服：中文导游 &lt;span class=&quot;Apple-tab-span&quot; style=&quot;white-space:pre&quot;&gt;&lt;/span&gt;&lt;/p&gt;&lt;p&gt;儿童价标准：年龄2~12周岁（不含），其他服务标准同成人。 &lt;span class=&quot;Apple-tab-span&quot; style=&quot;white-space:pre&quot;&gt;&lt;/span&gt;&lt;/p&gt;&lt;p&gt;集合时间：10:00&lt;span class=&quot;Apple-tab-span&quot; style=&quot;white-space:pre&quot;&gt;&lt;/span&gt;&lt;/p&gt;&lt;p&gt;集合地点：大连周水子国际机场2楼国际出发口集合&lt;span class=&quot;Apple-tab-span&quot; style=&quot;white-space:pre&quot;&gt;&lt;/span&gt;&lt;/p&gt;&lt;p&gt;其他：由于出团日期不同，所住酒店可能与网站有所区别，具体住宿酒店以出团书为准。 &lt;br/&gt;&lt;/p&gt;&lt;p&gt;&lt;br/&gt;&lt;/p&gt;', '1、护照办理费用；\r\n2、酒店住宿单人房差（本团申请入住单间时需自理单房差1600元/人四晚）；\r\n3、出入境个人物品海关税，超重行李的托运费、行李搬运费、保管费等；\r\n4、行程中未提到的（如景点二道门票、游船（轮）、缆车、地铁票）及行程以外自选旅游项目；\r\n5、收费电视节目、医疗费、理发、电话、酒水饮料、烟酒等私人费用其他个人消费的费用。\r\n6、旅游者因违约、自身过错、自由活动期间内行为或自身疾病引起的人身和财产损失', '1、护照：团队回程日期在护照有效期范围内即可。（旧版护照末页需本人签字）                                                                               \r\n2、两张两寸彩照（底色不限）                                                                                                                                                         \r\n3、赴日旅游签证申请表                                                                                                                                                               \r\n4、本人身份证及全家户口本复印件  \r\n5、提供房产、车产、存款证明等其他相关资产证明复印件 \r\n6、长期在大连工作并居住的外地户口客人需提供居住证，或者派出所开具的相关居住证明。', 9999, 0, '', '', 0, 0, 0, 0, 9999, '', '6,36,44', '', '', '45,153,155', '', 0, 0, '', '', '2', '购物，免税店，温泉', 0, '', 0, '', '', '', 0, 0, 0, 0, 1, 1, 'line_show.htm', '1', '', '', '', 20, '购物,免税店,温泉', '★大连起止，全程领队，南航直飞2小时班机。\r\n★特别安排福冈、熊本、别府海地狱，尽享天堂般日式泡汤之乐，领略古都文化。\r\n★特别安排游览艺术小镇汤布院、金鳞湖，在梦幻仙境中感受浓郁的日本文化 。\r\n★全程3-4星水准酒店，特别安排一晚别府正宗日式温泉。\r\n★逛九州最大的鸟栖奥特莱斯，国内外品牌一应俱全。\r\n★品尝正宗日本料理：风味定食、自助餐、寿喜锅、温泉怀石料理等', 'other000004', 0, '13167001526', '', '成约付款后，如有退改，费用一概不退还，请知晓', 1986739200, 1482940800, 1514476800, 19, 19, 0, 0, 0),
(291, 2, 0, '', '享乐旅游 豪斯登堡4天自由行', '', '', '', '', 0, 0, '', '2', '', '', '', '0', '0', 4680, 4, 3, 0, '', 'upload/original/line/2016/12/29/24871482990749.jpg', '', '', '', '', '', '2', 'a:2:{i:1;a:7:{s:13:"biaozhuninfo1";s:6:"去程";s:16:"biaozhuncompany1";s:12:"吉祥航空";s:12:"biaozhunnum1";s:6:"HO1389";s:21:"biaozhunstartairport1";s:18:"浦东国际机场";s:18:"biaozhunstarttime1";s:5:"10:25";s:19:"biaozhunendairport1";s:12:"福冈机场";s:16:"biaozhunendtime1";s:5:"13:00";}i:2;a:7:{s:13:"biaozhuninfo2";s:6:"回程";s:16:"biaozhuncompany2";s:12:"吉祥航空";s:12:"biaozhunnum2";s:6:"HO1390";s:21:"biaozhunstartairport2";s:12:"福冈机场";s:18:"biaozhunstarttime2";s:5:"13:55";s:19:"biaozhunendairport2";s:18:"浦东国际机场";s:16:"biaozhunendtime2";s:5:"14:50";}}', '◆2人以上出团（不满2人不可报名）\r\n◆全程无司机、导游 \r\n◆日程加减：不可 \r\n◆航班时刻随时更新，具体出发时间以航空公司官网为准。 \r\n◆所有照片均为参考照片。因季节/气候的变化，会与当地实景有出入。\r\n◆出团前航班时间、酒店安排可能会有更改,最终行程以出发前的日程通知为准，\r\n◆我社保留因签证、航空公司、现地交通、汇率及其它不可抗力因素而调整行程及价格的权利。\r\n◆以上为特价商品。由于出发日期，机位数量的关系，恕不保证机位，请提早预约\r\n', '', '◆上海日本往返机票\r\n◆酒店住宿：2人间', '', '', 9, 0, 0, 0, '飞机', 14, 0, 0, 0, 0, 0, 1482990764, 1482990764, '', '◆用餐 \r\n◆航班以外的交通\r\n◆豪斯登堡门票\r\n◆赴日个人旅游签证费用（签证费用每人600元）', '', 9999, 0, '', '', 0, 0, 0, 0, 9999, '', '6,54', '', '', '45,154', '', 0, 0, '', '', '2', '赏樱，美食', 0, 'upload/original/line/2016/12/29/81431482990758.jpg||6611449109230,upload/original/line/2016/12/29/38991482990759.jpg||7491449120497,upload/original/line/2016/12/29/37051482990759.jpg||7511449120595,upload/original/line/2016/12/29/19861482990759.jpg||9221449109143,upload/original/line/2016/12/29/56951482990759.jpg||12621449109068', 0, '', '', '', 0, 0, 0, 0, 1, 1, 'line_show.htm', '1,5,6', '', '', '', 2, '', '交通：往返经济舱机票（含燃油费）\r\n住宿：变的酒店 或 浮水印酒店\r\n用餐：自理\r\n其他：由于出团日期不同，所住酒店可能与网站有所区别，具体住宿酒店以出团书为准。', 'shanhgai016001', 0, '13167001555', '', '◆成约付款后，如有退改，费用一概不退还，请知晓', 1923840000, 1483891200, 1514476800, 19, 19, 0, 0, 0),
(292, 3, 0, '', '北京出发上海、长崎、福冈四晚五天自由行', '', '', '', '', 0, 0, '', '3', '', '', '', '0', '0', 2980, 5, 4, 0, '', 'upload/original/line/2016/12/29/48641482995742.jpg', '', '', '', '', '', '2', 'a:3:{i:1;a:7:{s:13:"biaozhuninfo1";s:13:"北京-上海";s:16:"biaozhuncompany1";s:18:"东方航空公司";s:12:"biaozhunnum1";s:6:"MU5106";s:21:"biaozhunstartairport1";s:18:"北京国际机场";s:18:"biaozhunstarttime1";s:5:"09:55";s:19:"biaozhunendairport1";s:18:"上海虹桥机场";s:16:"biaozhunendtime1";s:5:"12:20";}i:2;a:7:{s:13:"biaozhuninfo2";s:13:"上海-长崎";s:16:"biaozhuncompany2";s:18:"东方航空公司";s:12:"biaozhunnum2";s:5:"MU519";s:21:"biaozhunstartairport2";s:18:"上海浦东机场";s:18:"biaozhunstarttime2";s:5:"09:40";s:19:"biaozhunendairport2";s:18:"上海虹桥机场";s:16:"biaozhunendtime2";s:5:"12:10";}i:3;a:7:{s:13:"biaozhuninfo3";s:13:"福冈-北京";s:16:"biaozhuncompany3";s:18:"东方航空公司";s:12:"biaozhunnum3";s:5:"MU536";s:21:"biaozhunstartairport3";s:12:"福冈机场";s:18:"biaozhunstarttime3";s:5:"14:40";s:19:"biaozhunendairport3";s:18:"北京国际机场";s:16:"biaozhunendtime3";s:5:"18:50";}}', '1.此产品两人起售。\r\n2.产品的空位情况需要二次确认，请联系工作人员确认空位情况。\r\n3.此产品为特价产品，请提前21天咨询购买。', '', '1、日本个人旅游单次签证费\r\n2、北京-上海 上海-长崎 福冈-北京 3段机票，含税\r\n3、上海1晚住宿，长崎2晚住宿，福冈1晚住宿（全程3星级酒店）', '', '', 3, 0, 4980, 0, '飞机', 21, 0, 0, 0, 0, 0, 1482995746, 1482995746, '', '1、餐食  2、单房差  \r\n3、行程包含以外的其他费用\r\n4、旅游保险：旅游意外险\r\n5、机场和酒店之间的接送', '本产品免费赠送日本单次旅游签证，但是应符合日本大使馆对单次的签证要求。赴日个人旅游签证所需材料\r\n\r\n一、签证所需资料：\r\n序号 所需资料 备注说明\r\n1 申请人本人因私护照 护照有效期须在六个月以上\r\n2 申请人本人照片两张 彩色2寸白底免冠\r\n3 个人信息处理同意书 我社提供模板。后附\r\n4 申请人本人所在户口本复印件一份\r\n北京使馆管辖区以外省份颁发的护照，需提供居住证原件 户口本中所有页均须复印；集体户口须提供集体户口本首页及本人页。\r\n5 申请人所在工作单位为申请人开具的个人在职证明原件一份（在职人员） 须使用公司正规抬头纸打印，须领导签字及单位公章，须注明在职时间、职位、年收入。后附\r\n6 申请人所在工作单位营业执照副本复印件一份（在职人员） 须加盖单位公章\r\n7 申请人本人名义下资产情况证明材料： 以下财力证明中，至少提供2项，越多越好\r\n A 银行开具的10万元以上的存款证明原件一份 须在申请人本人（未成年人可以在父母名下）名义下。\r\n B 本人名义下房产证复印件一份、\r\nC 本人名义下汽车行驶本复印件一份、或其它能证明财产的材料 至少提供1样！若提供夫妻另一方名义下的资产，还须提供两人结婚复印件一份。\r\n8 D申请人本人的半年以上银行流水对账单 \r\nE完税证明 必须提供，至少近半年，须加盖银行公章\r\n9 申请人本人填写的赴日旅游申请表一份（需手写签名） 我社提供申请表模板。后附\r\n二、特别说明\r\n1. 此签证停留期不得超过15天。有效期三个月，停留期即为申请时所递交的往返程日期。\r\n2. 申请人不能以观光的名义申请商务、探亲访友目的的签证。\r\n3. 申请人获得签证后要按照约定的日程、住宿、航班来执行，并按时返还护照原件及往返登机牌原件，配合旅行社消签。 \r\n4. 若申请人擅自更改行程或在当地开展商务活动或探亲访友，领馆将追究申请人的相关责任。\r\n5. 签证获批后，若因各种因素不能按时前往日本者仍需将护照原件返还本社进行消签。\r\n\r\n\r\n三、免责声明\r\n1. 我社为日本驻华使馆指定的签证代办机构，您的签证申请是否通过，完全由日本国的签证官根据您递交的申请材料独立判断，本公司不得以任何方式的干预或交涉；并且在任何情况下，本公司都不承担由签证申请结果而导致被追溯任何赔偿的责任和义务；\r\n2. 资料的真实性是使领馆审核的最关键的因素之一，请申请人确保提供真实的申请资料；\r\n3. 我社在收取申请人资料后，经二次审核发现不符合签证申请资格的，保留作出不受理申请人签证申请决定的权利；\r\n4. 有关签证资料上公布的签证有效期和停留天数，仅供参考而非法定承诺，一切均以签证官签发的签证内容，为唯一依据。\r\n5. &quot;6个工作日出签&quot;为使馆签发签证时正常情况下的处理时间；若遇特殊原因如政治干涉、假期、使馆内部人员调整、签证打印机故障等，则可能会产生延迟出签的情况；本旅行社相关的处理时间信息仅供参考，非法定承诺。\r\n\r\n四、日本领事馆受理签证的领区划分：\r\n1. 日本驻华大使馆（北京）：北京、天津、河北、河南、内蒙古、山西、陕西、甘肃、宁夏、青海、新疆、西藏、湖北、湖南\r\n2. 驻上海总领事馆：上海市、浙江省、江苏省、安徽省、江西省\r\n3. 驻广州总领事馆：广东省、广西省、福建省、海南省\r\n4. 驻重庆总领事馆：重庆市、四川省、贵州省、云南省\r\n5. 驻沈阳总领事馆：辽宁省（大连市除外）、吉林省、黑龙江省\r\n6. 常驻大连办事处：大连市\r\n7. 驻青岛总领事馆：山东省\r\n', 9999, 0, '', '', 0, 0, 0, 0, 9999, '', '6,122,54,36', '', '', '45,154', '', 0, 0, '', '', '2', '', 0, '', 0, '', '', '', 0, 0, 0, 0, 1, 1, 'line_show.htm', '', '', '', '', 2, '温泉,景点,美食', '★送日本单次旅游签证！\r\n★包含上海1晚住宿，观光、出差兼顾！\r\n★航班早去晚回，当地停留时间长！\r\n★每周四和周日出发，全程自由活动！', 'biejing008', 0, '13167001555', '', '一经出售，不退不改。', 1796832000, 1483113600, 1513440000, 1, 1, 0, 0, 0),
(293, 3, 0, '', '福冈四晚五天自由行', '', '', '', '', 0, 0, '', '3', '', '', '', '0', '0', 2600, 5, 4, 0, '', 'upload/original/line/2016/12/29/72591482996095.png', '', '', '', '', '&lt;p&gt;&lt;br/&gt;&lt;/p&gt;&lt;table&gt;&lt;tbody&gt;&lt;tr class=&quot;firstRow&quot;&gt;&lt;td style=&quot;word-break: break-all;&quot; width=&quot;119&quot; valign=&quot;top&quot;&gt;&lt;strong&gt;航班信息&lt;/strong&gt;&lt;/td&gt;&lt;td style=&quot;word-break: break-all;&quot; width=&quot;119&quot; valign=&quot;top&quot;&gt;&lt;strong&gt;航空公司&lt;/strong&gt;&lt;/td&gt;&lt;td style=&quot;word-break: break-all;&quot; width=&quot;119&quot; valign=&quot;top&quot;&gt;&lt;strong&gt;航班号&lt;/strong&gt;&lt;/td&gt;&lt;td style=&quot;word-break: break-all;&quot; width=&quot;119&quot; valign=&quot;top&quot;&gt;&lt;strong&gt;起飞机场&lt;/strong&gt;&lt;/td&gt;&lt;td style=&quot;word-break: break-all;&quot; width=&quot;119&quot; valign=&quot;top&quot;&gt;&lt;strong&gt;起飞时间&lt;/strong&gt;&lt;/td&gt;&lt;td style=&quot;word-break: break-all;&quot; width=&quot;119&quot; valign=&quot;top&quot;&gt;&lt;strong&gt;到达机场&lt;/strong&gt;&lt;/td&gt;&lt;td style=&quot;word-break: break-all;&quot; width=&quot;119&quot; valign=&quot;top&quot;&gt;&lt;strong&gt;到达时间&lt;/strong&gt;&lt;/td&gt;&lt;/tr&gt;&lt;tr&gt;&lt;td style=&quot;word-break: break-all;&quot; width=&quot;119&quot; valign=&quot;top&quot;&gt;去程&lt;/td&gt;&lt;td style=&quot;word-break: break-all;&quot; width=&quot;119&quot; valign=&quot;top&quot;&gt;国航&lt;/td&gt;&lt;td style=&quot;word-break: break-all;&quot; width=&quot;119&quot; valign=&quot;top&quot;&gt;CA953&amp;nbsp;&lt;/td&gt;&lt;td style=&quot;word-break: break-all;&quot; width=&quot;119&quot; valign=&quot;top&quot;&gt;北京&lt;/td&gt;&lt;td style=&quot;word-break: break-all;&quot; width=&quot;119&quot; valign=&quot;top&quot;&gt;08:40&lt;/td&gt;&lt;td style=&quot;word-break: break-all;&quot; width=&quot;119&quot; valign=&quot;top&quot;&gt;福冈&lt;/td&gt;&lt;td style=&quot;word-break: break-all;&quot; width=&quot;119&quot; valign=&quot;top&quot;&gt;14:10&lt;/td&gt;&lt;/tr&gt;&lt;tr&gt;&lt;td style=&quot;word-break: break-all;&quot; width=&quot;119&quot; valign=&quot;top&quot;&gt;回程&lt;br/&gt;&lt;/td&gt;&lt;td style=&quot;word-break: break-all;&quot; width=&quot;119&quot; valign=&quot;top&quot;&gt;国航&lt;/td&gt;&lt;td style=&quot;word-break: break-all;&quot; width=&quot;119&quot; valign=&quot;top&quot;&gt;CA954&lt;/td&gt;&lt;td style=&quot;word-break: break-all;&quot; width=&quot;119&quot; valign=&quot;top&quot;&gt;福冈&lt;/td&gt;&lt;td style=&quot;word-break: break-all;&quot; width=&quot;119&quot; valign=&quot;top&quot;&gt;15:10&lt;/td&gt;&lt;td style=&quot;word-break: break-all;&quot; width=&quot;119&quot; valign=&quot;top&quot;&gt;北京&lt;/td&gt;&lt;td style=&quot;word-break: break-all;&quot; width=&quot;119&quot; valign=&quot;top&quot;&gt;18:35&lt;/td&gt;&lt;/tr&gt;&lt;/tbody&gt;&lt;/table&gt;&lt;p&gt;&lt;br/&gt;&lt;/p&gt;', '1', 'a:0:{}', '1.此产品两人起售。\r\n2.产品的空位情况需要二次确认，请联系工作人员确认空位情况。\r\n3.此产品为特价产品，请提前30天咨询购买。', '', '1、日本单次旅游签证费\r\n2、北京福冈往返机票\r\n3、四晚酒店住宿（双标、自选）', '', '', 3, 0, 0, 0, '飞机', 30, 0, 0, 0, 0, 0, 1482996105, 1482996105, '&lt;p&gt;交通：CA往返经济舱&amp;nbsp;&lt;/p&gt;&lt;p&gt;住宿：当地3星酒店2人一室&amp;nbsp;&lt;/p&gt;&lt;p&gt;&lt;span style=&quot;line-height: 1em;&quot;&gt;以下图片仅供参考&lt;/span&gt;&lt;br/&gt;&lt;/p&gt;&lt;p&gt;&lt;br/&gt;&lt;/p&gt;&lt;p style=&quot;line-height: 16px;background: white&quot;&gt;&lt;span style=&quot;font-size: 14px; color: rgb(127, 127, 127);&quot;&gt;&lt;strong&gt;&lt;span style=&quot;font-size: 14px; font-family: 宋体;&quot;&gt;博多克莱奥苑酒店&lt;/span&gt;&lt;/strong&gt;&lt;/span&gt;&lt;/p&gt;&lt;p style=&quot;line-height: 16px&quot;&gt;&lt;span style=&quot;font-family: 宋体; font-size: 14px; color: rgb(89, 89, 89);&quot;&gt;博多站筑紫口出来即到！地铁福冈机场站乘坐地铁5分钟即到！&lt;/span&gt;&lt;/p&gt;&lt;p style=&quot;line-height: 16px&quot;&gt;&lt;span style=&quot;font-size:16px;font-family:宋体;color:black&quot;&gt;&lt;img src=&quot;http://www.his-china.cn/upload/editor/2015/12/02/25801449020603.png&quot; title=&quot;image001.png&quot;/&gt;&lt;/span&gt;&lt;/p&gt;&lt;p style=&quot;line-height: 16px&quot;&gt;&lt;span style=&quot;font-size:16px;font-family:宋体;color:black&quot;&gt;&lt;br/&gt;&lt;/span&gt;&lt;/p&gt;&lt;p style=&quot;line-height: 16px&quot;&gt;&lt;span style=&quot;color: rgb(89, 89, 89); font-size: 14px;&quot;&gt;&lt;strong&gt;&lt;span style=&quot;color: rgb(89, 89, 89); font-family: 宋体;&quot;&gt;福冈狮子宫博多酒店&lt;/span&gt;&lt;/strong&gt;&lt;/span&gt;&lt;/p&gt;&lt;p style=&quot;line-height: 16px&quot;&gt;&lt;span style=&quot;font-family: 宋体; color: rgb(89, 89, 89); font-size: 14px;&quot;&gt;从博多站筑紫口走路3分钟!&lt;/span&gt;&lt;/p&gt;&lt;p style=&quot;line-height: 16px&quot;&gt;&lt;img src=&quot;http://www.his-china.cn/upload/editor/2016/01/08/43991452242202.jpg&quot; title=&quot;ホテルニューオータニ博多外观副本.jpg&quot; style=&quot;width: 638px; height: 217px;&quot;/&gt;&lt;/p&gt;&lt;p style=&quot;line-height: 16px&quot;&gt;&lt;span style=&quot;font-size: 14px; color: rgb(127, 127, 127);&quot;&gt;&lt;strong&gt;&lt;span style=&quot;font-size: 14px; font-family: 宋体;&quot;&gt;&lt;br/&gt;&lt;/span&gt;&lt;/strong&gt;&lt;/span&gt;&lt;/p&gt;&lt;p style=&quot;line-height: 16px&quot;&gt;&lt;span style=&quot;font-size: 14px; color: rgb(127, 127, 127);&quot;&gt;&lt;strong&gt;&lt;span style=&quot;font-size: 14px; font-family: 宋体;&quot;&gt;博多大谷酒店&lt;/span&gt;&lt;/strong&gt;&lt;/span&gt;&lt;/p&gt;&lt;p style=&quot;line-height: 16px&quot;&gt;&lt;span style=&quot;font-family: 宋体; color: rgb(89, 89, 89); font-size: 14px;&quot;&gt;地铁“渡辺通站”走路1分!可以走路到达九州的繁华街天神!&lt;/span&gt;&lt;/p&gt;&lt;p style=&quot;line-height: 16px&quot;&gt;&lt;span style=&quot;font-size:16px;font-family:宋体;color:black&quot;&gt;&lt;img src=&quot;http://www.his-china.cn/upload/editor/2015/12/02/22491449020675.png&quot; title=&quot;image005.png&quot;/&gt;&lt;/span&gt;&lt;/p&gt;&lt;p style=&quot;line-height: 16px&quot;&gt;&lt;br/&gt;&lt;/p&gt;&lt;p&gt;&lt;br/&gt;&lt;/p&gt;&lt;p&gt;&lt;br/&gt;&lt;/p&gt;', '1、餐食 2、单房差 \r\n3、行程包含以外的其他费用\r\n4、旅游保险：旅游意外险\r\n5、机场和酒店之间的接送\r\n', '本产品免费赠送日本单次旅游签证，但是应符合日本大使馆对单次的签证要求。赴日个人旅游签证所需材料\r\n\r\n一、签证所需资料：\r\n序号 所需资料 备注说明\r\n1 申请人本人因私护照 护照有效期须在六个月以上\r\n2 申请人本人照片两张 彩色2寸白底免冠\r\n3 个人信息处理同意书 我社提供模板。后附\r\n4 申请人本人所在户口本复印件一份\r\n北京使馆管辖区以外省份颁发的护照，需提供居住证原件 户口本中所有页均须复印；集体户口须提供集体户口本首页及本人页。\r\n5 申请人所在工作单位为申请人开具的个人在职证明原件一份（在职人员） 须使用公司正规抬头纸打印，须领导签字及单位公章，须注明在职时间、职位、年收入。后附\r\n6 申请人所在工作单位营业执照副本复印件一份（在职人员） 须加盖单位公章\r\n7 申请人本人名义下资产情况证明材料： 以下财力证明中，至少提供2项，越多越好\r\n A 银行开具的10万元以上的存款证明原件一份 须在申请人本人（未成年人可以在父母名下）名义下。\r\n B 本人名义下房产证复印件一份、\r\nC 本人名义下汽车行驶本复印件一份、或其它能证明财产的材料 至少提供1样！若提供夫妻另一方名义下的资产，还须提供两人结婚复印件一份。\r\n8 D申请人本人的半年以上银行流水对账单 \r\nE完税证明 必须提供，至少近半年，须加盖银行公章\r\n9 申请人本人填写的赴日旅游申请表一份（需手写签名） 我社提供申请表模板。后附\r\n二、特别说明\r\n1. 此签证停留期不得超过15天。有效期三个月，停留期即为申请时所递交的往返程日期。\r\n2. 申请人不能以观光的名义申请商务、探亲访友目的的签证。\r\n3. 申请人获得签证后要按照约定的日程、住宿、航班来执行，并按时返还护照原件及往返登机牌原件，配合旅行社消签。 \r\n4. 若申请人擅自更改行程或在当地开展商务活动或探亲访友，领馆将追究申请人的相关责任。\r\n5. 签证获批后，若因各种因素不能按时前往日本者仍需将护照原件返还本社进行消签。\r\n\r\n\r\n三、免责声明\r\n1. 我社为日本驻华使馆指定的签证代办机构，您的签证申请是否通过，完全由日本国的签证官根据您递交的申请材料独立判断，本公司不得以任何方式的干预或交涉；并且在任何情况下，本公司都不承担由签证申请结果而导致被追溯任何赔偿的责任和义务；\r\n2. 资料的真实性是使领馆审核的最关键的因素之一，请申请人确保提供真实的申请资料；\r\n3. 我社在收取申请人资料后，经二次审核发现不符合签证申请资格的，保留作出不受理申请人签证申请决定的权利；\r\n4. 有关签证资料上公布的签证有效期和停留天数，仅供参考而非法定承诺，一切均以签证官签发的签证内容，为唯一依据。\r\n5. &quot;6个工作日出签&quot;为使馆签发签证时正常情况下的处理时间；若遇特殊原因如政治干涉、假期、使馆内部人员调整、签证打印机故障等，则可能会产生延迟出签的情况；本旅行社相关的处理时间信息仅供参考，非法定承诺。\r\n\r\n四、日本领事馆受理签证的领区划分：\r\n1. 日本驻华大使馆（北京）：北京、天津、河北、河南、内蒙古、山西、陕西、甘肃、宁夏、青海、新疆、西藏、湖北、湖南\r\n2. 驻上海总领事馆：上海市、浙江省、江苏省、安徽省、江西省\r\n3. 驻广州总领事馆：广东省、广西省、福建省、海南省\r\n4. 驻重庆总领事馆：重庆市、四川省、贵州省、云南省\r\n5. 驻沈阳总领事馆：辽宁省（大连市除外）、吉林省、黑龙江省\r\n6. 常驻大连办事处：大连市\r\n7. 驻青岛总领事馆：山东省', 9999, 0, '', '', 0, 0, 0, 0, 9999, '', '6,36', '', '', '45,154', '', 0, 0, '', '', '2', '', 0, 'upload/original/line/2016/12/29/28421482996100.jpg||7071449026266,upload/original/line/2016/12/29/88001482996100.jpg||7641449026274,upload/original/line/2016/12/29/87911482996100.jpg||7711449026309', 0, '', '', '', 0, 0, 0, 0, 1, 1, 'line_show.htm', '5,6', '', '', '', 2, '购物,景点,美食,文化', '★送日本单次旅游签证！\r\n★酒店可自选，舒适便利！\r\n★航班早去晚回，当地停留时间长！\r\n★每天出发，全程自由活动！', 'biejing004', 0, '13167001555', '', '', 1829577600, 1482940800, 1514390400, 1, 1, 0, 0, 0),
(294, 2, 0, '', '富士急高原游乐园门票', '', '', '', '', 0, 0, '', '13', '', '', '', '0', '0', 300, 1, 0, 0, '', 'upload/original/line/2016/12/29/43011482996537.jpg', '', '', '', '&lt;p style=&quot;white-space: normal;&quot;&gt;&lt;strong&gt;&lt;span style=&quot;font-size: 16px;&quot;&gt;推荐游玩项目介绍：&lt;/span&gt;&lt;/strong&gt;&lt;/p&gt;&lt;p style=&quot;white-space: normal;&quot;&gt;&lt;br/&gt;&lt;/p&gt;&lt;p style=&quot;white-space: normal;&quot;&gt;&lt;strong&gt;&lt;span style=&quot;font-size: 16px;&quot;&gt;高飞车&lt;/span&gt;&lt;/strong&gt;：&lt;span style=&quot;line-height: 1em;&quot;&gt;「最大倾斜121度」的新大型云霄飞车&lt;/span&gt;&lt;/p&gt;&lt;p style=&quot;white-space: normal;&quot;&gt;&amp;nbsp;&lt;/p&gt;&lt;p style=&quot;white-space: normal;&quot;&gt;&lt;img src=&quot;http://www.his-china.cn/upload/editor/2016/01/18/73451453097656.jpg&quot; title=&quot;Takabisha1.jpg&quot; style=&quot;float: none;&quot;/&gt;&lt;/p&gt;&lt;p style=&quot;white-space: normal;&quot;&gt;&lt;img src=&quot;http://www.his-china.cn/upload/editor/2016/01/18/31371453097656.jpg&quot; title=&quot;Takabisha2.jpg&quot; style=&quot;float: none;&quot;/&gt;&lt;/p&gt;&lt;p style=&quot;white-space: normal;&quot;&gt;享受以线性推进模式驱动的直线加速，以及垂直轨道创造出的极速降落！&lt;/p&gt;&lt;p style=&quot;white-space: normal;&quot;&gt;垂直上升感受「仰望蓝天攀升」，接着「车身在向下之际短暂停止」，&lt;/p&gt;&lt;p style=&quot;white-space: normal;&quot;&gt;最后「沿着最大倾斜121度的轨道直落」，让人刺激屏息的尖叫体验，等待您来感受。&lt;/p&gt;&lt;p style=&quot;white-space: normal;&quot;&gt;&lt;br/&gt;&lt;/p&gt;&lt;p&gt;&lt;br/&gt;&lt;/p&gt;&lt;p&gt;&lt;span style=&quot;font-size: 16px;&quot;&gt;&lt;strong&gt;超大型滚轮式过山车“eejanaika”&lt;/strong&gt;&lt;/span&gt;：总旋转数世界第一的云霄飞车&lt;/p&gt;&lt;p&gt;&lt;img src=&quot;http://www.his-china.cn/upload/editor/2016/01/18/61931453102730.JPG&quot; style=&quot;float:none;&quot; title=&quot;Eejyanaika1.JPG&quot;/&gt;&lt;/p&gt;&lt;p&gt;&lt;img src=&quot;http://www.his-china.cn/upload/editor/2016/01/18/89581453102730.JPG&quot; style=&quot;float:none;&quot; title=&quot;Eejyanaika2.JPG&quot;/&gt;&lt;/p&gt;&lt;p&gt;行进中会包含「座位前后方向回转」、「画圈大翻转」、「伴随扭转的回转」三种回转要素，让人体验到前所未有的刺激与开放感！&lt;/p&gt;&lt;p&gt;再加上乘坐时双脚没有着地，全身上下会体验到好似被抛到宇宙空间的神奇感受。&lt;/p&gt;&lt;p&gt;&lt;br/&gt;&lt;/p&gt;&lt;p&gt;&lt;span style=&quot;font-size: 16px;&quot;&gt;&lt;strong&gt;过山车之王“FUJIYAMA”&lt;/strong&gt;&lt;/span&gt;：&lt;span style=&quot;line-height: 1em;&quot;&gt;一切都超乎正常的「云霄飞车之王」&lt;/span&gt;&lt;/p&gt;&lt;p&gt;&lt;img src=&quot;http://www.his-china.cn/upload/editor/2016/01/18/34941453103014.jpg&quot; style=&quot;float: none; width: 592px; height: 337px;&quot; title=&quot;Fujiyama1.jpg&quot;/&gt;&lt;/p&gt;&lt;p&gt;&lt;img src=&quot;http://www.his-china.cn/upload/editor/2016/01/18/33941453103014.jpg&quot; style=&quot;float:none;&quot; title=&quot;Fujiyama3.jpg&quot;/&gt;&lt;/p&gt;&lt;p&gt;富士山终极巅峰飞车具备全世界最高等级：最高時速130km／h、最大落差70m、最高顶点79m等，可称为「过山车之王」。&lt;/p&gt;&lt;p&gt;不论搭乘几次，都能感受到首度搭乘的刺激与感动！！&lt;/p&gt;&lt;p&gt;&lt;br/&gt;&lt;/p&gt;&lt;p&gt;&amp;nbsp;&lt;span style=&quot;font-size: 16px;&quot;&gt;&lt;strong&gt;洛矶山滑水道&lt;/strong&gt;&lt;/span&gt;&lt;/p&gt;&lt;p&gt;&lt;img src=&quot;http://www.his-china.cn/upload/editor/2016/01/18/40931453103370.jpg&quot; style=&quot;float:none;&quot; title=&quot;僫僈僔儅僗僇嘇.jpg&quot;/&gt;&lt;/p&gt;&lt;p&gt;&lt;img src=&quot;http://www.his-china.cn/upload/editor/2016/01/18/66101453103370.jpg&quot; style=&quot;float:none;&quot; title=&quot;僫僈僔儅僗僇嘆.jpg&quot;/&gt;&lt;/p&gt;&lt;p&gt;&lt;br/&gt;&lt;/p&gt;&lt;p&gt;&lt;span style=&quot;font-size: 16px;&quot;&gt;&lt;strong&gt;铁骨番长&lt;/strong&gt;&lt;/span&gt;&lt;/p&gt;&lt;p&gt;&lt;img src=&quot;http://www.his-china.cn/upload/editor/2016/01/18/46071453103264.jpg&quot; title=&quot;揝崪斣挿.jpg&quot;/&gt;&lt;/p&gt;&lt;p&gt;&lt;br/&gt;&lt;/p&gt;&lt;p style=&quot;white-space: normal;&quot;&gt;&lt;br/&gt;&lt;/p&gt;&lt;p&gt;&lt;br/&gt;&lt;/p&gt;', '', '2', 'a:0:{}', '', '', '门票年龄说明\r\n18周岁及以上：成人票\r\n12-17周岁：      学生票\r\n3-11周岁：        儿童票\r\n3岁以下：         免票', '', '', 4, 0, 310, 0, '', 3, 0, 0, 0, 0, 0, 1482996484, 1482996547, '&lt;p style=&quot;white-space: normal;&quot;&gt;富士急游乐园（FujiQ Highland）是地处富士山麓的日本著名游乐园。&lt;/p&gt;&lt;p style=&quot;white-space: normal;&quot;&gt;富士急游乐园拥有世界最大落差（79m）总长度2,045米的过山车FUJIYAMA\r\n \r\n，1997年富士急游乐园的过山车以4项世界最高记录而加载吉尼斯世界大全。其它还有海盗船，透明观览车，处刑馆等数十项游乐项目，内容极为丰富。富士急游乐园给人以最大的刺激和快感，可在富士山美丽壮观的大背景下感受非日常的体验，留下难忘的记忆。&lt;/p&gt;&lt;p&gt;&lt;img src=&quot;http://www.his-china.cn/upload/editor/2016/01/18/37351453096587.JPG&quot; title=&quot;揝崪擖傝慡宨.JPG&quot;/&gt;&lt;/p&gt;&lt;p&gt;&lt;br/&gt;&lt;/p&gt;', '', '', 9999, 0, '', '', 0, 0, 0, 0, 9999, '', '6', '', '', '45,157,154,155', '', 0, 0, '', '', '1', '', 0, 'upload/original/line/2016/12/29/46031482996544.jpg||11921449020875,upload/original/line/2016/12/29/13531482996544.jpg||12911449044872,upload/original/line/2016/12/29/98901482996544.jpeg||14511449042459,upload/original/line/2016/12/29/20791482996544.jpg||15151449036642,upload/original/line/2016/12/29/66821482996544.jpg||15231449024447,upload/original/line/2016/12/29/88331482996545.jpg||17761449042382', 0, '', '', '', 0, 0, 0, 0, 1, 1, 'line_show.htm', '5', '', '', '', 1, '', '景点地址： 山梨县富士吉田市新西原5丁目6番1号。（5-6-1 Shin-Nishihara. Fujiyoshida, Yamanashi Prefecture ）\r\n开放时间：周一至周五：9:00-17:00（日本时间） \r\n                    周六至周日和公共假日日本营业时间9:00-20:00 （日本时间） \r\n因天气、机械保养等原因，乐园可能会闭馆或调整营业时间，敬请谅解。', 'shanhgai016006', 0, '13167001555', '', '由于入场限制、游戏项目因某种原因停止开放等原因导致当天无法游玩的，\r\n均无法退还门票费用或者更改入园日期，一旦预订成功将不得退改，请购买时务必确认。 \r\n', 1829059200, 1483200000, 1514476800, 1, 1, 0, 0, 0),
(295, 3, NULL, NULL, '首尔直飞·天津出发*首尔一地五日团『4天跟团+1天DIY』', '', NULL, NULL, NULL, NULL, NULL, '', '4', NULL, NULL, NULL, NULL, NULL, NULL, 5, 4, NULL, NULL, 'upload/original/line/2016/12/29/83111482998519.jpg', '', NULL, '', '', '&lt;p&gt;航班以实际以机票为准；&lt;/p&gt;', '1', 'a:0:{}', '特殊说明： \r\n1、如遇天气、战争、罢工、地震、堵车等人力不可抗力因素无法游览，我社将按照旅行社协议，退还没有游览景点门票费用，但赠送项目费用不退；如团队折扣机票不可签转、更改、退票；如因不可抗力因素和航空公司原因（机械故障、运力安排），造成航班延误、改期、取消，我社将协助游客安排行程，但涉及赔偿问题，按民航总局相关规定执行；若乘春秋航空或天津航空等低成本航空公司航班，按航空公司相关规定执行； \r\n2、游客因个人原因临时自愿放弃游览景点，酒店住宿、餐、车等费用均不退还。 \r\n3、特殊人群说明：儿童标准：2-12周岁儿童价格同成人，不占床，其它标准同成人，如需占床另补床位费；婴儿标准：0-2周岁（不包括2周岁儿童），只含往返婴儿怀抱机票费用；外籍人士请另询价格； \r\n4、如遇航空公司政策性调整燃油税费价格，请按规定补交差价。此机票为包机团体机票，不得退票、改票、签转。 \r\n5、如遇恶劣天气等不可抗力因素导致景区闭园或调整时间及关闭游览项目等情况，一切以景区规定为准。如果旅游目的地国家政策性调整门票或其他相关价格，请按规定补交差价； \r\n6、我社处理游客意见，以游客交回的《团队质量反馈表》为依据，请您秉着公平、公正、实事求是的原则填写《团队质量反馈表》。 \r\n7、旅游者因自行提供的材料存在问题等自身原因，或政策调整等其他非组团社原因被有关机关拒签、缓签、限制出入境或者扣留的，应由游客自行承担相关责任和费用损失。如给组团社造成损失的，旅游者应当承担赔偿责任。 \r\n温馨提示： \r\n1、客人需要提供半年以上有效护照。 \r\n2、以上行程推荐所列各景点停留时间仅供参考，以当日实际安排为准。当地导游有权限根据航班、天气、交通以及当地实际情况，在不删减景点的前提下安排行程内容的先后顺序和景点停留时间。 \r\n3、韩国酒店安排韩式四花酒店或者商务酒店，境外酒店均不挂星，级别按当地行业标准；酒店双床间和大床房，家庭房统称标准间。韩国的酒店大堂和房间面积相比国内酒店较小；依照旅游业现行作业规定，我社有权依据最终出团人数情况，调整分房情况。另请自备牙膏、牙刷、毛巾、洗发精等个人洗漱用品，部分酒店备有，但要收取费用。 \r\n4、根据自身健康状况带好必备的药物。游客故意隐瞒不适合团队旅游的自身状况，旅游中出现任何问题将自行负责。 \r\n5、如境外离团，需交纳脱团费RMB800/人/天。 \r\n6、建议客人出团前购买旅游意外保险，如出现医疗费等一切由于客人自身原因所产生的费用客人自理。 \r\n7、请游客注意财产及人身安全，遵守当地法律法规，尊重当地风俗习惯。请游客文明出游，注意维护国家形象，做高素质的中国游客。 \r\n8、客人获准签证后我社并不保证客人进入韩国，根据韩国法律，移民局根据具体情况有权拒绝入境，如因客人自身原因不能入境，产生的损失由客人自行承担。 \r\n9、已悉知春秋航空及天津航空差异化服务，手提加托运免费行李额共15公斤，飞机上无免费餐食。  \r\n', '', '费用包含：往返国际团队经济舱机票（不得退票、改期、签转）、行程中所列用餐、行程所列酒店标准间住宿（当地四花或商务酒店双床间和大床房，家庭房统称标准间）、旅游巴士费用（根据实际收客人数，适当调整车型）、行程中所列景点门票、中文导游、旅行社责任险。 \r\n', '', '', 2, NULL, 2199, NULL, '飞机', 14, 0, 0, NULL, 0, 0, 1482998422, 1482998528, '&lt;p&gt;用餐： 3早 &amp;nbsp;5正 &amp;nbsp;餐标: &amp;nbsp; 韩式团队用餐; &amp;nbsp;&lt;/p&gt;&lt;p&gt;用车&lt;span style=&quot;line-height: 24px;&quot;&gt;：&lt;/span&gt; 当地旅游用车 每人一正座&amp;nbsp;&lt;/p&gt;&lt;p&gt;住宿&lt;span style=&quot;line-height: 24px;&quot;&gt;：&lt;/span&gt; 韩国四花双人标准间&amp;nbsp;&lt;/p&gt;&lt;p&gt;&lt;span style=&quot;font-size: 14px; line-height: 1em;&quot;&gt;门票&lt;span style=&quot;line-height: 24px;&quot;&gt;：&lt;/span&gt; 景点首道门票&amp;nbsp;&lt;/span&gt;&lt;/p&gt;&lt;p&gt;导游&lt;span style=&quot;line-height: 24px;&quot;&gt;：&lt;/span&gt; 当地中文导游&amp;nbsp;&lt;/p&gt;&lt;p&gt;保险&lt;span style=&quot;line-height: 24px;&quot;&gt;：&lt;/span&gt; 旅行社责任险&amp;nbsp;&lt;/p&gt;&lt;p&gt;&lt;br/&gt;&lt;/p&gt;&lt;p&gt;&lt;br/&gt;&lt;/p&gt;', '费用不含：护照办证费、单房差、人身意外伤害保险、个人消费、行李物品托管或超重费用、自费项目、旅游者因违约、自身过错、自由活动期间内行为或自身疾病引起的人身和财产损失、费用包含中未提及的费用及一切不可抗拒原因所产生的费用。', '', 9999, 0, '', NULL, 0, NULL, NULL, NULL, 9999, '', '1,26,72', NULL, NULL, '45,153', '', 0, 0, NULL, NULL, '2', '', 0, 'upload/original/line/2016/12/29/39521482998525.jpg||32241449048008,upload/original/line/2016/12/29/33791482998525.jpg||33691449040026', NULL, NULL, NULL, NULL, 0, 0, 0, 0, 1, 1, 'line_show.htm', '', NULL, '', '', 2, '购物,免税店,景点,美食,文化', '①泰国一地四晚五日\r\n②4天跟团+1天DIY\r\n', 'beijing-UR-001', 0, '13167001555', '', '', 1797523200, NULL, NULL, 1, 1, NULL, NULL, NULL),
(296, 2, 0, '', '日本本州岛双温泉北海道四飞八日游', '', '', '', '', 0, 0, '', '9', '', '', '', '0', '0', 0, 8, 7, 0, '', 'upload/original/line/2016/12/29/18611482999346.jpg', '', '', '', '', '', '2', 'a:0:{}', '', '', '', '', '', 2, 0, 0, 0, '', 15, 0, 0, 0, 0, 0, 1482999277, 1482999349, '', '', '', 9999, 0, '', '', 0, 0, 0, 0, 9999, '', '6,12,11,24,75,8', '', '', '45,153', '', 0, 0, '', '', '2', '四飞 双温泉 本州岛 北海道 美食 滑雪 ', 0, '', 0, '', '', '', 0, 0, 0, 0, 1, 1, 'line_show.htm', '1', '', '', '', 20, '', '', 'shanhgaiPN004', 0, '13167001555', '', '', 1861632000, 0, 0, 19, 1, 0, 0, 0);

-- --------------------------------------------------------

--
-- テーブルの構造 `zh_line_attr`
--

CREATE TABLE IF NOT EXISTS `zh_line_attr` (
  `id` int(11) NOT NULL AUTO_INCREMENT,
  `webid` int(3) DEFAULT NULL,
  `aid` int(11) unsigned DEFAULT NULL,
  `attrname` varchar(255) DEFAULT NULL,
  `displayorder` int(11) unsigned DEFAULT NULL,
  `isopen` int(11) unsigned DEFAULT '0',
  `issystem` int(11) unsigned DEFAULT '0',
  `channeldispaly` int(1) DEFAULT NULL,
  `pid` int(10) DEFAULT NULL,
  `destid` varchar(255) DEFAULT NULL,
  `litpic` varchar(255) DEFAULT NULL,
  `description` varchar(255) DEFAULT NULL,
  PRIMARY KEY (`id`)
) ENGINE=MyISAM  DEFAULT CHARSET=utf8 AUTO_INCREMENT=164 ;

--
-- テーブルのデータのダンプ `zh_line_attr`
--

INSERT INTO `zh_line_attr` (`id`, `webid`, `aid`, `attrname`, `displayorder`, `isopen`, `issystem`, `channeldispaly`, `pid`, `destid`, `litpic`, `description`) VALUES
(45, 1, 42, '旅行方式', 1, 1, 0, 0, 0, '4149', NULL, NULL),
(157, 1, NULL, '当地游', 9999, 1, 0, NULL, 45, NULL, NULL, NULL),
(153, 1, NULL, '省心跟团游', 9999, 1, 0, NULL, 45, NULL, NULL, NULL),
(154, 1, NULL, '快乐自助游', 9999, 1, 0, NULL, 45, NULL, NULL, NULL),
(155, 1, NULL, '特色游', 9999, 1, 0, NULL, 45, NULL, NULL, NULL);

-- --------------------------------------------------------

--
-- テーブルの構造 `zh_line_content`
--

CREATE TABLE IF NOT EXISTS `zh_line_content` (
  `id` int(11) NOT NULL AUTO_INCREMENT,
  `webid` int(3) DEFAULT '1',
  `columnname` varchar(30) DEFAULT NULL COMMENT '在线路中使用的字段名称',
  `chinesename` varchar(100) DEFAULT NULL COMMENT '中文显示名称',
  `displayorder` int(3) DEFAULT '0' COMMENT '显示顺序',
  `issystem` int(1) DEFAULT NULL,
  `isopen` int(1) DEFAULT NULL COMMENT '是否使用1，0',
  `isline` int(1) DEFAULT '0',
  PRIMARY KEY (`id`)
) ENGINE=MyISAM  DEFAULT CHARSET=utf8 ROW_FORMAT=COMPACT COMMENT='线路内容分类表' AUTO_INCREMENT=12 ;

--
-- テーブルのデータのダンプ `zh_line_content`
--

INSERT INTO `zh_line_content` (`id`, `webid`, `columnname`, `chinesename`, `displayorder`, `issystem`, `isopen`, `isline`) VALUES
(1, 1, 'linespot', '途经景点', 99, 1, 1, 0),
(2, 1, 'jieshao', '行程安排', 3, 1, 1, 0),
(3, 1, 'biaozhun', '航班信息', 2, 0, 1, 0),
(4, 1, 'beizu', '注意事项', 10, 0, 1, 0),
(5, 1, 'payment', '如何预定', 11, 1, 0, 0),
(6, 1, 'feeinclude', '费用包含', 4, 0, 1, 0),
(7, 1, 'features', '线路特色', 6, 1, 0, 0),
(8, 1, 'reserved1', '产品概要', 1, 0, 1, 0),
(9, 1, 'reserved2', '费用不含', 7, 0, 1, 0),
(10, 1, 'reserved3', '签证信息', 9, 0, 1, 0),
(11, 1, 'reserved4', '退改规则', 8, 0, 1, 0);

-- --------------------------------------------------------

--
-- テーブルの構造 `zh_line_day`
--

CREATE TABLE IF NOT EXISTS `zh_line_day` (
  `id` int(11) NOT NULL AUTO_INCREMENT,
  `webid` int(3) DEFAULT '1',
  `aid` int(11) unsigned DEFAULT NULL,
  `word` int(3) unsigned DEFAULT NULL COMMENT '天数(只能输入数字)',
  `isdisplay` int(1) unsigned DEFAULT '0' COMMENT '是否在前台显示',
  PRIMARY KEY (`id`)
) ENGINE=MyISAM  DEFAULT CHARSET=utf8 ROW_FORMAT=COMPACT COMMENT='线路天数分类表' AUTO_INCREMENT=14 ;

--
-- テーブルのデータのダンプ `zh_line_day`
--

INSERT INTO `zh_line_day` (`id`, `webid`, `aid`, `word`, `isdisplay`) VALUES
(1, 1, 1, 1, 1),
(2, 1, 2, 2, 1),
(3, 1, 3, 3, 1),
(4, 1, 4, 4, 1),
(5, 1, 5, 5, 1),
(6, 1, 6, 6, 1),
(7, 1, 7, 7, 1),
(8, 1, 8, 8, 1),
(9, 1, 9, 9, 1),
(10, 1, 10, 10, 1);

-- --------------------------------------------------------

--
-- テーブルの構造 `zh_line_jieshao`
--

CREATE TABLE IF NOT EXISTS `zh_line_jieshao` (
  `id` int(11) NOT NULL AUTO_INCREMENT,
  `lineid` int(11) unsigned DEFAULT NULL,
  `day` int(11) unsigned DEFAULT NULL COMMENT '第N天',
  `title` varchar(255) DEFAULT NULL COMMENT '标题',
  `breakfirsthas` tinyint(1) DEFAULT '0' COMMENT '早餐是否选择',
  `breakfirst` varchar(255) DEFAULT NULL,
  `transport` varchar(255) DEFAULT NULL COMMENT '交通',
  `hotel` varchar(255) DEFAULT NULL COMMENT '住宿',
  `jieshao` text COMMENT '行程内容',
  `lunchhas` tinyint(1) DEFAULT '0',
  `lunch` varchar(255) DEFAULT NULL COMMENT '午餐描述',
  `supperhas` tinyint(1) unsigned DEFAULT '0' COMMENT '是否有晚餐',
  `supper` varchar(255) DEFAULT NULL COMMENT '晚餐描述',
  `tjieshao` text,
  `timg` text,
  PRIMARY KEY (`id`)
) ENGINE=MyISAM  DEFAULT CHARSET=utf8 AUTO_INCREMENT=950 ;

--
-- テーブルのデータのダンプ `zh_line_jieshao`
--

INSERT INTO `zh_line_jieshao` (`id`, `lineid`, `day`, `title`, `breakfirsthas`, `breakfirst`, `transport`, `hotel`, `jieshao`, `lunchhas`, `lunch`, `supperhas`, `supper`, `tjieshao`, `timg`) VALUES
(949, 295, 5, '首尔/天津', 0, '', '', '', '', 0, '', 0, '', '早餐后前往仁川国际机场，乘飞机返回天津，结束愉快的旅程。', ''),
(948, 295, 4, '首尔', 1, '', '', '韩国四花双人标准间', '', 0, '', 0, '', '全天自由活动（用车、导游、用餐均不含），可自行前往明洞：代表时尚的明洞步行街，是韩国代表性的购物街，不仅可以购买服装、鞋类、杂货和化妆品，还有各种饮食店、小吃，是您自由行的首选之地。', ''),
(947, 295, 3, '首尔', 1, '', '', '韩国四花双人标准间', '', 0, '', 0, '', '【Trickeye~3D美术馆】（约1小时）：位于有着“年轻人玩乐天堂”之称的弘大附近，馆内展示的虽然是平面图画，但用肉眼看时却会有三维的视觉效果。【梨花壁画村】（约40分钟），68位艺术家在这里涂涂画画，色彩鲜艳、生动活泼的壁画为梨花村注入了新活力，摇身变为了浪漫的“月亮城”，并成为了韩国娱乐节目《2天1夜》、人气韩国电视剧《屋塔房王世子》等的拍摄地，小资们最爱的拍照圣地。后前往韩国最大主题乐园之一【乐天世界通票+乐天免税店】（约2-3个小时）：观看乐天世界精彩演出和巡游表演、还有丰富多彩的激光表演，体验惊险刺激的游乐设施，乐天世界是集旅游、休闲、购物文化于一体的多元复合休闲场所。游览【明洞步行街】（约1小时），晚餐可自行品尝韩国当地特色风味小吃。后前往韩国【土特产品店】（约1小时），选购带给亲朋好友的小礼物。', ''),
(946, 295, 2, '首尔', 1, '', '', '韩国四花双人标准间', '', 0, '', 0, '', '早餐后前往首尔【北岳Skyway】（约30分钟），在北岳天路俯瞰整个首尔的美景，在晨光里，登上天路，空气清新，仿佛脱离尘世般心旷神怡。前往【新罗免税店】（约1小时）。【紫菜博物馆】（约40分钟），【试穿韩国传统服饰】合影留念，留下美好回忆。前往【高丽人参展示厅】（约1小时）：了解韩国国宝高丽人参的养殖栽培技术和保健养生功效，免费品尝高丽人参茶。【韩国化妆品专卖店】自由购物（约1小时）。【保肝品专卖店】（约1小时）：它是韩国珍贵稀少名产枳椇子果实原料和高丽人参经过长达二十年的研究与研发，提炼出的最佳优良产品。', ''),
(944, 294, 1, '', 0, '', '', '', '', 0, '', 0, '', '', ''),
(945, 295, 1, '天津/首尔', 1, '', '', '韩国四花双人标准间', '', 0, '', 0, '', '天津滨海机场飞往韩国首都--首尔；参观朝鲜故宫【景福宫】（约1小时），总统府【青瓦台】外观（约20分钟）。游览【南山公园+首尔N塔】（不登塔，约40分钟）：南山是韩国著名游览景点，热播韩剧《来自星星的你》中，千颂伊与都教授在南山塔的餐厅吃饭和锁住情人锁的地方，是每一个到首尔的游客必去的观光地。前往【三清洞】（约1小时）关于三清洞的地名由来，有的说是因为这里山清、水清，而且人心淳朴，称为三清；也有一种说法是由供奉道教的太清、上清和玉清的三清殿而来。古香古色的传统韩屋建筑、画廊和咖啡厅，现代与传统相互协调，形成三清洞特有的氛围，静谧的散步路和画廊、博物馆、古玩店等使这里充满了浓浓的文化气息。晚餐后特别赠送韩国人气公演【HERO涂鸦秀】（约90分钟）。韩国年轻的艺术家首创绘画表演之先河，大胆摆脱了既有的艺术框架，将绘画的整个过程搬到舞台上，辅以动感音乐和诙谐的肢体语言，用艺术推动剧情的发展，大大刺激你的想象力。感受耳目一新的演出，收获到前所未有的视觉享受，共享美术带来的感动与快乐。（如遇场次不合适则更换乱打秀或拌饭秀或其他表演）', ''),
(943, 293, 5, '福冈——北京', 0, '', '', '', '', 0, '', 0, '', '当地自由活动\r\n客人自行前往机场办理登机手续。\r\n福冈机场出发⇒北京机场到达\r\n回程 CA954 15:10 —18:35 经停大连', ''),
(942, 293, 4, '福冈', 0, '', '', '福冈当地酒店', '', 0, '', 0, '', '当地自由活动', 'upload/original/line/2016/12/29/20141482996055.jpg||6181449025736'),
(941, 293, 3, '福冈', 0, '', '', '福冈当地酒店', '', 0, '', 0, '', '当地自由活动', 'upload/original/line/2016/12/29/34561482996041.jpg||2921449042976,upload/original/line/2016/12/29/9261482996042.jpg||3311449044875,upload/original/line/2016/12/29/43831482996042.jpg||3931449047967'),
(936, 292, 3, '长崎', 0, '', '', '长崎三星级酒店', '', 0, '', 0, '', '长崎当地自由活动', 'upload/original/line/2016/12/29/38731482995669.jpg||71121448933897,upload/original/line/2016/12/29/34321482995669.jpg||72841448945025'),
(937, 292, 4, '长崎-福冈', 0, '', '', '福冈三星级酒店', '', 0, '', 0, '', '从长崎前往福冈。\r\n福冈当地自由活动', 'upload/original/line/2016/12/29/39041482995691.jpg||54041448942685,upload/original/line/2016/12/29/46831482995691.jpg||68661448942623'),
(938, 292, 5, '福冈-北京', 0, '', '', '', '', 0, '', 0, '', '客人自行前往机场办理登机手续。\r\n福冈机场出发⇒北京机场到达\r\n回程 MU536 14:40 —18:50', ''),
(939, 293, 1, '北京——福冈', 0, '', '', '福冈当地酒店', '', 0, '', 0, '', '北京机场出发⇒福冈机场到达\r\n去程 CA953 08:40——14:10 经停大连\r\n到达后，客人自行办理酒店入住手续', 'upload/original/line/2016/12/29/75701482996008.jpg||191449026329,upload/original/line/2016/12/29/99661482996008.jpg||871449048134'),
(940, 293, 2, '福冈', 0, '', '', '福冈当地酒店', '', 0, '', 0, '', '当地自由活动', 'upload/original/line/2016/12/29/44681482996026.jpg||1231449043470,upload/original/line/2016/12/29/55981482996026.jpg||2081449048856'),
(935, 292, 2, '上海-长崎', 0, '', '', '长崎三星级酒店', '', 0, '', 0, '', '上海浦东机场出发⇒长崎机场到达\r\n自行前往上海浦东机场，乘坐东方航空航班飞往长崎机场。\r\n MU519   09：40--12：10\r\n抵达后，请自行前往酒店办理入住手续。', 'upload/original/line/2016/12/29/44411482995647.jpg||50681449195507,upload/original/line/2016/12/29/14051482995647.jpg||85881449195517'),
(934, 292, 1, '北京-上海', 0, '', '', '上海三星级酒店', '', 0, '', 0, '', '北京机场出发⇒上海虹桥机场到达\r\n去程 MU5106 09:55——12:20\r\n抵达上海，请自行前往酒店办理入住手续', 'upload/original/line/2016/12/29/64211482995624.jpg||2251449195518,upload/original/line/2016/12/29/84441482995625.jpg||18561449195518'),
(933, 291, 4, '长崎-福冈-上海', 0, '', '', '', '', 0, '', 0, '', '自行前往福冈机场\r\n推存 列车\r\n从豪斯登堡出发(所需时间:大约1小时45分钟)\r\n豪斯登堡→(特急”豪斯登堡” 大约1小时40分钟)→JR博多站→(地铁 大约5分钟)→福冈机场\r\n*请注意,为您预算的时间里面,不包含中途换车及候车的时间\r\n\r\n搭乘吉祥航班　福冈机场起飞', ''),
(931, 291, 2, '长崎', 0, '', '', '变的酒店 或 浮水印酒店', '', 0, '', 0, '', '自由活动 \r\n豪斯登堡门票价格   到2016年2月29日', 'upload/original/line/2016/12/29/29801482990671.jpg||7711449026309'),
(932, 291, 3, '长崎', 0, '', '', '变的酒店 或 浮水印酒店', '', 0, '', 0, '', '自由活动 \r\n豪斯登堡门票价格   从2016年3月1日', 'upload/original/line/2016/12/29/2991482990689.png||6831449048121'),
(930, 291, 1, '上海-福冈-长崎', 0, '', '', '变的酒店 或 浮水印酒店', '', 0, '', 0, '', '搭乘吉祥航班，浦东国际机场起飞。\r\n抵达福冈机场后，自行前往酒店。\r\n推存 列车\r\n从福冈机场出发(所需时间:大约1小时45分钟)\r\n福冈机场(国内出发)→(地铁 大约5分钟)→JR博多站→(特急”豪斯登堡” 大约1小时40分钟)→豪斯登堡\r\n*请注意,为您预算的时间里面,不包含中途换车及候车的时间', 'upload/original/line/2016/12/29/61681482990646.jpg||3311449044875,upload/original/line/2016/12/29/20711482990647.jpg||3931449047967,upload/original/line/2016/12/29/44751482990647.jpg||6181449025736,upload/original/line/2016/12/29/47621482990647.jpg||7071449026266,upload/original/line/2016/12/29/91961482990647.jpg||7641449026274,upload/original/line/2016/12/29/27501482990647.jpg||7711449026309'),
(928, 290, 3, '熊本→福冈', 0, '', '', '福冈或周边酒店', '', 0, '', 0, '', '【综合免税店】【福冈塔（不登塔）】【大濠公园】【太宰府天满宫】【LAOX电器免税店】【博多运河城】', ''),
(929, 290, 4, '福冈  大连   参考航班：CZ8576 (1620-1730)', 0, '', '', '', '', 0, '', 0, '', '【鳥栖奥特莱斯】（约2小时）喜欢日式风格的你，来这里逛一逛一定可以满载而归。', ''),
(927, 290, 2, '别府 汤布院 熊本', 1, '', '', '熊本周边酒店', '', 0, '', 0, '', '【海地狱】【汤布院艺术小镇】【金麟湖森林小径】【阿苏山火山（远眺）】【熊本城(外观)】', ''),
(926, 290, 1, '大连周水子机场————福冈国际机场', 1, '', '', '福冈周边酒店', '', 0, '', 0, '', '行程：10:00大连周水子国际机场2楼国际出发口集合，搭乘国际航班前往日本福冈机场\r\n\r\n集合时间：10:00大连周水子国际机场2楼国际出发口集合\r\n\r\n10：00在周水子国际机场2楼22号门集合，搭乘南方航空客气前往日本福冈，\r\n抵达后办理入境手续，入住酒店。', '');

-- --------------------------------------------------------

--
-- テーブルの構造 `zh_line_kindlist`
--

CREATE TABLE IF NOT EXISTS `zh_line_kindlist` (
  `id` int(11) unsigned NOT NULL AUTO_INCREMENT,
  `kindid` int(11) unsigned NOT NULL DEFAULT '0',
  `seotitle` varchar(255) DEFAULT NULL,
  `keyword` varchar(255) DEFAULT NULL,
  `description` varchar(255) DEFAULT NULL,
  `tagword` varchar(255) DEFAULT NULL,
  `jieshao` text,
  `isfinishseo` int(1) unsigned NOT NULL DEFAULT '0',
  `displayorder` int(4) unsigned DEFAULT '9999',
  `isnav` int(1) unsigned DEFAULT '0' COMMENT '是否导航',
  `ishot` int(1) unsigned DEFAULT '0' COMMENT '是否热门',
  `shownum` int(8) DEFAULT NULL,
  `templetpath` varchar(255) DEFAULT NULL,
  PRIMARY KEY (`id`),
  KEY `kindid` (`kindid`)
) ENGINE=MyISAM  DEFAULT CHARSET=utf8 COMMENT='ssmall线路分类总表' AUTO_INCREMENT=75 ;

--
-- テーブルのデータのダンプ `zh_line_kindlist`
--

INSERT INTO `zh_line_kindlist` (`id`, `kindid`, `seotitle`, `keyword`, `description`, `tagword`, `jieshao`, `isfinishseo`, `displayorder`, `isnav`, `ishot`, `shownum`, `templetpath`) VALUES
(51, 8, '', '', '', '', '', 0, 100, 0, 1, 0, ''),
(52, 11, '', '', '', '', '', 0, 102, 0, 1, 0, ''),
(53, 12, '', '', '', '', '', 0, 104, 0, 1, 0, ''),
(54, 6, '', '', '', '', '', 0, 1, 1, 0, 0, ''),
(55, 1, '', '', '', '', '', 0, 3, 1, 0, 0, ''),
(56, 27, '', '', '', '', '', 0, 2, 0, 0, 0, ''),
(58, 35, '', '', '', '', '', 0, 105, 0, 1, 0, ''),
(59, 36, '', '', '', '', '', 0, 9999, 0, 0, 0, ''),
(60, 24, '', '', '', '', '', 0, 103, 0, 1, 0, ''),
(61, 37, '', '', '', '', '', 0, 9999, 0, 0, 0, ''),
(62, 38, '', '', '', '', '', 0, 9999, 0, 0, 0, ''),
(63, 39, '', '', '', '', '', 0, 9999, 0, 0, 0, ''),
(64, 40, '', '', '', '', '', 0, 9999, 0, 0, 0, ''),
(65, 41, '', '', '', '', '', 0, 9999, 0, 0, 0, ''),
(66, 25, '', '', '', '', '', 0, 9999, 0, 0, 0, ''),
(67, 13, '', '', '', '', '', 0, 9999, 0, 0, 0, ''),
(68, 26, '', '', '', '', '', 0, 1, 0, 0, 0, ''),
(69, 67, '', '', '', '', '', 0, 2, 0, 0, 0, ''),
(70, 98, '', '', '', '', '', 0, 9999, 0, 0, 0, ''),
(71, 76, '', '', '', '', '', 0, 9999, 0, 0, 0, ''),
(72, 92, '', '', '', '', '', 0, 3, 0, 0, 0, ''),
(73, 54, '', '', '', '', '', 0, 9999, 0, 0, 0, ''),
(74, 78, '', '', '', '', '', 0, 9999, 0, 0, 0, '');

-- --------------------------------------------------------

--
-- テーブルの構造 `zh_line_pricelist`
--

CREATE TABLE IF NOT EXISTS `zh_line_pricelist` (
  `id` int(11) NOT NULL AUTO_INCREMENT,
  `webid` int(3) DEFAULT '1',
  `aid` int(11) unsigned DEFAULT NULL,
  `lowerprice` int(11) DEFAULT NULL,
  `highprice` int(11) DEFAULT NULL,
  PRIMARY KEY (`id`)
) ENGINE=MyISAM  DEFAULT CHARSET=utf8 ROW_FORMAT=COMPACT COMMENT='线路价格分段表' AUTO_INCREMENT=22 ;

--
-- テーブルのデータのダンプ `zh_line_pricelist`
--

INSERT INTO `zh_line_pricelist` (`id`, `webid`, `aid`, `lowerprice`, `highprice`) VALUES
(1, 1, 1, NULL, 2000),
(2, 1, NULL, 2001, 3000),
(3, 1, 2, 3001, 5000),
(4, 1, 3, 5001, 7000),
(5, 1, 4, 8001, 10000),
(6, 1, 5, 6001, 8000),
(17, 1, NULL, 7001, 8000),
(21, 1, NULL, 10000, NULL);

-- --------------------------------------------------------

--
-- テーブルの構造 `zh_line_suit`
--

CREATE TABLE IF NOT EXISTS `zh_line_suit` (
  `id` int(11) NOT NULL AUTO_INCREMENT,
  `lineid` int(11) NOT NULL,
  `suitname` varchar(255) DEFAULT NULL,
  `description` text,
  `displayorder` int(11) DEFAULT '999999',
  `jifenbook` int(11) DEFAULT '0',
  `jifentprice` int(11) DEFAULT '0',
  `jifencomment` int(11) DEFAULT '0',
  `propgroup` varchar(6) DEFAULT NULL,
  `paytype` tinyint(1) unsigned DEFAULT '1',
  `dingjin` varchar(255) DEFAULT NULL,
  `suittype` varchar(50) DEFAULT NULL,
  PRIMARY KEY (`id`),
  KEY `lineid` (`lineid`)
) ENGINE=MyISAM  DEFAULT CHARSET=utf8 AUTO_INCREMENT=416 ;

--
-- テーブルのデータのダンプ `zh_line_suit`
--

INSERT INTO `zh_line_suit` (`id`, `lineid`, `suitname`, `description`, `displayorder`, `jifenbook`, `jifentprice`, `jifencomment`, `propgroup`, `paytype`, `dingjin`, `suittype`) VALUES
(10, 32, '三星酒店套餐', '&lt;p&gt;入住（3星）冲绳那霸nest酒店&lt;br/&gt;&lt;/p&gt;', 1, 0, 0, 0, '2', 0, '', 'b2c'),
(9, 32, '四星酒店套餐', '&lt;p&gt;入住（4星酒店）冲绳太平洋酒店&lt;br/&gt;&lt;/p&gt;', 999999, 0, 0, 0, '2', 0, '', 'b2c'),
(12, 33, '套餐1', '', 999999, 0, 0, 0, '2', 0, '', 'b2c'),
(13, 34, '套餐1', '', 999999, 0, 0, 0, '2,1', 0, '', 'b2c'),
(407, 290, '别府，汤布院、熊本，阿苏，福冈四日游', '', 999999, 0, 0, 0, '2,1,3', 0, '', 'b2c'),
(408, 291, '享乐旅游 豪斯登堡4天自由行', '', 999999, 0, 0, 0, '2,1', 0, '', 'b2c'),
(409, 292, '标准', '', 999999, 0, 0, 0, '2', 0, '', 'b2c'),
(410, 293, '福冈狮子宫博多酒店', '', 999999, 0, 0, 0, '2', 0, '', 'b2c'),
(411, 293, '博多克莱奥元酒店', '', 999999, 0, 0, 0, '2,1', 0, '', 'b2c'),
(412, 293, '博多新大谷酒店', '', 999999, 0, 0, 0, '2,1,3', 0, '', 'b2c'),
(415, 294, '1月到6月价格', '', 999999, 0, 0, 0, '2,1', 0, '', 'b2c'),
(414, 294, '6月-12月价格', '', 999999, 0, 0, 0, '2,1', 0, '', 'b2c');

-- --------------------------------------------------------

--
-- テーブルの構造 `zh_line_suit_price`
--

CREATE TABLE IF NOT EXISTS `zh_line_suit_price` (
  `lineid` int(11) NOT NULL,
  `suitid` int(11) NOT NULL DEFAULT '0',
  `day` int(11) NOT NULL DEFAULT '0',
  `childprofit` int(11) DEFAULT NULL,
  `childbasicprice` int(11) DEFAULT NULL,
  `childprice` int(11) DEFAULT NULL,
  `oldprofit` int(11) DEFAULT NULL,
  `oldbasicprice` int(11) DEFAULT NULL,
  `oldprice` int(11) DEFAULT NULL,
  `adultprofit` int(11) DEFAULT NULL,
  `adultbasicprice` int(11) DEFAULT NULL,
  `adultprice` int(11) DEFAULT NULL,
  `description` varchar(50) DEFAULT NULL COMMENT '描述',
  `number` int(11) DEFAULT NULL COMMENT '库存',
  PRIMARY KEY (`suitid`,`day`)
) ENGINE=MyISAM DEFAULT CHARSET=utf8;

--
-- テーブルのデータのダンプ `zh_line_suit_price`
--

INSERT INTO `zh_line_suit_price` (`lineid`, `suitid`, `day`, `childprofit`, `childbasicprice`, `childprice`, `oldprofit`, `oldbasicprice`, `oldprice`, `adultprofit`, `adultbasicprice`, `adultprice`, `description`, `number`) VALUES
(34, 13, 1472486400, 0, 199, 199, 0, 0, 0, 0, 299, 299, '', -1),
(34, 13, 1472400000, 0, 199, 199, 0, 0, 0, 0, 299, 299, '', -1),
(34, 13, 1472313600, 0, 199, 199, 0, 0, 0, 0, 299, 299, '', -1),
(34, 13, 1472227200, 0, 199, 199, 0, 0, 0, 0, 299, 299, '', -1),
(34, 13, 1472140800, 0, 199, 199, 0, 0, 0, 0, 299, 299, '', -1),
(34, 13, 1472054400, 0, 199, 199, 0, 0, 0, 0, 299, 299, '', -1),
(34, 13, 1471968000, 0, 199, 199, 0, 0, 0, 0, 299, 299, '', -1),
(34, 13, 1471881600, 0, 199, 199, 0, 0, 0, 0, 299, 299, '', -1),
(34, 13, 1471795200, 0, 199, 199, 0, 0, 0, 0, 299, 299, '', -1),
(34, 13, 1471708800, 0, 199, 199, 0, 0, 0, 0, 299, 299, '', -1),
(34, 13, 1471622400, 0, 199, 199, 0, 0, 0, 0, 299, 299, '', -1),
(34, 13, 1471536000, 0, 199, 199, 0, 0, 0, 0, 299, 299, '', -1),
(34, 13, 1471449600, 0, 199, 199, 0, 0, 0, 0, 299, 299, '', -1),
(34, 13, 1471363200, 0, 199, 199, 0, 0, 0, 0, 299, 299, '', -1),
(34, 13, 1471276800, 0, 199, 199, 0, 0, 0, 0, 299, 299, '', -1),
(34, 13, 1471190400, 0, 199, 199, 0, 0, 0, 0, 299, 299, '', -1),
(34, 13, 1471104000, 0, 199, 199, 0, 0, 0, 0, 299, 299, '', -1),
(34, 13, 1471017600, 0, 199, 199, 0, 0, 0, 0, 299, 299, '', -1),
(34, 13, 1470931200, 0, 199, 199, 0, 0, 0, 0, 299, 299, '', -1),
(34, 13, 1470844800, 0, 199, 199, 0, 0, 0, 0, 299, 299, '', -1),
(34, 13, 1470758400, 0, 199, 199, 0, 0, 0, 0, 299, 299, '', -1),
(34, 13, 1470672000, 0, 199, 199, 0, 0, 0, 0, 299, 299, '', -1),
(34, 13, 1470585600, 0, 199, 199, 0, 0, 0, 0, 299, 299, '', -1),
(34, 13, 1470499200, 0, 199, 199, 0, 0, 0, 0, 299, 299, '', -1),
(34, 13, 1470412800, 0, 199, 199, 0, 0, 0, 0, 299, 299, '', -1),
(34, 13, 1470326400, 0, 199, 199, 0, 0, 0, 0, 299, 299, '', -1),
(34, 13, 1470240000, 0, 199, 199, 0, 0, 0, 0, 299, 299, '', -1),
(34, 13, 1470153600, 0, 199, 199, 0, 0, 0, 0, 299, 299, '', -1),
(34, 13, 1470067200, 0, 199, 199, 0, 0, 0, 0, 299, 299, '', -1),
(34, 13, 1469980800, 0, 199, 199, 0, 0, 0, 0, 299, 299, '', -1),
(34, 13, 1469894400, 0, 199, 199, 0, 0, 0, 0, 299, 299, '', -1),
(34, 13, 1469808000, 0, 199, 199, 0, 0, 0, 0, 299, 299, '', -1),
(34, 13, 1469721600, 0, 199, 199, 0, 0, 0, 0, 299, 299, '', -1),
(34, 13, 1469635200, 0, 199, 199, 0, 0, 0, 0, 299, 299, '', -1),
(34, 13, 1469548800, 0, 199, 199, 0, 0, 0, 0, 299, 299, '', -1),
(34, 13, 1469462400, 0, 199, 199, 0, 0, 0, 0, 299, 299, '', -1),
(34, 13, 1469376000, 0, 199, 199, 0, 0, 0, 0, 299, 299, '', -1),
(34, 13, 1469289600, 0, 199, 199, 0, 0, 0, 0, 299, 299, '', -1),
(34, 13, 1469203200, 0, 199, 199, 0, 0, 0, 0, 299, 299, '', -1),
(34, 13, 1469116800, 0, 199, 199, 0, 0, 0, 0, 299, 299, '', -1),
(34, 13, 1469030400, 0, 199, 199, 0, 0, 0, 0, 299, 299, '', -1),
(34, 13, 1468944000, 0, 199, 199, 0, 0, 0, 0, 299, 299, '', -1),
(34, 13, 1468857600, 0, 199, 199, 0, 0, 0, 0, 299, 299, '', -1),
(34, 13, 1468771200, 0, 199, 199, 0, 0, 0, 0, 299, 299, '', -1),
(34, 13, 1468684800, 0, 199, 199, 0, 0, 0, 0, 299, 299, '', -1),
(34, 13, 1468598400, 0, 199, 199, 0, 0, 0, 0, 299, 299, '', -1),
(34, 13, 1468512000, 0, 199, 199, 0, 0, 0, 0, 299, 299, '', -1),
(34, 13, 1468425600, 0, 199, 199, 0, 0, 0, 0, 299, 299, '', -1),
(34, 13, 1468339200, 0, 199, 199, 0, 0, 0, 0, 299, 299, '', -1),
(34, 13, 1468252800, 0, 199, 199, 0, 0, 0, 0, 299, 299, '', -1),
(34, 13, 1468166400, 0, 199, 199, 0, 0, 0, 0, 299, 299, '', -1),
(34, 13, 1468080000, 0, 199, 199, 0, 0, 0, 0, 299, 299, '', -1),
(34, 13, 1467993600, 0, 199, 199, 0, 0, 0, 0, 299, 299, '', -1),
(34, 13, 1467907200, 0, 199, 199, 0, 0, 0, 0, 299, 299, '', -1),
(34, 13, 1467820800, 0, 199, 199, 0, 0, 0, 0, 299, 299, '', -1),
(34, 13, 1467734400, 0, 199, 199, 0, 0, 0, 0, 299, 299, '', -1),
(34, 13, 1467648000, 0, 199, 199, 0, 0, 0, 0, 299, 299, '', -1),
(34, 13, 1467561600, 0, 199, 199, 0, 0, 0, 0, 299, 299, '', -1),
(34, 13, 1467475200, 0, 199, 199, 0, 0, 0, 0, 299, 299, '', -1),
(34, 13, 1467388800, 0, 199, 199, 0, 0, 0, 0, 299, 299, '', -1),
(34, 13, 1467302400, 0, 199, 199, 0, 0, 0, 0, 299, 299, '', -1),
(34, 13, 1467216000, 0, 199, 199, 0, 0, 0, 0, 299, 299, '', -1),
(34, 13, 1467129600, 0, 199, 199, 0, 0, 0, 0, 299, 299, '', -1),
(34, 13, 1467043200, 0, 199, 199, 0, 0, 0, 0, 299, 299, '', -1),
(34, 13, 1466956800, 0, 199, 199, 0, 0, 0, 0, 299, 299, '', -1),
(34, 13, 1466870400, 0, 199, 199, 0, 0, 0, 0, 299, 299, '', -1),
(34, 13, 1466784000, 0, 199, 199, 0, 0, 0, 0, 299, 299, '', -1),
(34, 13, 1466697600, 0, 199, 199, 0, 0, 0, 0, 299, 299, '', -1),
(34, 13, 1466611200, 0, 199, 199, 0, 0, 0, 0, 299, 299, '', -1),
(34, 13, 1466524800, 0, 199, 199, 0, 0, 0, 0, 299, 299, '', -1),
(34, 13, 1466438400, 0, 199, 199, 0, 0, 0, 0, 299, 299, '', -1),
(34, 13, 1466352000, 0, 199, 199, 0, 0, 0, 0, 299, 299, '', -1),
(34, 13, 1466265600, 0, 199, 199, 0, 0, 0, 0, 299, 299, '', -1),
(34, 13, 1466179200, 0, 199, 199, 0, 0, 0, 0, 299, 299, '', -1),
(34, 13, 1466092800, 0, 199, 199, 0, 0, 0, 0, 299, 299, '', -1),
(34, 13, 1466006400, 0, 199, 199, 0, 0, 0, 0, 299, 299, '', -1),
(34, 13, 1465920000, 0, 199, 199, 0, 0, 0, 0, 299, 299, '', -1),
(34, 13, 1465833600, 0, 199, 199, 0, 0, 0, 0, 299, 299, '', -1),
(34, 13, 1465747200, 0, 199, 199, 0, 0, 0, 0, 299, 299, '', -1),
(34, 13, 1465660800, 0, 199, 199, 0, 0, 0, 0, 299, 299, '', -1),
(34, 13, 1465574400, 0, 199, 199, 0, 0, 0, 0, 299, 299, '', -1),
(34, 13, 1465488000, 0, 199, 199, 0, 0, 0, 0, 299, 299, '', -1),
(34, 13, 1465401600, 0, 199, 199, 0, 0, 0, 0, 299, 299, '', -1),
(34, 13, 1465315200, 0, 199, 199, 0, 0, 0, 0, 299, 299, '', -1),
(34, 13, 1465228800, 0, 199, 199, 0, 0, 0, 0, 299, 299, '', -1),
(34, 13, 1465142400, 0, 199, 199, 0, 0, 0, 0, 299, 299, '', -1),
(34, 13, 1465056000, 0, 199, 199, 0, 0, 0, 0, 299, 299, '', -1),
(34, 13, 1464969600, 0, 199, 199, 0, 0, 0, 0, 299, 299, '', -1),
(34, 13, 1464883200, 0, 199, 199, 0, 0, 0, 0, 299, 299, '', -1),
(34, 13, 1464796800, 0, 199, 199, 0, 0, 0, 0, 299, 299, '', -1),
(34, 13, 1464710400, 0, 199, 199, 0, 0, 0, 0, 299, 299, '', -1),
(34, 13, 1464624000, 0, 199, 199, 0, 0, 0, 0, 299, 299, '', -1),
(34, 13, 1464537600, 0, 199, 199, 0, 0, 0, 0, 299, 299, '', -1),
(34, 13, 1464451200, 0, 199, 199, 0, 0, 0, 0, 299, 299, '', -1),
(34, 13, 1464364800, 0, 199, 199, 0, 0, 0, 0, 299, 299, '', -1),
(34, 13, 1464278400, 0, 199, 199, 0, 0, 0, 0, 299, 299, '', -1),
(34, 13, 1464192000, 0, 199, 199, 0, 0, 0, 0, 299, 299, '', -1),
(34, 13, 1464105600, 0, 199, 199, 0, 0, 0, 0, 299, 299, '', -1),
(34, 13, 1464019200, 0, 199, 199, 0, 0, 0, 0, 299, 299, '', -1),
(34, 13, 1463932800, 0, 199, 199, 0, 0, 0, 0, 299, 299, '', -1),
(34, 13, 1463846400, 0, 199, 199, 0, 0, 0, 0, 299, 299, '', -1),
(34, 13, 1463760000, 0, 199, 199, 0, 0, 0, 0, 299, 299, '', -1),
(34, 13, 1463673600, 0, 199, 199, 0, 0, 0, 0, 299, 299, '', -1),
(34, 13, 1463587200, 0, 199, 199, 0, 0, 0, 0, 299, 299, '', -1),
(34, 13, 1463500800, 0, 199, 199, 0, 0, 0, 0, 299, 299, '', -1),
(34, 13, 1463414400, 0, 199, 199, 0, 0, 0, 0, 299, 299, '', -1),
(34, 13, 1463328000, 0, 199, 199, 0, 0, 0, 0, 299, 299, '', -1),
(34, 13, 1463241600, 0, 199, 199, 0, 0, 0, 0, 299, 299, '', -1),
(34, 13, 1463155200, 0, 199, 199, 0, 0, 0, 0, 299, 299, '', -1),
(34, 13, 1463068800, 0, 199, 199, 0, 0, 0, 0, 299, 299, '', -1),
(34, 13, 1462982400, 0, 199, 199, 0, 0, 0, 0, 299, 299, '', -1),
(34, 13, 1462896000, 0, 199, 199, 0, 0, 0, 0, 299, 299, '', -1),
(34, 13, 1462809600, 0, 199, 199, 0, 0, 0, 0, 299, 299, '', -1),
(34, 13, 1462464000, 0, 199, 199, 0, 0, 0, 0, 299, 299, '', -1),
(34, 13, 1462550400, 0, 199, 199, 0, 0, 0, 0, 299, 299, '', -1),
(34, 13, 1462636800, 0, 199, 199, 0, 0, 0, 0, 299, 299, '', -1),
(34, 13, 1462723200, 0, 199, 199, 0, 0, 0, 0, 299, 299, '', -1),
(34, 13, 1472918400, 0, 199, 199, 0, 0, 0, 0, 299, 299, '', -1),
(34, 13, 1472832000, 0, 199, 199, 0, 0, 0, 0, 299, 299, '', -1),
(34, 13, 1472745600, 0, 199, 199, 0, 0, 0, 0, 299, 299, '', -1),
(34, 13, 1472659200, 0, 199, 199, 0, 0, 0, 0, 299, 299, '', -1),
(34, 13, 1472572800, 0, 199, 199, 0, 0, 0, 0, 299, 299, '', -1),
(34, 13, 1462377600, 0, 199, 199, 0, 0, 0, 0, 299, 299, '', -1),
(34, 13, 1462291200, 0, 199, 199, 0, 0, 0, 0, 299, 299, '', -1),
(34, 13, 1462204800, 0, 199, 199, 0, 0, 0, 0, 299, 299, '', -1),
(34, 13, 1462118400, 0, 199, 199, 0, 0, 0, 0, 299, 299, '', -1),
(34, 13, 1462032000, 0, 199, 199, 0, 0, 0, 0, 299, 299, '', -1),
(34, 13, 1461945600, 0, 199, 199, 0, 0, 0, 0, 299, 299, '', -1),
(34, 13, 1461859200, 0, 199, 199, 0, 0, 0, 0, 299, 299, '', -1),
(34, 13, 1461772800, 0, 199, 199, 0, 0, 0, 0, 299, 299, '', -1),
(34, 13, 1461686400, 0, 199, 199, 0, 0, 0, 0, 299, 299, '', -1),
(34, 13, 1461600000, 0, 199, 199, 0, 0, 0, 0, 299, 299, '', -1),
(34, 13, 1461513600, 0, 199, 199, 0, 0, 0, 0, 299, 299, '', -1),
(34, 13, 1461427200, 0, 199, 199, 0, 0, 0, 0, 299, 299, '', -1),
(34, 13, 1461340800, 0, 199, 199, 0, 0, 0, 0, 299, 299, '', -1),
(34, 13, 1461254400, 0, 199, 199, 0, 0, 0, 0, 299, 299, '', -1),
(34, 13, 1461168000, 0, 199, 199, 0, 0, 0, 0, 299, 299, '', -1),
(34, 13, 1461081600, 0, 199, 199, 0, 0, 0, 0, 299, 299, '', -1),
(34, 13, 1460995200, 0, 199, 199, 0, 0, 0, 0, 299, 299, '', -1),
(34, 13, 1460908800, 0, 199, 199, 0, 0, 0, 0, 299, 299, '', -1),
(34, 13, 1460822400, 0, 199, 199, 0, 0, 0, 0, 299, 299, '', -1),
(34, 13, 1460736000, 0, 199, 199, 0, 0, 0, 0, 299, 299, '', -1),
(34, 13, 1460649600, 0, 199, 199, 0, 0, 0, 0, 299, 299, '', -1),
(34, 13, 1460563200, 0, 199, 199, 0, 0, 0, 0, 299, 299, '', -1),
(34, 13, 1460476800, 0, 199, 199, 0, 0, 0, 0, 299, 299, '', -1),
(34, 13, 1460390400, 0, 199, 199, 0, 0, 0, 0, 299, 299, '', -1),
(34, 13, 1460304000, 0, 199, 199, 0, 0, 0, 0, 299, 299, '', -1),
(34, 13, 1460217600, 0, 199, 199, 0, 0, 0, 0, 299, 299, '', -1),
(34, 13, 1460131200, 0, 199, 199, 0, 0, 0, 0, 299, 299, '', -1),
(34, 13, 1460044800, 0, 199, 199, 0, 0, 0, 0, 299, 299, '', -1),
(34, 13, 1459958400, 0, 199, 199, 0, 0, 0, 0, 299, 299, '', -1),
(34, 13, 1459872000, 0, 199, 199, 0, 0, 0, 0, 299, 299, '', -1),
(34, 13, 1456416000, 0, 199, 199, 0, 0, 0, 0, 299, 299, '', -1),
(34, 13, 1456502400, 0, 199, 199, 0, 0, 0, 0, 299, 299, '', -1),
(34, 13, 1456588800, 0, 199, 199, 0, 0, 0, 0, 299, 299, '', -1),
(34, 13, 1456675200, 0, 199, 199, 0, 0, 0, 0, 299, 299, '', -1),
(34, 13, 1456761600, 0, 199, 199, 0, 0, 0, 0, 299, 299, '', -1),
(34, 13, 1456848000, 0, 199, 199, 0, 0, 0, 0, 299, 299, '', -1),
(34, 13, 1456934400, 0, 199, 199, 0, 0, 0, 0, 299, 299, '', -1),
(34, 13, 1457020800, 0, 199, 199, 0, 0, 0, 0, 299, 299, '', -1),
(34, 13, 1457107200, 0, 199, 199, 0, 0, 0, 0, 299, 299, '', -1),
(34, 13, 1457193600, 0, 199, 199, 0, 0, 0, 0, 299, 299, '', -1),
(34, 13, 1457280000, 0, 199, 199, 0, 0, 0, 0, 299, 299, '', -1),
(34, 13, 1457366400, 0, 199, 199, 0, 0, 0, 0, 299, 299, '', -1),
(34, 13, 1457452800, 0, 199, 199, 0, 0, 0, 0, 299, 299, '', -1),
(34, 13, 1457539200, 0, 199, 199, 0, 0, 0, 0, 299, 299, '', -1),
(34, 13, 1457625600, 0, 199, 199, 0, 0, 0, 0, 299, 299, '', -1),
(34, 13, 1457712000, 0, 199, 199, 0, 0, 0, 0, 299, 299, '', -1),
(34, 13, 1457798400, 0, 199, 199, 0, 0, 0, 0, 299, 299, '', -1),
(34, 13, 1457884800, 0, 199, 199, 0, 0, 0, 0, 299, 299, '', -1),
(34, 13, 1457971200, 0, 199, 199, 0, 0, 0, 0, 299, 299, '', -1),
(34, 13, 1458057600, 0, 199, 199, 0, 0, 0, 0, 299, 299, '', -1),
(34, 13, 1458144000, 0, 199, 199, 0, 0, 0, 0, 299, 299, '', -1),
(34, 13, 1458230400, 0, 199, 199, 0, 0, 0, 0, 299, 299, '', -1),
(34, 13, 1458316800, 0, 199, 199, 0, 0, 0, 0, 299, 299, '', -1),
(34, 13, 1458403200, 0, 199, 199, 0, 0, 0, 0, 299, 299, '', -1),
(34, 13, 1458489600, 0, 199, 199, 0, 0, 0, 0, 299, 299, '', -1),
(34, 13, 1458576000, 0, 199, 199, 0, 0, 0, 0, 299, 299, '', -1),
(34, 13, 1458662400, 0, 199, 199, 0, 0, 0, 0, 299, 299, '', -1),
(34, 13, 1458748800, 0, 199, 199, 0, 0, 0, 0, 299, 299, '', -1),
(34, 13, 1458835200, 0, 199, 199, 0, 0, 0, 0, 299, 299, '', -1),
(34, 13, 1458921600, 0, 199, 199, 0, 0, 0, 0, 299, 299, '', -1),
(34, 13, 1459008000, 0, 199, 199, 0, 0, 0, 0, 299, 299, '', -1),
(34, 13, 1459094400, 0, 199, 199, 0, 0, 0, 0, 299, 299, '', -1),
(34, 13, 1459180800, 0, 199, 199, 0, 0, 0, 0, 299, 299, '', -1),
(34, 13, 1459267200, 0, 199, 199, 0, 0, 0, 0, 299, 299, '', -1),
(34, 13, 1459353600, 0, 199, 199, 0, 0, 0, 0, 299, 299, '', -1),
(34, 13, 1459440000, 0, 199, 199, 0, 0, 0, 0, 299, 299, '', -1),
(34, 13, 1459526400, 0, 199, 199, 0, 0, 0, 0, 299, 299, '', -1),
(34, 13, 1459612800, 0, 199, 199, 0, 0, 0, 0, 299, 299, '', -1),
(34, 13, 1459699200, 0, 199, 199, 0, 0, 0, 0, 299, 299, '', -1),
(34, 13, 1459785600, 0, 199, 199, 0, 0, 0, 0, 299, 299, '', -1),
(34, 13, 1456329600, 0, 199, 199, 0, 0, 0, 0, 299, 299, '', -1),
(34, 13, 1456156800, 0, 199, 199, 0, 0, 0, 0, 299, 299, '', -1),
(34, 13, 1456243200, 0, 199, 199, 0, 0, 0, 0, 299, 299, '', -1),
(34, 13, 1455984000, 0, 199, 199, 0, 0, 0, 0, 299, 299, '', -1),
(34, 13, 1456070400, 0, 199, 199, 0, 0, 0, 0, 299, 299, '', -1),
(34, 13, 1455811200, 0, 199, 199, 0, 0, 0, 0, 299, 299, '', -1),
(34, 13, 1455897600, 0, 199, 199, 0, 0, 0, 0, 299, 299, '', -1),
(34, 13, 1455638400, 0, 199, 199, 0, 0, 0, 0, 299, 299, '', -1),
(34, 13, 1455724800, 0, 199, 199, 0, 0, 0, 0, 299, 299, '', -1),
(34, 13, 1455465600, 0, 199, 199, 0, 0, 0, 0, 299, 299, '', -1),
(34, 13, 1455552000, 0, 199, 199, 0, 0, 0, 0, 299, 299, '', -1),
(34, 13, 1455292800, 0, 199, 199, 0, 0, 0, 0, 299, 299, '', -1),
(34, 13, 1455379200, 0, 199, 199, 0, 0, 0, 0, 299, 299, '', -1),
(34, 13, 1455120000, 0, 199, 199, 0, 0, 0, 0, 299, 299, '', -1),
(34, 13, 1455206400, 0, 199, 199, 0, 0, 0, 0, 299, 299, '', -1),
(34, 13, 1454947200, 0, 199, 199, 0, 0, 0, 0, 299, 299, '', -1),
(34, 13, 1455033600, 0, 199, 199, 0, 0, 0, 0, 299, 299, '', -1),
(34, 13, 1454774400, 0, 199, 199, 0, 0, 0, 0, 299, 299, '', -1),
(34, 13, 1454860800, 0, 199, 199, 0, 0, 0, 0, 299, 299, '', -1),
(34, 13, 1454601600, 0, 199, 199, 0, 0, 0, 0, 299, 299, '', -1),
(34, 13, 1454688000, 0, 199, 199, 0, 0, 0, 0, 299, 299, '', -1),
(34, 13, 1454428800, 0, 199, 199, 0, 0, 0, 0, 299, 299, '', -1),
(34, 13, 1454515200, 0, 199, 199, 0, 0, 0, 0, 299, 299, '', -1),
(34, 13, 1454256000, 0, 199, 199, 0, 0, 0, 0, 299, 299, '', -1),
(34, 13, 1454342400, 0, 199, 199, 0, 0, 0, 0, 299, 299, '', -1),
(34, 13, 1454083200, 0, 199, 199, 0, 0, 0, 0, 299, 299, '', -1),
(34, 13, 1454169600, 0, 199, 199, 0, 0, 0, 0, 299, 299, '', -1),
(34, 13, 1453910400, 0, 199, 199, 0, 0, 0, 0, 299, 299, '', -1),
(34, 13, 1453996800, 0, 199, 199, 0, 0, 0, 0, 299, 299, '', -1),
(34, 13, 1453737600, 0, 199, 199, 0, 0, 0, 0, 299, 299, '', -1),
(34, 13, 1453824000, 0, 199, 199, 0, 0, 0, 0, 299, 299, '', -1),
(34, 13, 1453564800, 0, 199, 199, 0, 0, 0, 0, 299, 299, '', -1),
(34, 13, 1453651200, 0, 199, 199, 0, 0, 0, 0, 299, 299, '', -1),
(34, 13, 1453392000, 0, 199, 199, 0, 0, 0, 0, 299, 299, '', -1),
(34, 13, 1453478400, 0, 199, 199, 0, 0, 0, 0, 299, 299, '', -1),
(34, 13, 1453219200, 0, 199, 199, 0, 0, 0, 0, 299, 299, '', -1),
(34, 13, 1453305600, 0, 199, 199, 0, 0, 0, 0, 299, 299, '', -1),
(34, 13, 1453046400, 0, 199, 199, 0, 0, 0, 0, 299, 299, '', -1),
(34, 13, 1453132800, 0, 199, 199, 0, 0, 0, 0, 299, 299, '', -1),
(34, 13, 1452873600, 0, 199, 199, 0, 0, 0, 0, 299, 299, '', -1),
(34, 13, 1452960000, 0, 199, 199, 0, 0, 0, 0, 299, 299, '', -1),
(34, 13, 1452700800, 0, 199, 199, 0, 0, 0, 0, 299, 299, '', -1),
(34, 13, 1452787200, 0, 199, 199, 0, 0, 0, 0, 299, 299, '', -1),
(34, 13, 1452528000, 0, 199, 199, 0, 0, 0, 0, 299, 299, '', -1),
(34, 13, 1452614400, 0, 199, 199, 0, 0, 0, 0, 299, 299, '', -1),
(34, 13, 1452355200, 0, 199, 199, 0, 0, 0, 0, 299, 299, '', -1),
(34, 13, 1452441600, 0, 199, 199, 0, 0, 0, 0, 299, 299, '', -1),
(34, 13, 1452182400, 0, 199, 199, 0, 0, 0, 0, 299, 299, '', -1),
(34, 13, 1452268800, 0, 199, 199, 0, 0, 0, 0, 299, 299, '', -1),
(34, 13, 1452009600, 0, 199, 199, 0, 0, 0, 0, 299, 299, '', -1),
(34, 13, 1452096000, 0, 199, 199, 0, 0, 0, 0, 299, 299, '', -1),
(34, 13, 1451836800, 0, 199, 199, 0, 0, 0, 0, 299, 299, '', -1),
(34, 13, 1451923200, 0, 199, 199, 0, 0, 0, 0, 299, 299, '', -1),
(34, 13, 1451664000, 0, 199, 199, 0, 0, 0, 0, 299, 299, '', -1),
(34, 13, 1451750400, 0, 199, 199, 0, 0, 0, 0, 299, 299, '', -1),
(34, 13, 1451491200, 0, 199, 199, 0, 0, 0, 0, 299, 299, '', -1),
(34, 13, 1451577600, 0, 199, 199, 0, 0, 0, 0, 299, 299, '', -1),
(34, 13, 1451318400, 0, 199, 199, 0, 0, 0, 0, 299, 299, '', -1),
(34, 13, 1451404800, 0, 199, 199, 0, 0, 0, 0, 299, 299, '', -1),
(34, 13, 1451145600, 0, 199, 199, 0, 0, 0, 0, 299, 299, '', -1),
(34, 13, 1451232000, 0, 199, 199, 0, 0, 0, 0, 299, 299, '', -1),
(34, 13, 1450972800, 0, 199, 199, 0, 0, 0, 0, 299, 299, '', -1),
(34, 13, 1451059200, 0, 199, 199, 0, 0, 0, 0, 299, 299, '', -1),
(34, 13, 1450800000, 0, 199, 199, 0, 0, 0, 0, 299, 299, '', -1),
(34, 13, 1450886400, 0, 199, 199, 0, 0, 0, 0, 299, 299, '', -1),
(34, 13, 1450627200, 0, 199, 199, 0, 0, 0, 0, 299, 299, '', -1),
(34, 13, 1450713600, 0, 199, 199, 0, 0, 0, 0, 299, 299, '', -1),
(34, 13, 1450454400, 0, 199, 199, 0, 0, 0, 0, 299, 299, '', -1),
(34, 13, 1450540800, 0, 199, 199, 0, 0, 0, 0, 299, 299, '', -1),
(34, 13, 1450281600, 0, 199, 199, 0, 0, 0, 0, 299, 299, '', -1),
(34, 13, 1450368000, 0, 199, 199, 0, 0, 0, 0, 299, 299, '', -1),
(34, 13, 1450108800, 0, 199, 199, 0, 0, 0, 0, 299, 299, '', -1),
(34, 13, 1450195200, 0, 199, 199, 0, 0, 0, 0, 299, 299, '', -1),
(34, 13, 1449936000, 0, 199, 199, 0, 0, 0, 0, 299, 299, '', -1),
(34, 13, 1450022400, 0, 199, 199, 0, 0, 0, 0, 299, 299, '', -1),
(34, 13, 1449763200, 0, 199, 199, 0, 0, 0, 0, 299, 299, '', -1),
(34, 13, 1449849600, 0, 199, 199, 0, 0, 0, 0, 299, 299, '', -1),
(34, 13, 1449590400, 0, 199, 199, 0, 0, 0, 0, 299, 299, '', -1),
(34, 13, 1449676800, 0, 199, 199, 0, 0, 0, 0, 299, 299, '', -1),
(34, 13, 1449417600, 0, 199, 199, 0, 0, 0, 0, 299, 299, '', -1),
(34, 13, 1449504000, 0, 199, 199, 0, 0, 0, 0, 299, 299, '', -1),
(34, 13, 1449244800, 0, 199, 199, 0, 0, 0, 0, 299, 299, '', -1),
(34, 13, 1449331200, 0, 199, 199, 0, 0, 0, 0, 299, 299, '', -1),
(34, 13, 1449072000, 0, 199, 199, 0, 0, 0, 0, 299, 299, '', -1),
(34, 13, 1449158400, 0, 199, 199, 0, 0, 0, 0, 299, 299, '', -1),
(34, 13, 1448899200, 0, 199, 199, 0, 0, 0, 0, 299, 299, '', -1),
(34, 13, 1448985600, 0, 199, 199, 0, 0, 0, 0, 299, 299, '', -1),
(34, 13, 1447257600, 0, 199, 199, 0, 0, 0, 0, 299, 299, '', -1),
(34, 13, 1447344000, 0, 199, 199, 0, 0, 0, 0, 299, 299, '', -1),
(34, 13, 1447430400, 0, 199, 199, 0, 0, 0, 0, 299, 299, '', -1),
(34, 13, 1447516800, 0, 199, 199, 0, 0, 0, 0, 299, 299, '', -1),
(34, 13, 1447603200, 0, 199, 199, 0, 0, 0, 0, 299, 299, '', -1),
(34, 13, 1447689600, 0, 199, 199, 0, 0, 0, 0, 299, 299, '', -1),
(34, 13, 1447776000, 0, 199, 199, 0, 0, 0, 0, 299, 299, '', -1),
(34, 13, 1447862400, 0, 199, 199, 0, 0, 0, 0, 299, 299, '', -1),
(34, 13, 1447948800, 0, 199, 199, 0, 0, 0, 0, 299, 299, '', -1),
(34, 13, 1448035200, 0, 199, 199, 0, 0, 0, 0, 299, 299, '', -1),
(34, 13, 1448121600, 0, 199, 199, 0, 0, 0, 0, 299, 299, '', -1),
(34, 13, 1448208000, 0, 199, 199, 0, 0, 0, 0, 299, 299, '', -1),
(34, 13, 1448294400, 0, 199, 199, 0, 0, 0, 0, 299, 299, '', -1),
(34, 13, 1448380800, 0, 199, 199, 0, 0, 0, 0, 299, 299, '', -1),
(34, 13, 1448467200, 0, 199, 199, 0, 0, 0, 0, 299, 299, '', -1),
(34, 13, 1448553600, 0, 199, 199, 0, 0, 0, 0, 299, 299, '', -1),
(34, 13, 1448640000, 0, 199, 199, 0, 0, 0, 0, 299, 299, '', -1),
(34, 13, 1448726400, 0, 199, 199, 0, 0, 0, 0, 299, 299, '', -1),
(34, 13, 1448812800, 0, 199, 199, 0, 0, 0, 0, 299, 299, '', -1),
(34, 13, 1447171200, 0, 199, 199, 0, 0, 0, 0, 299, 299, '', -1),
(34, 13, 1447084800, 0, 199, 199, 0, 0, 0, 0, 299, 299, '', -1),
(34, 13, 1446998400, 0, 199, 199, 0, 0, 0, 0, 299, 299, '', -1),
(34, 13, 1446912000, 0, 199, 199, 0, 0, 0, 0, 299, 299, '', -1),
(34, 13, 1446825600, 0, 199, 199, 0, 0, 0, 0, 299, 299, '', -1),
(34, 13, 1446739200, 0, 199, 199, 0, 0, 0, 0, 299, 299, '', -1),
(34, 13, 1446652800, 0, 199, 199, 0, 0, 0, 0, 299, 299, '', -1),
(34, 13, 1446566400, 0, 199, 199, 0, 0, 0, 0, 299, 299, '', -1),
(34, 13, 1446480000, 0, 199, 199, 0, 0, 0, 0, 299, 299, '', -1),
(34, 13, 1446393600, 0, 199, 199, 0, 0, 0, 0, 299, 299, '', -1),
(34, 13, 1446307200, 0, 199, 199, 0, 0, 0, 0, 299, 299, '', -1),
(34, 13, 1446220800, 0, 199, 199, 0, 0, 0, 0, 299, 299, '', -1),
(34, 13, 1446134400, 0, 199, 199, 0, 0, 0, 0, 299, 299, '', -1),
(34, 13, 1446048000, 0, 199, 199, 0, 0, 0, 0, 299, 299, '', -1),
(34, 13, 1445961600, 0, 199, 199, 0, 0, 0, 0, 299, 299, '', -1),
(34, 13, 1445875200, 0, 199, 199, 0, 0, 0, 0, 299, 299, '', -1),
(34, 13, 1445788800, 0, 199, 199, 0, 0, 0, 0, 299, 299, '', -1),
(34, 13, 1445702400, 0, 199, 199, 0, 0, 0, 0, 299, 299, '', -1),
(34, 13, 1445616000, 0, 199, 199, 0, 0, 0, 0, 299, 299, '', -1),
(34, 13, 1445529600, 0, 199, 199, 0, 0, 0, 0, 299, 299, '', -1),
(33, 12, 1445443200, 0, 0, 0, 0, 0, 0, 0, 5480, 5480, '', -1),
(33, 12, 1446048000, 0, 0, 0, 0, 0, 0, 0, 3980, 3980, '', -1),
(33, 12, 1446652800, 0, 0, 0, 0, 0, 0, 0, 3980, 3980, '', -1),
(33, 12, 1447257600, 0, 0, 0, 0, 0, 0, 0, 3980, 3980, '', -1),
(33, 12, 1447862400, 0, 0, 0, 0, 0, 0, 0, 3980, 3980, '', -1),
(33, 12, 1448467200, 0, 0, 0, 0, 0, 0, 0, 3980, 3980, '', -1),
(33, 12, 1449072000, 0, 0, 0, 0, 0, 0, 0, 3980, 3980, '', -1),
(33, 12, 1449676800, 0, 0, 0, 0, 0, 0, 0, 3980, 3980, '', -1),
(33, 12, 1450281600, 0, 0, 0, 0, 0, 0, 0, 4980, 4980, '', -1),
(33, 12, 1450886400, 0, 0, 0, 0, 0, 0, 0, 4980, 4980, '', -1),
(34, 13, 1445184000, 0, 199, 199, 0, 0, 0, 0, 299, 299, '', -1),
(34, 13, 1445270400, 0, 199, 199, 0, 0, 0, 0, 299, 299, '', -1),
(34, 13, 1445356800, 0, 199, 199, 0, 0, 0, 0, 299, 299, '', -1),
(34, 13, 1445443200, 0, 199, 199, 0, 0, 0, 0, 299, 299, '', -1),
(32, 10, 1451404800, 0, 0, 0, 0, 0, 0, 0, 4980, 4980, '&amp;lt;p&amp;gt;入住（3星）冲绳那霸nest酒店&amp;lt;br/&amp;g', -1),
(32, 9, 1451404800, 0, 0, 0, 0, 0, 0, 0, 5280, 5280, '&amp;lt;p&amp;gt;入住（4星酒店）冲绳太平洋酒店&amp;lt;br/&amp;gt', -1),
(34, 13, 1473004800, 0, 199, 199, 0, 0, 0, 0, 299, 299, '', -1),
(34, 13, 1473091200, 0, 199, 199, 0, 0, 0, 0, 299, 299, '', -1),
(34, 13, 1473177600, 0, 199, 199, 0, 0, 0, 0, 299, 299, '', -1),
(34, 13, 1473264000, 0, 199, 199, 0, 0, 0, 0, 299, 299, '', -1),
(34, 13, 1473350400, 0, 199, 199, 0, 0, 0, 0, 299, 299, '', -1),
(34, 13, 1473436800, 0, 199, 199, 0, 0, 0, 0, 299, 299, '', -1),
(34, 13, 1473523200, 0, 199, 199, 0, 0, 0, 0, 299, 299, '', -1),
(34, 13, 1473609600, 0, 199, 199, 0, 0, 0, 0, 299, 299, '', -1),
(34, 13, 1473696000, 0, 199, 199, 0, 0, 0, 0, 299, 299, '', -1),
(34, 13, 1473782400, 0, 199, 199, 0, 0, 0, 0, 299, 299, '', -1),
(34, 13, 1473868800, 0, 199, 199, 0, 0, 0, 0, 299, 299, '', -1),
(34, 13, 1473955200, 0, 199, 199, 0, 0, 0, 0, 299, 299, '', -1),
(34, 13, 1474041600, 0, 199, 199, 0, 0, 0, 0, 299, 299, '', -1),
(34, 13, 1474128000, 0, 199, 199, 0, 0, 0, 0, 299, 299, '', -1),
(34, 13, 1474214400, 0, 199, 199, 0, 0, 0, 0, 299, 299, '', -1),
(34, 13, 1474300800, 0, 199, 199, 0, 0, 0, 0, 299, 299, '', -1),
(34, 13, 1474387200, 0, 199, 199, 0, 0, 0, 0, 299, 299, '', -1),
(34, 13, 1474473600, 0, 199, 199, 0, 0, 0, 0, 299, 299, '', -1),
(34, 13, 1474560000, 0, 199, 199, 0, 0, 0, 0, 299, 299, '', -1),
(34, 13, 1474646400, 0, 199, 199, 0, 0, 0, 0, 299, 299, '', -1),
(34, 13, 1474732800, 0, 199, 199, 0, 0, 0, 0, 299, 299, '', -1),
(34, 13, 1474819200, 0, 199, 199, 0, 0, 0, 0, 299, 299, '', -1),
(34, 13, 1474905600, 0, 199, 199, 0, 0, 0, 0, 299, 299, '', -1),
(34, 13, 1474992000, 0, 199, 199, 0, 0, 0, 0, 299, 299, '', -1),
(34, 13, 1475078400, 0, 199, 199, 0, 0, 0, 0, 299, 299, '', -1),
(34, 13, 1475164800, 0, 199, 199, 0, 0, 0, 0, 299, 299, '', -1),
(34, 13, 1475251200, 0, 199, 199, 0, 0, 0, 0, 299, 299, '', -1),
(34, 13, 1475337600, 0, 199, 199, 0, 0, 0, 0, 299, 299, '', -1),
(34, 13, 1475424000, 0, 199, 199, 0, 0, 0, 0, 299, 299, '', -1),
(34, 13, 1475510400, 0, 199, 199, 0, 0, 0, 0, 299, 299, '', -1),
(34, 13, 1475596800, 0, 199, 199, 0, 0, 0, 0, 299, 299, '', -1),
(34, 13, 1475683200, 0, 199, 199, 0, 0, 0, 0, 299, 299, '', -1),
(34, 13, 1475769600, 0, 199, 199, 0, 0, 0, 0, 299, 299, '', -1),
(34, 13, 1475856000, 0, 199, 199, 0, 0, 0, 0, 299, 299, '', -1),
(34, 13, 1475942400, 0, 199, 199, 0, 0, 0, 0, 299, 299, '', -1),
(34, 13, 1476028800, 0, 199, 199, 0, 0, 0, 0, 299, 299, '', -1),
(34, 13, 1476115200, 0, 199, 199, 0, 0, 0, 0, 299, 299, '', -1),
(34, 13, 1476201600, 0, 199, 199, 0, 0, 0, 0, 299, 299, '', -1),
(34, 13, 1476288000, 0, 199, 199, 0, 0, 0, 0, 299, 299, '', -1),
(34, 13, 1476374400, 0, 199, 199, 0, 0, 0, 0, 299, 299, '', -1),
(34, 13, 1476460800, 0, 199, 199, 0, 0, 0, 0, 299, 299, '', -1),
(34, 13, 1476547200, 0, 199, 199, 0, 0, 0, 0, 299, 299, '', -1),
(34, 13, 1476633600, 0, 199, 199, 0, 0, 0, 0, 299, 299, '', -1),
(34, 13, 1476720000, 0, 199, 199, 0, 0, 0, 0, 299, 299, '', -1),
(34, 13, 1476806400, 0, 199, 199, 0, 0, 0, 0, 299, 299, '', -1),
(34, 13, 1476892800, 0, 199, 199, 0, 0, 0, 0, 299, 299, '', -1),
(34, 13, 1476979200, 0, 199, 199, 0, 0, 0, 0, 299, 299, '', -1),
(34, 13, 1477065600, 0, 199, 199, 0, 0, 0, 0, 299, 299, '', -1),
(34, 13, 1477152000, 0, 199, 199, 0, 0, 0, 0, 299, 299, '', -1),
(34, 13, 1477238400, 0, 199, 199, 0, 0, 0, 0, 299, 299, '', -1),
(34, 13, 1477324800, 0, 199, 199, 0, 0, 0, 0, 299, 299, '', -1),
(34, 13, 1477411200, 0, 199, 199, 0, 0, 0, 0, 299, 299, '', -1),
(34, 13, 1477497600, 0, 199, 199, 0, 0, 0, 0, 299, 299, '', -1),
(34, 13, 1477584000, 0, 199, 199, 0, 0, 0, 0, 299, 299, '', -1),
(34, 13, 1477670400, 0, 199, 199, 0, 0, 0, 0, 299, 299, '', -1),
(34, 13, 1477756800, 0, 199, 199, 0, 0, 0, 0, 299, 299, '', -1),
(34, 13, 1477843200, 0, 199, 199, 0, 0, 0, 0, 299, 299, '', -1),
(34, 13, 1477929600, 0, 199, 199, 0, 0, 0, 0, 299, 299, '', -1),
(34, 13, 1478016000, 0, 199, 199, 0, 0, 0, 0, 299, 299, '', -1),
(34, 13, 1478102400, 0, 199, 199, 0, 0, 0, 0, 299, 299, '', -1),
(34, 13, 1478188800, 0, 199, 199, 0, 0, 0, 0, 299, 299, '', -1),
(34, 13, 1478275200, 0, 199, 199, 0, 0, 0, 0, 299, 299, '', -1),
(34, 13, 1478361600, 0, 199, 199, 0, 0, 0, 0, 299, 299, '', -1),
(34, 13, 1478448000, 0, 199, 199, 0, 0, 0, 0, 299, 299, '', -1),
(34, 13, 1478534400, 0, 199, 199, 0, 0, 0, 0, 299, 299, '', -1),
(34, 13, 1478620800, 0, 199, 199, 0, 0, 0, 0, 299, 299, '', -1),
(34, 13, 1478707200, 0, 199, 199, 0, 0, 0, 0, 299, 299, '', -1),
(34, 13, 1478793600, 0, 199, 199, 0, 0, 0, 0, 299, 299, '', -1),
(34, 13, 1478880000, 0, 199, 199, 0, 0, 0, 0, 299, 299, '', -1),
(34, 13, 1478966400, 0, 199, 199, 0, 0, 0, 0, 299, 299, '', -1),
(34, 13, 1479052800, 0, 199, 199, 0, 0, 0, 0, 299, 299, '', -1),
(34, 13, 1479139200, 0, 199, 199, 0, 0, 0, 0, 299, 299, '', -1),
(34, 13, 1479225600, 0, 199, 199, 0, 0, 0, 0, 299, 299, '', -1),
(34, 13, 1479312000, 0, 199, 199, 0, 0, 0, 0, 299, 299, '', -1),
(34, 13, 1479398400, 0, 199, 199, 0, 0, 0, 0, 299, 299, '', -1),
(34, 13, 1479484800, 0, 199, 199, 0, 0, 0, 0, 299, 299, '', -1),
(34, 13, 1479571200, 0, 199, 199, 0, 0, 0, 0, 299, 299, '', -1),
(34, 13, 1479657600, 0, 199, 199, 0, 0, 0, 0, 299, 299, '', -1),
(34, 13, 1479744000, 0, 199, 199, 0, 0, 0, 0, 299, 299, '', -1),
(34, 13, 1479830400, 0, 199, 199, 0, 0, 0, 0, 299, 299, '', -1),
(34, 13, 1479916800, 0, 199, 199, 0, 0, 0, 0, 299, 299, '', -1),
(34, 13, 1480003200, 0, 199, 199, 0, 0, 0, 0, 299, 299, '', -1),
(34, 13, 1480089600, 0, 199, 199, 0, 0, 0, 0, 299, 299, '', -1),
(34, 13, 1480176000, 0, 199, 199, 0, 0, 0, 0, 299, 299, '', -1),
(34, 13, 1480262400, 0, 199, 199, 0, 0, 0, 0, 299, 299, '', -1),
(34, 13, 1480348800, 0, 199, 199, 0, 0, 0, 0, 299, 299, '', -1),
(34, 13, 1480435200, 0, 199, 199, 0, 0, 0, 0, 299, 299, '', -1),
(34, 13, 1480521600, 0, 199, 199, 0, 0, 0, 0, 299, 299, '', -1),
(34, 13, 1480608000, 0, 199, 199, 0, 0, 0, 0, 299, 299, '', -1),
(34, 13, 1480694400, 0, 199, 199, 0, 0, 0, 0, 299, 299, '', -1),
(34, 13, 1480780800, 0, 199, 199, 0, 0, 0, 0, 299, 299, '', -1),
(34, 13, 1480867200, 0, 199, 199, 0, 0, 0, 0, 299, 299, '', -1),
(34, 13, 1480953600, 0, 199, 199, 0, 0, 0, 0, 299, 299, '', -1),
(34, 13, 1481040000, 0, 199, 199, 0, 0, 0, 0, 299, 299, '', -1),
(34, 13, 1481126400, 0, 199, 199, 0, 0, 0, 0, 299, 299, '', -1),
(34, 13, 1481212800, 0, 199, 199, 0, 0, 0, 0, 299, 299, '', -1),
(34, 13, 1481299200, 0, 199, 199, 0, 0, 0, 0, 299, 299, '', -1),
(34, 13, 1481385600, 0, 199, 199, 0, 0, 0, 0, 299, 299, '', -1),
(34, 13, 1481472000, 0, 199, 199, 0, 0, 0, 0, 299, 299, '', -1),
(34, 13, 1481558400, 0, 199, 199, 0, 0, 0, 0, 299, 299, '', -1),
(34, 13, 1481644800, 0, 199, 199, 0, 0, 0, 0, 299, 299, '', -1),
(34, 13, 1481731200, 0, 199, 199, 0, 0, 0, 0, 299, 299, '', -1),
(34, 13, 1481817600, 0, 199, 199, 0, 0, 0, 0, 299, 299, '', -1),
(34, 13, 1481904000, 0, 199, 199, 0, 0, 0, 0, 299, 299, '', -1),
(34, 13, 1481990400, 0, 199, 199, 0, 0, 0, 0, 299, 299, '', -1),
(34, 13, 1482076800, 0, 199, 199, 0, 0, 0, 0, 299, 299, '', -1),
(34, 13, 1482163200, 0, 199, 199, 0, 0, 0, 0, 299, 299, '', -1),
(34, 13, 1482249600, 0, 199, 199, 0, 0, 0, 0, 299, 299, '', -1),
(34, 13, 1482336000, 0, 199, 199, 0, 0, 0, 0, 299, 299, '', -1),
(34, 13, 1482422400, 0, 199, 199, 0, 0, 0, 0, 299, 299, '', -1),
(34, 13, 1482508800, 0, 199, 199, 0, 0, 0, 0, 299, 299, '', -1),
(34, 13, 1482595200, 0, 199, 199, 0, 0, 0, 0, 299, 299, '', -1),
(34, 13, 1482681600, 0, 199, 199, 0, 0, 0, 0, 299, 299, '', -1),
(34, 13, 1482768000, 0, 199, 199, 0, 0, 0, 0, 299, 299, '', -1),
(34, 13, 1482854400, 0, 199, 199, 0, 0, 0, 0, 299, 299, '', -1),
(34, 13, 1482940800, 0, 199, 199, 0, 0, 0, 0, 299, 299, '', -1),
(34, 13, 1483027200, 0, 199, 199, 0, 0, 0, 0, 299, 299, '', -1),
(34, 13, 1483113600, 0, 199, 199, 0, 0, 0, 0, 299, 299, '', -1),
(290, 407, 1487520000, 0, 2180, 2180, 0, 1500, 1500, 0, 3180, 3180, '', -1),
(293, 412, 1505318400, 0, 2500, 2500, 0, 2000, 2000, 0, 2600, 2600, '', -1),
(293, 412, 1505664000, 0, 2500, 2500, 0, 2000, 2000, 0, 2600, 2600, '', -1),
(293, 412, 1507910400, 0, 2500, 2500, 0, 2000, 2000, 0, 2600, 2600, '', -1),
(293, 412, 1508256000, 0, 2500, 2500, 0, 2000, 2000, 0, 2600, 2600, '', -1),
(293, 412, 1510588800, 0, 2500, 2500, 0, 2000, 2000, 0, 2600, 2600, '', -1),
(293, 412, 1510934400, 0, 2500, 2500, 0, 2000, 2000, 0, 2600, 2600, '', -1),
(293, 412, 1513180800, 0, 2500, 2500, 0, 2000, 2000, 0, 2600, 2600, '', -1),
(293, 412, 1513526400, 0, 2500, 2500, 0, 2000, 2000, 0, 2600, 2600, '', -1),
(294, 415, 1491926400, 0, 300, 300, 0, 0, 0, 0, 329, 329, '', -1),
(294, 415, 1491840000, 0, 300, 300, 0, 0, 0, 0, 329, 329, '', -1),
(294, 415, 1491753600, 0, 300, 300, 0, 0, 0, 0, 329, 329, '', -1),
(294, 415, 1491667200, 0, 300, 300, 0, 0, 0, 0, 329, 329, '', -1),
(294, 415, 1491580800, 0, 300, 300, 0, 0, 0, 0, 329, 329, '', -1),
(294, 415, 1491494400, 0, 300, 300, 0, 0, 0, 0, 329, 329, '', -1),
(294, 415, 1491408000, 0, 300, 300, 0, 0, 0, 0, 329, 329, '', -1),
(294, 415, 1491321600, 0, 300, 300, 0, 0, 0, 0, 329, 329, '', -1),
(294, 415, 1491235200, 0, 300, 300, 0, 0, 0, 0, 329, 329, '', -1),
(294, 415, 1491148800, 0, 300, 300, 0, 0, 0, 0, 329, 329, '', -1),
(294, 415, 1491062400, 0, 300, 300, 0, 0, 0, 0, 329, 329, '', -1),
(294, 415, 1490976000, 0, 300, 300, 0, 0, 0, 0, 329, 329, '', -1),
(294, 415, 1490889600, 0, 300, 300, 0, 0, 0, 0, 329, 329, '', -1),
(294, 415, 1490803200, 0, 300, 300, 0, 0, 0, 0, 329, 329, '', -1),
(294, 415, 1490716800, 0, 300, 300, 0, 0, 0, 0, 329, 329, '', -1),
(294, 415, 1490630400, 0, 300, 300, 0, 0, 0, 0, 329, 329, '', -1),
(294, 415, 1490544000, 0, 300, 300, 0, 0, 0, 0, 329, 329, '', -1),
(294, 415, 1490457600, 0, 300, 300, 0, 0, 0, 0, 329, 329, '', -1),
(294, 415, 1490371200, 0, 300, 300, 0, 0, 0, 0, 329, 329, '', -1),
(294, 415, 1490284800, 0, 300, 300, 0, 0, 0, 0, 329, 329, '', -1),
(294, 415, 1490198400, 0, 300, 300, 0, 0, 0, 0, 329, 329, '', -1),
(294, 415, 1490112000, 0, 300, 300, 0, 0, 0, 0, 329, 329, '', -1),
(294, 415, 1490025600, 0, 300, 300, 0, 0, 0, 0, 329, 329, '', -1),
(294, 415, 1489939200, 0, 300, 300, 0, 0, 0, 0, 329, 329, '', -1),
(294, 415, 1489852800, 0, 300, 300, 0, 0, 0, 0, 329, 329, '', -1),
(294, 415, 1489766400, 0, 300, 300, 0, 0, 0, 0, 329, 329, '', -1),
(294, 415, 1489680000, 0, 300, 300, 0, 0, 0, 0, 329, 329, '', -1),
(294, 415, 1489593600, 0, 300, 300, 0, 0, 0, 0, 329, 329, '', -1),
(294, 415, 1489507200, 0, 300, 300, 0, 0, 0, 0, 329, 329, '', -1),
(294, 415, 1489420800, 0, 300, 300, 0, 0, 0, 0, 329, 329, '', -1),
(294, 415, 1489334400, 0, 300, 300, 0, 0, 0, 0, 329, 329, '', -1),
(294, 415, 1489248000, 0, 300, 300, 0, 0, 0, 0, 329, 329, '', -1),
(294, 415, 1489161600, 0, 300, 300, 0, 0, 0, 0, 329, 329, '', -1),
(294, 415, 1489075200, 0, 300, 300, 0, 0, 0, 0, 329, 329, '', -1),
(294, 415, 1488988800, 0, 300, 300, 0, 0, 0, 0, 329, 329, '', -1),
(294, 415, 1488902400, 0, 300, 300, 0, 0, 0, 0, 329, 329, '', -1),
(294, 415, 1488816000, 0, 300, 300, 0, 0, 0, 0, 329, 329, '', -1),
(294, 415, 1488729600, 0, 300, 300, 0, 0, 0, 0, 329, 329, '', -1),
(294, 415, 1488643200, 0, 300, 300, 0, 0, 0, 0, 329, 329, '', -1),
(294, 415, 1488556800, 0, 300, 300, 0, 0, 0, 0, 329, 329, '', -1),
(294, 415, 1488470400, 0, 300, 300, 0, 0, 0, 0, 329, 329, '', -1),
(294, 415, 1488384000, 0, 300, 300, 0, 0, 0, 0, 329, 329, '', -1),
(294, 415, 1488297600, 0, 300, 300, 0, 0, 0, 0, 329, 329, '', -1),
(294, 415, 1488211200, 0, 300, 300, 0, 0, 0, 0, 329, 329, '', -1),
(294, 415, 1488124800, 0, 300, 300, 0, 0, 0, 0, 329, 329, '', -1),
(294, 415, 1488038400, 0, 300, 300, 0, 0, 0, 0, 329, 329, '', -1),
(294, 415, 1487952000, 0, 300, 300, 0, 0, 0, 0, 329, 329, '', -1),
(294, 415, 1487865600, 0, 300, 300, 0, 0, 0, 0, 329, 329, '', -1),
(294, 415, 1487779200, 0, 300, 300, 0, 0, 0, 0, 329, 329, '', -1),
(294, 415, 1487692800, 0, 300, 300, 0, 0, 0, 0, 329, 329, '', -1),
(294, 415, 1487606400, 0, 300, 300, 0, 0, 0, 0, 329, 329, '', -1),
(294, 415, 1487520000, 0, 300, 300, 0, 0, 0, 0, 329, 329, '', -1),
(294, 415, 1487433600, 0, 300, 300, 0, 0, 0, 0, 329, 329, '', -1),
(294, 415, 1487347200, 0, 300, 300, 0, 0, 0, 0, 329, 329, '', -1),
(294, 415, 1487260800, 0, 300, 300, 0, 0, 0, 0, 329, 329, '', -1),
(294, 415, 1487174400, 0, 300, 300, 0, 0, 0, 0, 329, 329, '', -1),
(294, 415, 1487088000, 0, 300, 300, 0, 0, 0, 0, 329, 329, '', -1),
(294, 415, 1487001600, 0, 300, 300, 0, 0, 0, 0, 329, 329, '', -1),
(294, 415, 1486915200, 0, 300, 300, 0, 0, 0, 0, 329, 329, '', -1),
(294, 415, 1486828800, 0, 300, 300, 0, 0, 0, 0, 329, 329, '', -1),
(294, 415, 1486742400, 0, 300, 300, 0, 0, 0, 0, 329, 329, '', -1),
(294, 415, 1486656000, 0, 300, 300, 0, 0, 0, 0, 329, 329, '', -1),
(294, 415, 1486569600, 0, 300, 300, 0, 0, 0, 0, 329, 329, '', -1),
(294, 415, 1486483200, 0, 300, 300, 0, 0, 0, 0, 329, 329, '', -1),
(294, 415, 1486396800, 0, 300, 300, 0, 0, 0, 0, 329, 329, '', -1),
(294, 415, 1486310400, 0, 300, 300, 0, 0, 0, 0, 329, 329, '', -1),
(294, 415, 1486224000, 0, 300, 300, 0, 0, 0, 0, 329, 329, '', -1),
(294, 415, 1486137600, 0, 300, 300, 0, 0, 0, 0, 329, 329, '', -1),
(294, 415, 1486051200, 0, 300, 300, 0, 0, 0, 0, 329, 329, '', -1),
(294, 415, 1485964800, 0, 300, 300, 0, 0, 0, 0, 329, 329, '', -1),
(294, 415, 1485878400, 0, 300, 300, 0, 0, 0, 0, 329, 329, '', -1),
(294, 415, 1485792000, 0, 300, 300, 0, 0, 0, 0, 329, 329, '', -1),
(294, 415, 1485705600, 0, 300, 300, 0, 0, 0, 0, 329, 329, '', -1),
(294, 415, 1485619200, 0, 300, 300, 0, 0, 0, 0, 329, 329, '', -1),
(294, 415, 1485532800, 0, 300, 300, 0, 0, 0, 0, 329, 329, '', -1),
(294, 415, 1485446400, 0, 300, 300, 0, 0, 0, 0, 329, 329, '', -1),
(294, 415, 1485360000, 0, 300, 300, 0, 0, 0, 0, 329, 329, '', -1),
(294, 415, 1485273600, 0, 300, 300, 0, 0, 0, 0, 329, 329, '', -1),
(294, 415, 1485187200, 0, 300, 300, 0, 0, 0, 0, 329, 329, '', -1),
(294, 415, 1485100800, 0, 300, 300, 0, 0, 0, 0, 329, 329, '', -1),
(294, 415, 1485014400, 0, 300, 300, 0, 0, 0, 0, 329, 329, '', -1),
(294, 415, 1484928000, 0, 300, 300, 0, 0, 0, 0, 329, 329, '', -1),
(294, 415, 1484841600, 0, 300, 300, 0, 0, 0, 0, 329, 329, '', -1),
(294, 415, 1484755200, 0, 300, 300, 0, 0, 0, 0, 329, 329, '', -1),
(294, 415, 1484668800, 0, 300, 300, 0, 0, 0, 0, 329, 329, '', -1),
(294, 415, 1484582400, 0, 300, 300, 0, 0, 0, 0, 329, 329, '', -1),
(294, 415, 1484496000, 0, 300, 300, 0, 0, 0, 0, 329, 329, '', -1),
(294, 415, 1484409600, 0, 300, 300, 0, 0, 0, 0, 329, 329, '', -1),
(294, 415, 1484323200, 0, 300, 300, 0, 0, 0, 0, 329, 329, '', -1),
(294, 415, 1484236800, 0, 300, 300, 0, 0, 0, 0, 329, 329, '', -1),
(294, 415, 1484150400, 0, 300, 300, 0, 0, 0, 0, 329, 329, '', -1),
(294, 415, 1484064000, 0, 300, 300, 0, 0, 0, 0, 329, 329, '', -1),
(294, 415, 1483977600, 0, 300, 300, 0, 0, 0, 0, 329, 329, '', -1),
(294, 415, 1483891200, 0, 300, 300, 0, 0, 0, 0, 329, 329, '', -1),
(294, 415, 1483804800, 0, 300, 300, 0, 0, 0, 0, 329, 329, '', -1),
(294, 415, 1483718400, 0, 300, 300, 0, 0, 0, 0, 329, 329, '', -1),
(294, 415, 1483632000, 0, 300, 300, 0, 0, 0, 0, 329, 329, '', -1),
(294, 415, 1483545600, 0, 300, 300, 0, 0, 0, 0, 329, 329, '', -1),
(294, 415, 1483459200, 0, 300, 300, 0, 0, 0, 0, 329, 329, '', -1),
(294, 415, 1483372800, 0, 300, 300, 0, 0, 0, 0, 329, 329, '', -1),
(294, 415, 1483286400, 0, 300, 300, 0, 0, 0, 0, 329, 329, '', -1),
(294, 415, 1483200000, 0, 300, 300, 0, 0, 0, 0, 329, 329, '', -1),
(294, 414, 1496246400, 0, 280, 280, 0, 0, 0, 0, 300, 300, '', -1),
(294, 414, 1496332800, 0, 280, 280, 0, 0, 0, 0, 300, 300, '', -1),
(294, 414, 1496419200, 0, 280, 280, 0, 0, 0, 0, 300, 300, '', -1),
(294, 414, 1496505600, 0, 280, 280, 0, 0, 0, 0, 300, 300, '', -1),
(294, 414, 1496592000, 0, 280, 280, 0, 0, 0, 0, 300, 300, '', -1),
(294, 414, 1496678400, 0, 280, 280, 0, 0, 0, 0, 300, 300, '', -1),
(294, 414, 1496764800, 0, 280, 280, 0, 0, 0, 0, 300, 300, '', -1),
(294, 414, 1496851200, 0, 280, 280, 0, 0, 0, 0, 300, 300, '', -1),
(294, 414, 1496937600, 0, 280, 280, 0, 0, 0, 0, 300, 300, '', -1),
(294, 414, 1497024000, 0, 280, 280, 0, 0, 0, 0, 300, 300, '', -1),
(294, 414, 1497110400, 0, 280, 280, 0, 0, 0, 0, 300, 300, '', -1),
(294, 414, 1497196800, 0, 280, 280, 0, 0, 0, 0, 300, 300, '', -1),
(294, 414, 1497283200, 0, 280, 280, 0, 0, 0, 0, 300, 300, '', -1),
(294, 414, 1497369600, 0, 280, 280, 0, 0, 0, 0, 300, 300, '', -1),
(294, 414, 1497456000, 0, 280, 280, 0, 0, 0, 0, 300, 300, '', -1),
(294, 414, 1497542400, 0, 280, 280, 0, 0, 0, 0, 300, 300, '', -1),
(294, 414, 1497628800, 0, 280, 280, 0, 0, 0, 0, 300, 300, '', -1),
(294, 414, 1497715200, 0, 280, 280, 0, 0, 0, 0, 300, 300, '', -1),
(294, 414, 1497801600, 0, 280, 280, 0, 0, 0, 0, 300, 300, '', -1),
(294, 414, 1497888000, 0, 280, 280, 0, 0, 0, 0, 300, 300, '', -1),
(294, 414, 1497974400, 0, 280, 280, 0, 0, 0, 0, 300, 300, '', -1),
(294, 414, 1498060800, 0, 280, 280, 0, 0, 0, 0, 300, 300, '', -1),
(294, 414, 1498147200, 0, 280, 280, 0, 0, 0, 0, 300, 300, '', -1),
(294, 414, 1498233600, 0, 280, 280, 0, 0, 0, 0, 300, 300, '', -1),
(294, 414, 1498320000, 0, 280, 280, 0, 0, 0, 0, 300, 300, '', -1),
(294, 414, 1498406400, 0, 280, 280, 0, 0, 0, 0, 300, 300, '', -1),
(294, 414, 1498492800, 0, 280, 280, 0, 0, 0, 0, 300, 300, '', -1),
(294, 414, 1498579200, 0, 280, 280, 0, 0, 0, 0, 300, 300, '', -1),
(294, 414, 1498665600, 0, 280, 280, 0, 0, 0, 0, 300, 300, '', -1),
(294, 414, 1498752000, 0, 280, 280, 0, 0, 0, 0, 300, 300, '', -1),
(294, 414, 1498838400, 0, 280, 280, 0, 0, 0, 0, 300, 300, '', -1),
(294, 414, 1498924800, 0, 280, 280, 0, 0, 0, 0, 300, 300, '', -1),
(294, 414, 1499011200, 0, 280, 280, 0, 0, 0, 0, 300, 300, '', -1),
(294, 414, 1499097600, 0, 280, 280, 0, 0, 0, 0, 300, 300, '', -1),
(294, 414, 1499184000, 0, 280, 280, 0, 0, 0, 0, 300, 300, '', -1),
(294, 414, 1499270400, 0, 280, 280, 0, 0, 0, 0, 300, 300, '', -1),
(294, 414, 1499356800, 0, 280, 280, 0, 0, 0, 0, 300, 300, '', -1),
(294, 414, 1499443200, 0, 280, 280, 0, 0, 0, 0, 300, 300, '', -1),
(294, 414, 1499529600, 0, 280, 280, 0, 0, 0, 0, 300, 300, '', -1),
(294, 414, 1499616000, 0, 280, 280, 0, 0, 0, 0, 300, 300, '', -1),
(294, 414, 1499702400, 0, 280, 280, 0, 0, 0, 0, 300, 300, '', -1),
(294, 414, 1499788800, 0, 280, 280, 0, 0, 0, 0, 300, 300, '', -1),
(294, 414, 1499875200, 0, 280, 280, 0, 0, 0, 0, 300, 300, '', -1),
(294, 414, 1499961600, 0, 280, 280, 0, 0, 0, 0, 300, 300, '', -1),
(294, 414, 1500048000, 0, 280, 280, 0, 0, 0, 0, 300, 300, '', -1),
(294, 414, 1500134400, 0, 280, 280, 0, 0, 0, 0, 300, 300, '', -1),
(294, 414, 1500220800, 0, 280, 280, 0, 0, 0, 0, 300, 300, '', -1),
(294, 414, 1500307200, 0, 280, 280, 0, 0, 0, 0, 300, 300, '', -1),
(294, 414, 1500393600, 0, 280, 280, 0, 0, 0, 0, 300, 300, '', -1),
(294, 414, 1500480000, 0, 280, 280, 0, 0, 0, 0, 300, 300, '', -1),
(294, 414, 1500566400, 0, 280, 280, 0, 0, 0, 0, 300, 300, '', -1),
(294, 414, 1500652800, 0, 280, 280, 0, 0, 0, 0, 300, 300, '', -1),
(294, 414, 1500739200, 0, 280, 280, 0, 0, 0, 0, 300, 300, '', -1),
(294, 414, 1500825600, 0, 280, 280, 0, 0, 0, 0, 300, 300, '', -1),
(294, 414, 1500912000, 0, 280, 280, 0, 0, 0, 0, 300, 300, '', -1),
(294, 414, 1500998400, 0, 280, 280, 0, 0, 0, 0, 300, 300, '', -1),
(294, 414, 1501084800, 0, 280, 280, 0, 0, 0, 0, 300, 300, '', -1),
(294, 414, 1501171200, 0, 280, 280, 0, 0, 0, 0, 300, 300, '', -1),
(294, 414, 1501257600, 0, 280, 280, 0, 0, 0, 0, 300, 300, '', -1),
(294, 414, 1501344000, 0, 280, 280, 0, 0, 0, 0, 300, 300, '', -1),
(294, 414, 1501430400, 0, 280, 280, 0, 0, 0, 0, 300, 300, '', -1),
(294, 414, 1501516800, 0, 280, 280, 0, 0, 0, 0, 300, 300, '', -1),
(294, 414, 1501603200, 0, 280, 280, 0, 0, 0, 0, 300, 300, '', -1),
(294, 414, 1501689600, 0, 280, 280, 0, 0, 0, 0, 300, 300, '', -1),
(294, 414, 1501776000, 0, 280, 280, 0, 0, 0, 0, 300, 300, '', -1),
(294, 414, 1501862400, 0, 280, 280, 0, 0, 0, 0, 300, 300, '', -1),
(294, 414, 1501948800, 0, 280, 280, 0, 0, 0, 0, 300, 300, '', -1),
(294, 414, 1502035200, 0, 280, 280, 0, 0, 0, 0, 300, 300, '', -1),
(294, 414, 1502121600, 0, 280, 280, 0, 0, 0, 0, 300, 300, '', -1),
(294, 414, 1502208000, 0, 280, 280, 0, 0, 0, 0, 300, 300, '', -1),
(294, 414, 1502294400, 0, 280, 280, 0, 0, 0, 0, 300, 300, '', -1),
(294, 414, 1502380800, 0, 280, 280, 0, 0, 0, 0, 300, 300, '', -1),
(294, 414, 1502467200, 0, 280, 280, 0, 0, 0, 0, 300, 300, '', -1),
(294, 414, 1502553600, 0, 280, 280, 0, 0, 0, 0, 300, 300, '', -1),
(294, 414, 1502640000, 0, 280, 280, 0, 0, 0, 0, 300, 300, '', -1),
(294, 414, 1502726400, 0, 280, 280, 0, 0, 0, 0, 300, 300, '', -1),
(294, 414, 1502812800, 0, 280, 280, 0, 0, 0, 0, 300, 300, '', -1),
(294, 414, 1502899200, 0, 280, 280, 0, 0, 0, 0, 300, 300, '', -1),
(294, 414, 1502985600, 0, 280, 280, 0, 0, 0, 0, 300, 300, '', -1),
(294, 414, 1503072000, 0, 280, 280, 0, 0, 0, 0, 300, 300, '', -1),
(294, 414, 1503158400, 0, 280, 280, 0, 0, 0, 0, 300, 300, '', -1),
(294, 414, 1503244800, 0, 280, 280, 0, 0, 0, 0, 300, 300, '', -1),
(294, 414, 1503331200, 0, 280, 280, 0, 0, 0, 0, 300, 300, '', -1),
(294, 414, 1503417600, 0, 280, 280, 0, 0, 0, 0, 300, 300, '', -1),
(294, 414, 1503504000, 0, 280, 280, 0, 0, 0, 0, 300, 300, '', -1),
(294, 414, 1503590400, 0, 280, 280, 0, 0, 0, 0, 300, 300, '', -1),
(294, 414, 1503676800, 0, 280, 280, 0, 0, 0, 0, 300, 300, '', -1),
(294, 414, 1503763200, 0, 280, 280, 0, 0, 0, 0, 300, 300, '', -1),
(294, 414, 1503849600, 0, 280, 280, 0, 0, 0, 0, 300, 300, '', -1),
(294, 414, 1503936000, 0, 280, 280, 0, 0, 0, 0, 300, 300, '', -1),
(294, 414, 1504022400, 0, 280, 280, 0, 0, 0, 0, 300, 300, '', -1),
(294, 414, 1504108800, 0, 280, 280, 0, 0, 0, 0, 300, 300, '', -1),
(294, 414, 1504195200, 0, 280, 280, 0, 0, 0, 0, 300, 300, '', -1),
(294, 414, 1504281600, 0, 280, 280, 0, 0, 0, 0, 300, 300, '', -1),
(294, 414, 1504368000, 0, 280, 280, 0, 0, 0, 0, 300, 300, '', -1),
(294, 414, 1504454400, 0, 280, 280, 0, 0, 0, 0, 300, 300, '', -1),
(294, 414, 1504540800, 0, 280, 280, 0, 0, 0, 0, 300, 300, '', -1),
(294, 414, 1504627200, 0, 280, 280, 0, 0, 0, 0, 300, 300, '', -1),
(294, 414, 1504713600, 0, 280, 280, 0, 0, 0, 0, 300, 300, '', -1),
(294, 414, 1504800000, 0, 280, 280, 0, 0, 0, 0, 300, 300, '', -1),
(294, 414, 1504886400, 0, 280, 280, 0, 0, 0, 0, 300, 300, '', -1),
(294, 414, 1504972800, 0, 280, 280, 0, 0, 0, 0, 300, 300, '', -1),
(294, 414, 1505059200, 0, 280, 280, 0, 0, 0, 0, 300, 300, '', -1),
(294, 414, 1505145600, 0, 280, 280, 0, 0, 0, 0, 300, 300, '', -1),
(294, 414, 1505232000, 0, 280, 280, 0, 0, 0, 0, 300, 300, '', -1),
(294, 414, 1505318400, 0, 280, 280, 0, 0, 0, 0, 300, 300, '', -1),
(294, 414, 1505404800, 0, 280, 280, 0, 0, 0, 0, 300, 300, '', -1),
(294, 414, 1505491200, 0, 280, 280, 0, 0, 0, 0, 300, 300, '', -1),
(294, 414, 1505577600, 0, 280, 280, 0, 0, 0, 0, 300, 300, '', -1),
(294, 414, 1505664000, 0, 280, 280, 0, 0, 0, 0, 300, 300, '', -1),
(294, 414, 1505750400, 0, 280, 280, 0, 0, 0, 0, 300, 300, '', -1),
(294, 414, 1505836800, 0, 280, 280, 0, 0, 0, 0, 300, 300, '', -1),
(294, 414, 1505923200, 0, 280, 280, 0, 0, 0, 0, 300, 300, '', -1),
(294, 414, 1506009600, 0, 280, 280, 0, 0, 0, 0, 300, 300, '', -1),
(294, 414, 1506096000, 0, 280, 280, 0, 0, 0, 0, 300, 300, '', -1),
(294, 414, 1506182400, 0, 280, 280, 0, 0, 0, 0, 300, 300, '', -1),
(294, 414, 1506268800, 0, 280, 280, 0, 0, 0, 0, 300, 300, '', -1),
(294, 414, 1506355200, 0, 280, 280, 0, 0, 0, 0, 300, 300, '', -1),
(294, 414, 1506441600, 0, 280, 280, 0, 0, 0, 0, 300, 300, '', -1),
(294, 414, 1506528000, 0, 280, 280, 0, 0, 0, 0, 300, 300, '', -1),
(294, 414, 1506614400, 0, 280, 280, 0, 0, 0, 0, 300, 300, '', -1),
(294, 414, 1506700800, 0, 280, 280, 0, 0, 0, 0, 300, 300, '', -1),
(294, 414, 1506787200, 0, 280, 280, 0, 0, 0, 0, 300, 300, '', -1),
(294, 414, 1506873600, 0, 280, 280, 0, 0, 0, 0, 300, 300, '', -1),
(294, 414, 1506960000, 0, 280, 280, 0, 0, 0, 0, 300, 300, '', -1),
(294, 414, 1507046400, 0, 280, 280, 0, 0, 0, 0, 300, 300, '', -1),
(294, 414, 1507132800, 0, 280, 280, 0, 0, 0, 0, 300, 300, '', -1),
(294, 414, 1507219200, 0, 280, 280, 0, 0, 0, 0, 300, 300, '', -1),
(294, 414, 1507305600, 0, 280, 280, 0, 0, 0, 0, 300, 300, '', -1),
(294, 414, 1507392000, 0, 280, 280, 0, 0, 0, 0, 300, 300, '', -1),
(294, 414, 1507478400, 0, 280, 280, 0, 0, 0, 0, 300, 300, '', -1),
(294, 414, 1507564800, 0, 280, 280, 0, 0, 0, 0, 300, 300, '', -1),
(294, 414, 1507651200, 0, 280, 280, 0, 0, 0, 0, 300, 300, '', -1),
(294, 414, 1507737600, 0, 280, 280, 0, 0, 0, 0, 300, 300, '', -1),
(294, 414, 1507824000, 0, 280, 280, 0, 0, 0, 0, 300, 300, '', -1),
(294, 414, 1507910400, 0, 280, 280, 0, 0, 0, 0, 300, 300, '', -1),
(294, 414, 1507996800, 0, 280, 280, 0, 0, 0, 0, 300, 300, '', -1),
(294, 414, 1508083200, 0, 280, 280, 0, 0, 0, 0, 300, 300, '', -1),
(294, 414, 1508169600, 0, 280, 280, 0, 0, 0, 0, 300, 300, '', -1),
(294, 414, 1508256000, 0, 280, 280, 0, 0, 0, 0, 300, 300, '', -1),
(294, 414, 1508342400, 0, 280, 280, 0, 0, 0, 0, 300, 300, '', -1),
(294, 414, 1508428800, 0, 280, 280, 0, 0, 0, 0, 300, 300, '', -1),
(294, 414, 1508515200, 0, 280, 280, 0, 0, 0, 0, 300, 300, '', -1),
(294, 414, 1508601600, 0, 280, 280, 0, 0, 0, 0, 300, 300, '', -1),
(294, 414, 1508688000, 0, 280, 280, 0, 0, 0, 0, 300, 300, '', -1),
(294, 414, 1508774400, 0, 280, 280, 0, 0, 0, 0, 300, 300, '', -1),
(294, 414, 1508860800, 0, 280, 280, 0, 0, 0, 0, 300, 300, '', -1),
(294, 414, 1508947200, 0, 280, 280, 0, 0, 0, 0, 300, 300, '', -1),
(294, 414, 1509033600, 0, 280, 280, 0, 0, 0, 0, 300, 300, '', -1),
(294, 414, 1509120000, 0, 280, 280, 0, 0, 0, 0, 300, 300, '', -1),
(294, 414, 1509206400, 0, 280, 280, 0, 0, 0, 0, 300, 300, '', -1),
(294, 414, 1509292800, 0, 280, 280, 0, 0, 0, 0, 300, 300, '', -1),
(294, 414, 1509379200, 0, 280, 280, 0, 0, 0, 0, 300, 300, '', -1),
(294, 414, 1509465600, 0, 280, 280, 0, 0, 0, 0, 300, 300, '', -1),
(294, 414, 1509552000, 0, 280, 280, 0, 0, 0, 0, 300, 300, '', -1),
(294, 414, 1509638400, 0, 280, 280, 0, 0, 0, 0, 300, 300, '', -1),
(294, 414, 1509724800, 0, 280, 280, 0, 0, 0, 0, 300, 300, '', -1),
(294, 414, 1509811200, 0, 280, 280, 0, 0, 0, 0, 300, 300, '', -1),
(294, 414, 1509897600, 0, 280, 280, 0, 0, 0, 0, 300, 300, '', -1),
(294, 414, 1509984000, 0, 280, 280, 0, 0, 0, 0, 300, 300, '', -1),
(294, 414, 1510070400, 0, 280, 280, 0, 0, 0, 0, 300, 300, '', -1),
(294, 414, 1510156800, 0, 280, 280, 0, 0, 0, 0, 300, 300, '', -1),
(294, 414, 1510243200, 0, 280, 280, 0, 0, 0, 0, 300, 300, '', -1),
(294, 414, 1510329600, 0, 280, 280, 0, 0, 0, 0, 300, 300, '', -1),
(294, 414, 1510416000, 0, 280, 280, 0, 0, 0, 0, 300, 300, '', -1),
(294, 414, 1510502400, 0, 280, 280, 0, 0, 0, 0, 300, 300, '', -1),
(294, 414, 1510588800, 0, 280, 280, 0, 0, 0, 0, 300, 300, '', -1),
(294, 414, 1510675200, 0, 280, 280, 0, 0, 0, 0, 300, 300, '', -1),
(294, 414, 1510761600, 0, 280, 280, 0, 0, 0, 0, 300, 300, '', -1),
(294, 414, 1510848000, 0, 280, 280, 0, 0, 0, 0, 300, 300, '', -1),
(294, 414, 1510934400, 0, 280, 280, 0, 0, 0, 0, 300, 300, '', -1),
(294, 414, 1511020800, 0, 280, 280, 0, 0, 0, 0, 300, 300, '', -1),
(294, 414, 1511107200, 0, 280, 280, 0, 0, 0, 0, 300, 300, '', -1),
(294, 414, 1511193600, 0, 280, 280, 0, 0, 0, 0, 300, 300, '', -1),
(294, 414, 1511280000, 0, 280, 280, 0, 0, 0, 0, 300, 300, '', -1),
(294, 414, 1511366400, 0, 280, 280, 0, 0, 0, 0, 300, 300, '', -1),
(294, 414, 1511452800, 0, 280, 280, 0, 0, 0, 0, 300, 300, '', -1),
(294, 414, 1511539200, 0, 280, 280, 0, 0, 0, 0, 300, 300, '', -1),
(294, 414, 1511625600, 0, 280, 280, 0, 0, 0, 0, 300, 300, '', -1),
(294, 414, 1511712000, 0, 280, 280, 0, 0, 0, 0, 300, 300, '', -1),
(294, 414, 1511798400, 0, 280, 280, 0, 0, 0, 0, 300, 300, '', -1),
(294, 414, 1511884800, 0, 280, 280, 0, 0, 0, 0, 300, 300, '', -1),
(294, 414, 1511971200, 0, 280, 280, 0, 0, 0, 0, 300, 300, '', -1),
(294, 414, 1512057600, 0, 280, 280, 0, 0, 0, 0, 300, 300, '', -1),
(294, 414, 1512144000, 0, 280, 280, 0, 0, 0, 0, 300, 300, '', -1),
(294, 414, 1512230400, 0, 280, 280, 0, 0, 0, 0, 300, 300, '', -1),
(294, 414, 1512316800, 0, 280, 280, 0, 0, 0, 0, 300, 300, '', -1),
(294, 414, 1512403200, 0, 280, 280, 0, 0, 0, 0, 300, 300, '', -1),
(294, 414, 1512489600, 0, 280, 280, 0, 0, 0, 0, 300, 300, '', -1),
(294, 414, 1512576000, 0, 280, 280, 0, 0, 0, 0, 300, 300, '', -1),
(294, 414, 1512662400, 0, 280, 280, 0, 0, 0, 0, 300, 300, '', -1),
(294, 414, 1512748800, 0, 280, 280, 0, 0, 0, 0, 300, 300, '', -1),
(294, 414, 1512835200, 0, 280, 280, 0, 0, 0, 0, 300, 300, '', -1),
(294, 414, 1512921600, 0, 280, 280, 0, 0, 0, 0, 300, 300, '', -1),
(294, 414, 1513008000, 0, 280, 280, 0, 0, 0, 0, 300, 300, '', -1),
(294, 414, 1513094400, 0, 280, 280, 0, 0, 0, 0, 300, 300, '', -1),
(294, 414, 1513180800, 0, 280, 280, 0, 0, 0, 0, 300, 300, '', -1),
(294, 414, 1513267200, 0, 280, 280, 0, 0, 0, 0, 300, 300, '', -1),
(294, 414, 1513353600, 0, 280, 280, 0, 0, 0, 0, 300, 300, '', -1),
(294, 414, 1513440000, 0, 280, 280, 0, 0, 0, 0, 300, 300, '', -1),
(294, 414, 1513526400, 0, 280, 280, 0, 0, 0, 0, 300, 300, '', -1),
(294, 414, 1513612800, 0, 280, 280, 0, 0, 0, 0, 300, 300, '', -1),
(294, 414, 1513699200, 0, 280, 280, 0, 0, 0, 0, 300, 300, '', -1),
(294, 414, 1513785600, 0, 280, 280, 0, 0, 0, 0, 300, 300, '', -1),
(294, 414, 1513872000, 0, 280, 280, 0, 0, 0, 0, 300, 300, '', -1),
(294, 414, 1513958400, 0, 280, 280, 0, 0, 0, 0, 300, 300, '', -1),
(294, 414, 1514044800, 0, 280, 280, 0, 0, 0, 0, 300, 300, '', -1),
(294, 414, 1514131200, 0, 280, 280, 0, 0, 0, 0, 300, 300, '', -1),
(294, 414, 1514217600, 0, 280, 280, 0, 0, 0, 0, 300, 300, '', -1),
(294, 414, 1514304000, 0, 280, 280, 0, 0, 0, 0, 300, 300, '', -1),
(294, 414, 1514390400, 0, 280, 280, 0, 0, 0, 0, 300, 300, '', -1),
(294, 414, 1514476800, 0, 280, 280, 0, 0, 0, 0, 300, 300, '', -1),
(294, 415, 1492012800, 0, 300, 300, 0, 0, 0, 0, 329, 329, '', -1);
INSERT INTO `zh_line_suit_price` (`lineid`, `suitid`, `day`, `childprofit`, `childbasicprice`, `childprice`, `oldprofit`, `oldbasicprice`, `oldprice`, `adultprofit`, `adultbasicprice`, `adultprice`, `description`, `number`) VALUES
(294, 415, 1492099200, 0, 300, 300, 0, 0, 0, 0, 329, 329, '', -1),
(294, 415, 1492185600, 0, 300, 300, 0, 0, 0, 0, 329, 329, '', -1),
(294, 415, 1492272000, 0, 300, 300, 0, 0, 0, 0, 329, 329, '', -1),
(294, 415, 1492358400, 0, 300, 300, 0, 0, 0, 0, 329, 329, '', -1),
(294, 415, 1492444800, 0, 300, 300, 0, 0, 0, 0, 329, 329, '', -1),
(294, 415, 1492531200, 0, 300, 300, 0, 0, 0, 0, 329, 329, '', -1),
(294, 415, 1492617600, 0, 300, 300, 0, 0, 0, 0, 329, 329, '', -1),
(294, 415, 1492704000, 0, 300, 300, 0, 0, 0, 0, 329, 329, '', -1),
(294, 415, 1492790400, 0, 300, 300, 0, 0, 0, 0, 329, 329, '', -1),
(294, 415, 1492876800, 0, 300, 300, 0, 0, 0, 0, 329, 329, '', -1),
(294, 415, 1492963200, 0, 300, 300, 0, 0, 0, 0, 329, 329, '', -1),
(294, 415, 1493049600, 0, 300, 300, 0, 0, 0, 0, 329, 329, '', -1),
(294, 415, 1493136000, 0, 300, 300, 0, 0, 0, 0, 329, 329, '', -1),
(294, 415, 1493222400, 0, 300, 300, 0, 0, 0, 0, 329, 329, '', -1),
(294, 415, 1493308800, 0, 300, 300, 0, 0, 0, 0, 329, 329, '', -1),
(294, 415, 1493395200, 0, 300, 300, 0, 0, 0, 0, 329, 329, '', -1),
(294, 415, 1493481600, 0, 300, 300, 0, 0, 0, 0, 329, 329, '', -1),
(294, 415, 1493568000, 0, 300, 300, 0, 0, 0, 0, 329, 329, '', -1),
(294, 415, 1493654400, 0, 300, 300, 0, 0, 0, 0, 329, 329, '', -1),
(294, 415, 1493740800, 0, 300, 300, 0, 0, 0, 0, 329, 329, '', -1),
(294, 415, 1493827200, 0, 300, 300, 0, 0, 0, 0, 329, 329, '', -1),
(294, 415, 1493913600, 0, 300, 300, 0, 0, 0, 0, 329, 329, '', -1),
(294, 415, 1494000000, 0, 300, 300, 0, 0, 0, 0, 329, 329, '', -1),
(294, 415, 1494086400, 0, 300, 300, 0, 0, 0, 0, 329, 329, '', -1),
(294, 415, 1494172800, 0, 300, 300, 0, 0, 0, 0, 329, 329, '', -1),
(294, 415, 1494259200, 0, 300, 300, 0, 0, 0, 0, 329, 329, '', -1),
(294, 415, 1494345600, 0, 300, 300, 0, 0, 0, 0, 329, 329, '', -1),
(294, 415, 1494432000, 0, 300, 300, 0, 0, 0, 0, 329, 329, '', -1),
(294, 415, 1494518400, 0, 300, 300, 0, 0, 0, 0, 329, 329, '', -1),
(294, 415, 1494604800, 0, 300, 300, 0, 0, 0, 0, 329, 329, '', -1),
(294, 415, 1494691200, 0, 300, 300, 0, 0, 0, 0, 329, 329, '', -1),
(294, 415, 1494777600, 0, 300, 300, 0, 0, 0, 0, 329, 329, '', -1),
(294, 415, 1494864000, 0, 300, 300, 0, 0, 0, 0, 329, 329, '', -1),
(294, 415, 1494950400, 0, 300, 300, 0, 0, 0, 0, 329, 329, '', -1),
(294, 415, 1495036800, 0, 300, 300, 0, 0, 0, 0, 329, 329, '', -1),
(294, 415, 1495123200, 0, 300, 300, 0, 0, 0, 0, 329, 329, '', -1),
(294, 415, 1495209600, 0, 300, 300, 0, 0, 0, 0, 329, 329, '', -1),
(294, 415, 1495296000, 0, 300, 300, 0, 0, 0, 0, 329, 329, '', -1),
(294, 415, 1495382400, 0, 300, 300, 0, 0, 0, 0, 329, 329, '', -1),
(294, 415, 1495468800, 0, 300, 300, 0, 0, 0, 0, 329, 329, '', -1),
(294, 415, 1495555200, 0, 300, 300, 0, 0, 0, 0, 329, 329, '', -1),
(294, 415, 1495641600, 0, 300, 300, 0, 0, 0, 0, 329, 329, '', -1),
(294, 415, 1495728000, 0, 300, 300, 0, 0, 0, 0, 329, 329, '', -1),
(294, 415, 1495814400, 0, 300, 300, 0, 0, 0, 0, 329, 329, '', -1),
(294, 415, 1495900800, 0, 300, 300, 0, 0, 0, 0, 329, 329, '', -1),
(294, 415, 1495987200, 0, 300, 300, 0, 0, 0, 0, 329, 329, '', -1),
(294, 415, 1496073600, 0, 300, 300, 0, 0, 0, 0, 329, 329, '', -1),
(294, 415, 1496160000, 0, 300, 300, 0, 0, 0, 0, 329, 329, '', -1),
(294, 415, 1496246400, 0, 300, 300, 0, 0, 0, 0, 329, 329, '', -1),
(294, 415, 1496332800, 0, 300, 300, 0, 0, 0, 0, 329, 329, '', -1),
(294, 415, 1496419200, 0, 300, 300, 0, 0, 0, 0, 329, 329, '', -1),
(294, 415, 1496505600, 0, 300, 300, 0, 0, 0, 0, 329, 329, '', -1),
(294, 415, 1496592000, 0, 300, 300, 0, 0, 0, 0, 329, 329, '', -1),
(294, 415, 1496678400, 0, 300, 300, 0, 0, 0, 0, 329, 329, '', -1),
(294, 415, 1496764800, 0, 300, 300, 0, 0, 0, 0, 329, 329, '', -1),
(294, 415, 1496851200, 0, 300, 300, 0, 0, 0, 0, 329, 329, '', -1),
(294, 415, 1496937600, 0, 300, 300, 0, 0, 0, 0, 329, 329, '', -1),
(294, 415, 1497024000, 0, 300, 300, 0, 0, 0, 0, 329, 329, '', -1),
(294, 415, 1497110400, 0, 300, 300, 0, 0, 0, 0, 329, 329, '', -1),
(294, 415, 1497196800, 0, 300, 300, 0, 0, 0, 0, 329, 329, '', -1),
(294, 415, 1497283200, 0, 300, 300, 0, 0, 0, 0, 329, 329, '', -1),
(294, 415, 1497369600, 0, 300, 300, 0, 0, 0, 0, 329, 329, '', -1),
(294, 415, 1497456000, 0, 300, 300, 0, 0, 0, 0, 329, 329, '', -1),
(294, 415, 1497542400, 0, 300, 300, 0, 0, 0, 0, 329, 329, '', -1),
(294, 415, 1497628800, 0, 300, 300, 0, 0, 0, 0, 329, 329, '', -1),
(294, 415, 1497715200, 0, 300, 300, 0, 0, 0, 0, 329, 329, '', -1),
(294, 415, 1497801600, 0, 300, 300, 0, 0, 0, 0, 329, 329, '', -1),
(294, 415, 1497888000, 0, 300, 300, 0, 0, 0, 0, 329, 329, '', -1),
(294, 415, 1497974400, 0, 300, 300, 0, 0, 0, 0, 329, 329, '', -1),
(294, 415, 1498060800, 0, 300, 300, 0, 0, 0, 0, 329, 329, '', -1),
(294, 415, 1498147200, 0, 300, 300, 0, 0, 0, 0, 329, 329, '', -1),
(294, 415, 1498233600, 0, 300, 300, 0, 0, 0, 0, 329, 329, '', -1),
(294, 415, 1498320000, 0, 300, 300, 0, 0, 0, 0, 329, 329, '', -1),
(294, 415, 1498406400, 0, 300, 300, 0, 0, 0, 0, 329, 329, '', -1),
(294, 415, 1498492800, 0, 300, 300, 0, 0, 0, 0, 329, 329, '', -1),
(294, 415, 1498579200, 0, 300, 300, 0, 0, 0, 0, 329, 329, '', -1),
(294, 415, 1498665600, 0, 300, 300, 0, 0, 0, 0, 329, 329, '', -1),
(294, 415, 1498752000, 0, 300, 300, 0, 0, 0, 0, 329, 329, '', -1),
(293, 412, 1502985600, 0, 2500, 2500, 0, 2000, 2000, 0, 2600, 2600, '', -1),
(293, 412, 1502640000, 0, 2500, 2500, 0, 2000, 2000, 0, 2600, 2600, '', -1),
(293, 412, 1500307200, 0, 2500, 2500, 0, 2000, 2000, 0, 2600, 2600, '', -1),
(293, 412, 1499961600, 0, 2500, 2500, 0, 2000, 2000, 0, 2600, 2600, '', -1),
(293, 412, 1497715200, 0, 2500, 2500, 0, 2000, 2000, 0, 2600, 2600, '', -1),
(293, 412, 1497369600, 0, 2500, 2500, 0, 2000, 2000, 0, 2600, 2600, '', -1),
(293, 412, 1495036800, 0, 2500, 2500, 0, 2000, 2000, 0, 2600, 2600, '', -1),
(293, 412, 1494691200, 0, 2500, 2500, 0, 2000, 2000, 0, 2600, 2600, '', -1),
(293, 412, 1492444800, 0, 2500, 2500, 0, 2000, 2000, 0, 2600, 2600, '', -1),
(293, 412, 1492099200, 0, 2500, 2500, 0, 2000, 2000, 0, 2600, 2600, '', -1),
(293, 412, 1489766400, 0, 2500, 2500, 0, 2000, 2000, 0, 2600, 2600, '', -1),
(293, 412, 1489420800, 0, 2500, 2500, 0, 2000, 2000, 0, 2600, 2600, '', -1),
(293, 412, 1487347200, 0, 2500, 2500, 0, 2000, 2000, 0, 2600, 2600, '', -1),
(293, 412, 1487001600, 0, 2500, 2500, 0, 2000, 2000, 0, 2600, 2600, '', -1),
(293, 412, 1484668800, 0, 2500, 2500, 0, 2000, 2000, 0, 2600, 2600, '', -1),
(293, 412, 1484323200, 0, 2500, 2500, 0, 2000, 2000, 0, 2600, 2600, '', -1),
(293, 411, 1513785600, 0, 2800, 2800, 0, 0, 0, 0, 3000, 3000, '', -1),
(293, 411, 1513353600, 0, 2800, 2800, 0, 0, 0, 0, 3000, 3000, '', -1),
(293, 411, 1513180800, 0, 2800, 2800, 0, 0, 0, 0, 3000, 3000, '', -1),
(293, 411, 1512748800, 0, 2800, 2800, 0, 0, 0, 0, 3000, 3000, '', -1),
(293, 411, 1512576000, 0, 2800, 2800, 0, 0, 0, 0, 3000, 3000, '', -1),
(293, 411, 1512144000, 0, 2800, 2800, 0, 0, 0, 0, 3000, 3000, '', -1),
(293, 411, 1511971200, 0, 2800, 2800, 0, 0, 0, 0, 3000, 3000, '', -1),
(293, 411, 1511539200, 0, 2800, 2800, 0, 0, 0, 0, 3000, 3000, '', -1),
(293, 411, 1511366400, 0, 2800, 2800, 0, 0, 0, 0, 3000, 3000, '', -1),
(293, 411, 1510934400, 0, 2800, 2800, 0, 0, 0, 0, 3000, 3000, '', -1),
(293, 411, 1510761600, 0, 2800, 2800, 0, 0, 0, 0, 3000, 3000, '', -1),
(293, 411, 1510329600, 0, 2800, 2800, 0, 0, 0, 0, 3000, 3000, '', -1),
(293, 411, 1510156800, 0, 2800, 2800, 0, 0, 0, 0, 3000, 3000, '', -1),
(293, 411, 1509724800, 0, 2800, 2800, 0, 0, 0, 0, 3000, 3000, '', -1),
(293, 411, 1509552000, 0, 2800, 2800, 0, 0, 0, 0, 3000, 3000, '', -1),
(293, 411, 1509120000, 0, 2800, 2800, 0, 0, 0, 0, 3000, 3000, '', -1),
(293, 411, 1508947200, 0, 2800, 2800, 0, 0, 0, 0, 3000, 3000, '', -1),
(293, 411, 1508515200, 0, 2800, 2800, 0, 0, 0, 0, 3000, 3000, '', -1),
(293, 411, 1508342400, 0, 2800, 2800, 0, 0, 0, 0, 3000, 3000, '', -1),
(293, 411, 1507910400, 0, 2800, 2800, 0, 0, 0, 0, 3000, 3000, '', -1),
(293, 411, 1507737600, 0, 2800, 2800, 0, 0, 0, 0, 3000, 3000, '', -1),
(293, 411, 1507305600, 0, 2800, 2800, 0, 0, 0, 0, 3000, 3000, '', -1),
(293, 411, 1507132800, 0, 2800, 2800, 0, 0, 0, 0, 3000, 3000, '', -1),
(293, 411, 1506700800, 0, 2800, 2800, 0, 0, 0, 0, 3000, 3000, '', -1),
(293, 411, 1506528000, 0, 2800, 2800, 0, 0, 0, 0, 3000, 3000, '', -1),
(293, 411, 1506096000, 0, 2800, 2800, 0, 0, 0, 0, 3000, 3000, '', -1),
(293, 411, 1505923200, 0, 2800, 2800, 0, 0, 0, 0, 3000, 3000, '', -1),
(293, 411, 1505491200, 0, 2800, 2800, 0, 0, 0, 0, 3000, 3000, '', -1),
(293, 411, 1505318400, 0, 2800, 2800, 0, 0, 0, 0, 3000, 3000, '', -1),
(293, 411, 1504886400, 0, 2800, 2800, 0, 0, 0, 0, 3000, 3000, '', -1),
(293, 411, 1504713600, 0, 2800, 2800, 0, 0, 0, 0, 3000, 3000, '', -1),
(293, 411, 1504281600, 0, 2800, 2800, 0, 0, 0, 0, 3000, 3000, '', -1),
(293, 411, 1504108800, 0, 2800, 2800, 0, 0, 0, 0, 3000, 3000, '', -1),
(293, 411, 1503676800, 0, 2800, 2800, 0, 0, 0, 0, 3000, 3000, '', -1),
(293, 411, 1503504000, 0, 2800, 2800, 0, 0, 0, 0, 3000, 3000, '', -1),
(293, 411, 1503072000, 0, 2800, 2800, 0, 0, 0, 0, 3000, 3000, '', -1),
(293, 411, 1502899200, 0, 2800, 2800, 0, 0, 0, 0, 3000, 3000, '', -1),
(293, 411, 1502467200, 0, 2800, 2800, 0, 0, 0, 0, 3000, 3000, '', -1),
(293, 411, 1502294400, 0, 2800, 2800, 0, 0, 0, 0, 3000, 3000, '', -1),
(293, 411, 1501862400, 0, 2800, 2800, 0, 0, 0, 0, 3000, 3000, '', -1),
(293, 411, 1501689600, 0, 2800, 2800, 0, 0, 0, 0, 3000, 3000, '', -1),
(293, 411, 1501257600, 0, 2800, 2800, 0, 0, 0, 0, 3000, 3000, '', -1),
(293, 411, 1501084800, 0, 2800, 2800, 0, 0, 0, 0, 3000, 3000, '', -1),
(293, 411, 1500652800, 0, 2800, 2800, 0, 0, 0, 0, 3000, 3000, '', -1),
(293, 411, 1500480000, 0, 2800, 2800, 0, 0, 0, 0, 3000, 3000, '', -1),
(293, 411, 1500048000, 0, 2800, 2800, 0, 0, 0, 0, 3000, 3000, '', -1),
(293, 411, 1499875200, 0, 2800, 2800, 0, 0, 0, 0, 3000, 3000, '', -1),
(293, 411, 1499443200, 0, 2800, 2800, 0, 0, 0, 0, 3000, 3000, '', -1),
(293, 411, 1499270400, 0, 2800, 2800, 0, 0, 0, 0, 3000, 3000, '', -1),
(293, 411, 1498838400, 0, 2800, 2800, 0, 0, 0, 0, 3000, 3000, '', -1),
(293, 411, 1498665600, 0, 2800, 2800, 0, 0, 0, 0, 3000, 3000, '', -1),
(293, 411, 1498233600, 0, 2800, 2800, 0, 0, 0, 0, 3000, 3000, '', -1),
(293, 411, 1498060800, 0, 2800, 2800, 0, 0, 0, 0, 3000, 3000, '', -1),
(293, 411, 1497628800, 0, 2800, 2800, 0, 0, 0, 0, 3000, 3000, '', -1),
(293, 411, 1497456000, 0, 2800, 2800, 0, 0, 0, 0, 3000, 3000, '', -1),
(293, 411, 1497024000, 0, 2800, 2800, 0, 0, 0, 0, 3000, 3000, '', -1),
(293, 411, 1496851200, 0, 2800, 2800, 0, 0, 0, 0, 3000, 3000, '', -1),
(293, 411, 1496419200, 0, 2800, 2800, 0, 0, 0, 0, 3000, 3000, '', -1),
(293, 411, 1496246400, 0, 2800, 2800, 0, 0, 0, 0, 3000, 3000, '', -1),
(293, 411, 1495814400, 0, 2800, 2800, 0, 0, 0, 0, 3000, 3000, '', -1),
(293, 411, 1495641600, 0, 2800, 2800, 0, 0, 0, 0, 3000, 3000, '', -1),
(293, 411, 1495209600, 0, 2800, 2800, 0, 0, 0, 0, 3000, 3000, '', -1),
(293, 411, 1495036800, 0, 2800, 2800, 0, 0, 0, 0, 3000, 3000, '', -1),
(293, 411, 1494604800, 0, 2800, 2800, 0, 0, 0, 0, 3000, 3000, '', -1),
(293, 411, 1494432000, 0, 2800, 2800, 0, 0, 0, 0, 3000, 3000, '', -1),
(293, 411, 1494000000, 0, 2800, 2800, 0, 0, 0, 0, 3000, 3000, '', -1),
(293, 411, 1493827200, 0, 2800, 2800, 0, 0, 0, 0, 3000, 3000, '', -1),
(293, 411, 1493395200, 0, 2800, 2800, 0, 0, 0, 0, 3000, 3000, '', -1),
(293, 411, 1493222400, 0, 2800, 2800, 0, 0, 0, 0, 3000, 3000, '', -1),
(293, 411, 1492790400, 0, 2800, 2800, 0, 0, 0, 0, 3000, 3000, '', -1),
(293, 411, 1492617600, 0, 2800, 2800, 0, 0, 0, 0, 3000, 3000, '', -1),
(293, 411, 1492185600, 0, 2800, 2800, 0, 0, 0, 0, 3000, 3000, '', -1),
(293, 411, 1492012800, 0, 2800, 2800, 0, 0, 0, 0, 3000, 3000, '', -1),
(293, 411, 1491580800, 0, 2800, 2800, 0, 0, 0, 0, 3000, 3000, '', -1),
(293, 411, 1491408000, 0, 2800, 2800, 0, 0, 0, 0, 3000, 3000, '', -1),
(293, 411, 1490976000, 0, 2800, 2800, 0, 0, 0, 0, 3000, 3000, '', -1),
(293, 411, 1489593600, 0, 2800, 2800, 0, 0, 0, 0, 3000, 3000, '', -1),
(293, 411, 1489766400, 0, 2800, 2800, 0, 0, 0, 0, 3000, 3000, '', -1),
(293, 411, 1490198400, 0, 2800, 2800, 0, 0, 0, 0, 3000, 3000, '', -1),
(293, 411, 1490371200, 0, 2800, 2800, 0, 0, 0, 0, 3000, 3000, '', -1),
(293, 411, 1490803200, 0, 2800, 2800, 0, 0, 0, 0, 3000, 3000, '', -1),
(293, 411, 1489161600, 0, 2800, 2800, 0, 0, 0, 0, 3000, 3000, '', -1),
(293, 411, 1488384000, 0, 2800, 2800, 0, 0, 0, 0, 3000, 3000, '', -1),
(293, 411, 1488556800, 0, 2800, 2800, 0, 0, 0, 0, 3000, 3000, '', -1),
(293, 411, 1488988800, 0, 2800, 2800, 0, 0, 0, 0, 3000, 3000, '', -1),
(293, 411, 1487174400, 0, 2800, 2800, 0, 0, 0, 0, 3000, 3000, '', -1),
(293, 411, 1487347200, 0, 2800, 2800, 0, 0, 0, 0, 3000, 3000, '', -1),
(293, 411, 1487779200, 0, 2800, 2800, 0, 0, 0, 0, 3000, 3000, '', -1),
(293, 411, 1487952000, 0, 2800, 2800, 0, 0, 0, 0, 3000, 3000, '', -1),
(293, 411, 1486137600, 0, 2800, 2800, 0, 0, 0, 0, 3000, 3000, '', -1),
(293, 411, 1486569600, 0, 2800, 2800, 0, 0, 0, 0, 3000, 3000, '', -1),
(293, 411, 1486742400, 0, 2800, 2800, 0, 0, 0, 0, 3000, 3000, '', -1),
(293, 410, 1493049600, 0, 0, 0, 0, 0, 0, 0, 3280, 3280, '', -1),
(293, 410, 1493222400, 0, 0, 0, 0, 0, 0, 0, 3280, 3280, '', -1),
(293, 410, 1493654400, 0, 0, 0, 0, 0, 0, 0, 3280, 3280, '', -1),
(293, 410, 1493827200, 0, 0, 0, 0, 0, 0, 0, 3280, 3280, '', -1),
(293, 410, 1494259200, 0, 0, 0, 0, 0, 0, 0, 3280, 3280, '', -1),
(293, 410, 1494432000, 0, 0, 0, 0, 0, 0, 0, 3280, 3280, '', -1),
(293, 410, 1494864000, 0, 0, 0, 0, 0, 0, 0, 3280, 3280, '', -1),
(293, 410, 1495036800, 0, 0, 0, 0, 0, 0, 0, 3280, 3280, '', -1),
(293, 410, 1495468800, 0, 0, 0, 0, 0, 0, 0, 3280, 3280, '', -1),
(293, 410, 1495641600, 0, 0, 0, 0, 0, 0, 0, 3280, 3280, '', -1),
(293, 410, 1496073600, 0, 0, 0, 0, 0, 0, 0, 3280, 3280, '', -1),
(293, 410, 1496246400, 0, 0, 0, 0, 0, 0, 0, 3280, 3280, '', -1),
(293, 410, 1496678400, 0, 0, 0, 0, 0, 0, 0, 3280, 3280, '', -1),
(293, 410, 1496851200, 0, 0, 0, 0, 0, 0, 0, 3280, 3280, '', -1),
(293, 410, 1497283200, 0, 0, 0, 0, 0, 0, 0, 3280, 3280, '', -1),
(293, 410, 1497456000, 0, 0, 0, 0, 0, 0, 0, 3280, 3280, '', -1),
(293, 410, 1497888000, 0, 0, 0, 0, 0, 0, 0, 3280, 3280, '', -1),
(293, 410, 1498060800, 0, 0, 0, 0, 0, 0, 0, 3280, 3280, '', -1),
(293, 410, 1498492800, 0, 0, 0, 0, 0, 0, 0, 3280, 3280, '', -1),
(293, 410, 1498665600, 0, 0, 0, 0, 0, 0, 0, 3280, 3280, '', -1),
(293, 410, 1499097600, 0, 0, 0, 0, 0, 0, 0, 3280, 3280, '', -1),
(293, 410, 1499270400, 0, 0, 0, 0, 0, 0, 0, 3280, 3280, '', -1),
(293, 410, 1499702400, 0, 0, 0, 0, 0, 0, 0, 3280, 3280, '', -1),
(293, 410, 1499875200, 0, 0, 0, 0, 0, 0, 0, 3280, 3280, '', -1),
(293, 410, 1500307200, 0, 0, 0, 0, 0, 0, 0, 3280, 3280, '', -1),
(293, 410, 1500480000, 0, 0, 0, 0, 0, 0, 0, 3280, 3280, '', -1),
(293, 410, 1500912000, 0, 0, 0, 0, 0, 0, 0, 3280, 3280, '', -1),
(293, 410, 1501084800, 0, 0, 0, 0, 0, 0, 0, 3280, 3280, '', -1),
(293, 410, 1501516800, 0, 0, 0, 0, 0, 0, 0, 3280, 3280, '', -1),
(293, 410, 1501689600, 0, 0, 0, 0, 0, 0, 0, 3280, 3280, '', -1),
(293, 410, 1502121600, 0, 0, 0, 0, 0, 0, 0, 3280, 3280, '', -1),
(293, 410, 1502294400, 0, 0, 0, 0, 0, 0, 0, 3280, 3280, '', -1),
(293, 410, 1502726400, 0, 0, 0, 0, 0, 0, 0, 3280, 3280, '', -1),
(293, 410, 1502899200, 0, 0, 0, 0, 0, 0, 0, 3280, 3280, '', -1),
(293, 410, 1503331200, 0, 0, 0, 0, 0, 0, 0, 3280, 3280, '', -1),
(293, 410, 1503504000, 0, 0, 0, 0, 0, 0, 0, 3280, 3280, '', -1),
(293, 410, 1503936000, 0, 0, 0, 0, 0, 0, 0, 3280, 3280, '', -1),
(293, 410, 1504108800, 0, 0, 0, 0, 0, 0, 0, 3280, 3280, '', -1),
(293, 410, 1504540800, 0, 0, 0, 0, 0, 0, 0, 3280, 3280, '', -1),
(293, 410, 1504713600, 0, 0, 0, 0, 0, 0, 0, 3280, 3280, '', -1),
(293, 410, 1505145600, 0, 0, 0, 0, 0, 0, 0, 3280, 3280, '', -1),
(293, 410, 1505318400, 0, 0, 0, 0, 0, 0, 0, 3280, 3280, '', -1),
(293, 410, 1505750400, 0, 0, 0, 0, 0, 0, 0, 3280, 3280, '', -1),
(293, 410, 1505923200, 0, 0, 0, 0, 0, 0, 0, 3280, 3280, '', -1),
(293, 410, 1506355200, 0, 0, 0, 0, 0, 0, 0, 3280, 3280, '', -1),
(293, 410, 1506528000, 0, 0, 0, 0, 0, 0, 0, 3280, 3280, '', -1),
(293, 410, 1506960000, 0, 0, 0, 0, 0, 0, 0, 3280, 3280, '', -1),
(293, 410, 1507132800, 0, 0, 0, 0, 0, 0, 0, 3280, 3280, '', -1),
(293, 410, 1507564800, 0, 0, 0, 0, 0, 0, 0, 3280, 3280, '', -1),
(293, 410, 1507737600, 0, 0, 0, 0, 0, 0, 0, 3280, 3280, '', -1),
(293, 410, 1508169600, 0, 0, 0, 0, 0, 0, 0, 3280, 3280, '', -1),
(293, 410, 1508342400, 0, 0, 0, 0, 0, 0, 0, 3280, 3280, '', -1),
(293, 410, 1508774400, 0, 0, 0, 0, 0, 0, 0, 3280, 3280, '', -1),
(293, 410, 1508947200, 0, 0, 0, 0, 0, 0, 0, 3280, 3280, '', -1),
(293, 410, 1509379200, 0, 0, 0, 0, 0, 0, 0, 3280, 3280, '', -1),
(293, 410, 1509552000, 0, 0, 0, 0, 0, 0, 0, 3280, 3280, '', -1),
(293, 410, 1509984000, 0, 0, 0, 0, 0, 0, 0, 3280, 3280, '', -1),
(293, 410, 1510156800, 0, 0, 0, 0, 0, 0, 0, 3280, 3280, '', -1),
(293, 410, 1510588800, 0, 0, 0, 0, 0, 0, 0, 3280, 3280, '', -1),
(293, 410, 1510761600, 0, 0, 0, 0, 0, 0, 0, 3280, 3280, '', -1),
(293, 410, 1511193600, 0, 0, 0, 0, 0, 0, 0, 3280, 3280, '', -1),
(293, 410, 1511366400, 0, 0, 0, 0, 0, 0, 0, 3280, 3280, '', -1),
(293, 410, 1511798400, 0, 0, 0, 0, 0, 0, 0, 3280, 3280, '', -1),
(293, 410, 1511971200, 0, 0, 0, 0, 0, 0, 0, 3280, 3280, '', -1),
(293, 410, 1512403200, 0, 0, 0, 0, 0, 0, 0, 3280, 3280, '', -1),
(293, 410, 1512576000, 0, 0, 0, 0, 0, 0, 0, 3280, 3280, '', -1),
(293, 410, 1513008000, 0, 0, 0, 0, 0, 0, 0, 3280, 3280, '', -1),
(293, 410, 1513180800, 0, 0, 0, 0, 0, 0, 0, 3280, 3280, '', -1),
(293, 410, 1513612800, 0, 0, 0, 0, 0, 0, 0, 3280, 3280, '', -1),
(293, 410, 1513785600, 0, 0, 0, 0, 0, 0, 0, 3280, 3280, '', -1),
(293, 410, 1514217600, 0, 0, 0, 0, 0, 0, 0, 3280, 3280, '', -1),
(293, 410, 1514390400, 0, 0, 0, 0, 0, 0, 0, 3280, 3280, '', -1),
(293, 411, 1482940800, 0, 2800, 2800, 0, 0, 0, 0, 3000, 3000, '', -1),
(293, 411, 1483113600, 0, 2800, 2800, 0, 0, 0, 0, 3000, 3000, '', -1),
(293, 411, 1483545600, 0, 2800, 2800, 0, 0, 0, 0, 3000, 3000, '', -1),
(293, 411, 1483718400, 0, 2800, 2800, 0, 0, 0, 0, 3000, 3000, '', -1),
(293, 411, 1484150400, 0, 2800, 2800, 0, 0, 0, 0, 3000, 3000, '', -1),
(293, 411, 1484323200, 0, 2800, 2800, 0, 0, 0, 0, 3000, 3000, '', -1),
(293, 411, 1484755200, 0, 2800, 2800, 0, 0, 0, 0, 3000, 3000, '', -1),
(293, 411, 1484928000, 0, 2800, 2800, 0, 0, 0, 0, 3000, 3000, '', -1),
(293, 411, 1485360000, 0, 2800, 2800, 0, 0, 0, 0, 3000, 3000, '', -1),
(293, 411, 1485532800, 0, 2800, 2800, 0, 0, 0, 0, 3000, 3000, '', -1),
(293, 411, 1485964800, 0, 2800, 2800, 0, 0, 0, 0, 3000, 3000, '', -1),
(293, 410, 1492617600, 0, 0, 0, 0, 0, 0, 0, 3280, 3280, '', -1),
(293, 410, 1492444800, 0, 0, 0, 0, 0, 0, 0, 3280, 3280, '', -1),
(293, 410, 1491840000, 0, 0, 0, 0, 0, 0, 0, 3280, 3280, '', -1),
(293, 410, 1492012800, 0, 0, 0, 0, 0, 0, 0, 3280, 3280, '', -1),
(293, 410, 1491408000, 0, 0, 0, 0, 0, 0, 0, 3280, 3280, '', -1),
(293, 410, 1491235200, 0, 0, 0, 0, 0, 0, 0, 3280, 3280, '', -1),
(293, 410, 1490803200, 0, 0, 0, 0, 0, 0, 0, 3280, 3280, '', -1),
(293, 410, 1490630400, 0, 0, 0, 0, 0, 0, 0, 3280, 3280, '', -1),
(293, 410, 1490198400, 0, 0, 0, 0, 0, 0, 0, 3280, 3280, '', -1),
(293, 410, 1484582400, 0, 0, 0, 0, 0, 0, 0, 3280, 3280, '', -1),
(293, 410, 1484755200, 0, 0, 0, 0, 0, 0, 0, 3280, 3280, '', -1),
(293, 410, 1485187200, 0, 0, 0, 0, 0, 0, 0, 3280, 3280, '', -1),
(293, 410, 1485360000, 0, 0, 0, 0, 0, 0, 0, 3280, 3280, '', -1),
(293, 410, 1485792000, 0, 0, 0, 0, 0, 0, 0, 3280, 3280, '', -1),
(293, 410, 1485964800, 0, 0, 0, 0, 0, 0, 0, 3280, 3280, '', -1),
(293, 410, 1486396800, 0, 0, 0, 0, 0, 0, 0, 3280, 3280, '', -1),
(293, 410, 1486569600, 0, 0, 0, 0, 0, 0, 0, 3280, 3280, '', -1),
(293, 410, 1487001600, 0, 0, 0, 0, 0, 0, 0, 3280, 3280, '', -1),
(293, 410, 1487174400, 0, 0, 0, 0, 0, 0, 0, 3280, 3280, '', -1),
(293, 410, 1487606400, 0, 0, 0, 0, 0, 0, 0, 3280, 3280, '', -1),
(293, 410, 1487779200, 0, 0, 0, 0, 0, 0, 0, 3280, 3280, '', -1),
(293, 410, 1488211200, 0, 0, 0, 0, 0, 0, 0, 3280, 3280, '', -1),
(293, 410, 1488384000, 0, 0, 0, 0, 0, 0, 0, 3280, 3280, '', -1),
(293, 410, 1488816000, 0, 0, 0, 0, 0, 0, 0, 3280, 3280, '', -1),
(293, 410, 1488988800, 0, 0, 0, 0, 0, 0, 0, 3280, 3280, '', -1),
(293, 410, 1489420800, 0, 0, 0, 0, 0, 0, 0, 3280, 3280, '', -1),
(293, 410, 1489593600, 0, 0, 0, 0, 0, 0, 0, 3280, 3280, '', -1),
(293, 410, 1490025600, 0, 0, 0, 0, 0, 0, 0, 3280, 3280, '', -1),
(293, 410, 1484150400, 0, 0, 0, 0, 0, 0, 0, 3280, 3280, '', -1),
(293, 410, 1483977600, 0, 0, 0, 0, 0, 0, 0, 3280, 3280, '', -1),
(293, 410, 1483545600, 0, 0, 0, 0, 0, 0, 0, 3280, 3280, '', -1),
(293, 410, 1483372800, 0, 0, 0, 0, 0, 0, 0, 3280, 3280, '', -1),
(293, 410, 1482940800, 0, 0, 0, 0, 0, 0, 0, 3280, 3280, '', -1),
(292, 409, 1513440000, 0, 0, 0, 0, 0, 0, 0, 2980, 2980, '', -1),
(292, 409, 1513353600, 0, 0, 0, 0, 0, 0, 0, 2980, 2980, '', -1),
(292, 409, 1512835200, 0, 0, 0, 0, 0, 0, 0, 2980, 2980, '', -1),
(292, 409, 1512748800, 0, 0, 0, 0, 0, 0, 0, 2980, 2980, '', -1),
(292, 409, 1512230400, 0, 0, 0, 0, 0, 0, 0, 2980, 2980, '', -1),
(292, 409, 1512144000, 0, 0, 0, 0, 0, 0, 0, 2980, 2980, '', -1),
(292, 409, 1511625600, 0, 0, 0, 0, 0, 0, 0, 2980, 2980, '', -1),
(292, 409, 1511539200, 0, 0, 0, 0, 0, 0, 0, 2980, 2980, '', -1),
(292, 409, 1511020800, 0, 0, 0, 0, 0, 0, 0, 2980, 2980, '', -1),
(292, 409, 1510934400, 0, 0, 0, 0, 0, 0, 0, 2980, 2980, '', -1),
(292, 409, 1510416000, 0, 0, 0, 0, 0, 0, 0, 2980, 2980, '', -1),
(292, 409, 1510329600, 0, 0, 0, 0, 0, 0, 0, 2980, 2980, '', -1),
(292, 409, 1509811200, 0, 0, 0, 0, 0, 0, 0, 2980, 2980, '', -1),
(292, 409, 1509724800, 0, 0, 0, 0, 0, 0, 0, 2980, 2980, '', -1),
(292, 409, 1509206400, 0, 0, 0, 0, 0, 0, 0, 2980, 2980, '', -1),
(292, 409, 1509120000, 0, 0, 0, 0, 0, 0, 0, 2980, 2980, '', -1),
(292, 409, 1508601600, 0, 0, 0, 0, 0, 0, 0, 2980, 2980, '', -1),
(292, 409, 1508515200, 0, 0, 0, 0, 0, 0, 0, 2980, 2980, '', -1),
(292, 409, 1507996800, 0, 0, 0, 0, 0, 0, 0, 2980, 2980, '', -1),
(292, 409, 1507910400, 0, 0, 0, 0, 0, 0, 0, 2980, 2980, '', -1),
(292, 409, 1507392000, 0, 0, 0, 0, 0, 0, 0, 2980, 2980, '', -1),
(292, 409, 1507305600, 0, 0, 0, 0, 0, 0, 0, 2980, 2980, '', -1),
(292, 409, 1506787200, 0, 0, 0, 0, 0, 0, 0, 2980, 2980, '', -1),
(292, 409, 1506700800, 0, 0, 0, 0, 0, 0, 0, 2980, 2980, '', -1),
(292, 409, 1506182400, 0, 0, 0, 0, 0, 0, 0, 2980, 2980, '', -1),
(292, 409, 1506096000, 0, 0, 0, 0, 0, 0, 0, 2980, 2980, '', -1),
(292, 409, 1505577600, 0, 0, 0, 0, 0, 0, 0, 2980, 2980, '', -1),
(292, 409, 1505491200, 0, 0, 0, 0, 0, 0, 0, 2980, 2980, '', -1),
(292, 409, 1504972800, 0, 0, 0, 0, 0, 0, 0, 2980, 2980, '', -1),
(292, 409, 1504886400, 0, 0, 0, 0, 0, 0, 0, 2980, 2980, '', -1),
(292, 409, 1504368000, 0, 0, 0, 0, 0, 0, 0, 2980, 2980, '', -1),
(292, 409, 1504281600, 0, 0, 0, 0, 0, 0, 0, 2980, 2980, '', -1),
(292, 409, 1503763200, 0, 0, 0, 0, 0, 0, 0, 2980, 2980, '', -1),
(292, 409, 1503676800, 0, 0, 0, 0, 0, 0, 0, 2980, 2980, '', -1),
(292, 409, 1503158400, 0, 0, 0, 0, 0, 0, 0, 2980, 2980, '', -1),
(292, 409, 1503072000, 0, 0, 0, 0, 0, 0, 0, 2980, 2980, '', -1),
(292, 409, 1502553600, 0, 0, 0, 0, 0, 0, 0, 2980, 2980, '', -1),
(292, 409, 1502467200, 0, 0, 0, 0, 0, 0, 0, 2980, 2980, '', -1),
(292, 409, 1501948800, 0, 0, 0, 0, 0, 0, 0, 2980, 2980, '', -1),
(292, 409, 1501862400, 0, 0, 0, 0, 0, 0, 0, 2980, 2980, '', -1),
(292, 409, 1501344000, 0, 0, 0, 0, 0, 0, 0, 2980, 2980, '', -1),
(292, 409, 1501257600, 0, 0, 0, 0, 0, 0, 0, 2980, 2980, '', -1),
(292, 409, 1500739200, 0, 0, 0, 0, 0, 0, 0, 2980, 2980, '', -1),
(292, 409, 1500652800, 0, 0, 0, 0, 0, 0, 0, 2980, 2980, '', -1),
(292, 409, 1500134400, 0, 0, 0, 0, 0, 0, 0, 2980, 2980, '', -1),
(292, 409, 1500048000, 0, 0, 0, 0, 0, 0, 0, 2980, 2980, '', -1),
(292, 409, 1499529600, 0, 0, 0, 0, 0, 0, 0, 2980, 2980, '', -1),
(292, 409, 1499443200, 0, 0, 0, 0, 0, 0, 0, 2980, 2980, '', -1),
(292, 409, 1498924800, 0, 0, 0, 0, 0, 0, 0, 2980, 2980, '', -1),
(292, 409, 1498838400, 0, 0, 0, 0, 0, 0, 0, 2980, 2980, '', -1),
(292, 409, 1498320000, 0, 0, 0, 0, 0, 0, 0, 2980, 2980, '', -1),
(292, 409, 1498233600, 0, 0, 0, 0, 0, 0, 0, 2980, 2980, '', -1),
(292, 409, 1497715200, 0, 0, 0, 0, 0, 0, 0, 2980, 2980, '', -1),
(292, 409, 1497628800, 0, 0, 0, 0, 0, 0, 0, 2980, 2980, '', -1),
(292, 409, 1497110400, 0, 0, 0, 0, 0, 0, 0, 2980, 2980, '', -1),
(292, 409, 1497024000, 0, 0, 0, 0, 0, 0, 0, 2980, 2980, '', -1),
(292, 409, 1496505600, 0, 0, 0, 0, 0, 0, 0, 2980, 2980, '', -1),
(292, 409, 1496419200, 0, 0, 0, 0, 0, 0, 0, 2980, 2980, '', -1),
(292, 409, 1495900800, 0, 0, 0, 0, 0, 0, 0, 2980, 2980, '', -1),
(292, 409, 1495814400, 0, 0, 0, 0, 0, 0, 0, 2980, 2980, '', -1),
(292, 409, 1495296000, 0, 0, 0, 0, 0, 0, 0, 2980, 2980, '', -1),
(292, 409, 1495209600, 0, 0, 0, 0, 0, 0, 0, 2980, 2980, '', -1),
(292, 409, 1494691200, 0, 0, 0, 0, 0, 0, 0, 2980, 2980, '', -1),
(292, 409, 1494604800, 0, 0, 0, 0, 0, 0, 0, 2980, 2980, '', -1),
(292, 409, 1494086400, 0, 0, 0, 0, 0, 0, 0, 2980, 2980, '', -1),
(292, 409, 1494000000, 0, 0, 0, 0, 0, 0, 0, 2980, 2980, '', -1),
(292, 409, 1493481600, 0, 0, 0, 0, 0, 0, 0, 2980, 2980, '', -1),
(292, 409, 1493395200, 0, 0, 0, 0, 0, 0, 0, 2980, 2980, '', -1),
(292, 409, 1492876800, 0, 0, 0, 0, 0, 0, 0, 2980, 2980, '', -1),
(292, 409, 1492790400, 0, 0, 0, 0, 0, 0, 0, 2980, 2980, '', -1),
(292, 409, 1492272000, 0, 0, 0, 0, 0, 0, 0, 2980, 2980, '', -1),
(292, 409, 1492185600, 0, 0, 0, 0, 0, 0, 0, 2980, 2980, '', -1),
(292, 409, 1491667200, 0, 0, 0, 0, 0, 0, 0, 2980, 2980, '', -1),
(292, 409, 1491580800, 0, 0, 0, 0, 0, 0, 0, 2980, 2980, '', -1),
(292, 409, 1491062400, 0, 0, 0, 0, 0, 0, 0, 2980, 2980, '', -1),
(292, 409, 1490976000, 0, 0, 0, 0, 0, 0, 0, 2980, 2980, '', -1),
(292, 409, 1490457600, 0, 0, 0, 0, 0, 0, 0, 2980, 2980, '', -1),
(292, 409, 1490371200, 0, 0, 0, 0, 0, 0, 0, 2980, 2980, '', -1),
(292, 409, 1489852800, 0, 0, 0, 0, 0, 0, 0, 2980, 2980, '', -1),
(292, 409, 1489766400, 0, 0, 0, 0, 0, 0, 0, 2980, 2980, '', -1),
(292, 409, 1489248000, 0, 0, 0, 0, 0, 0, 0, 2980, 2980, '', -1),
(292, 409, 1489161600, 0, 0, 0, 0, 0, 0, 0, 2980, 2980, '', -1),
(292, 409, 1488643200, 0, 0, 0, 0, 0, 0, 0, 2980, 2980, '', -1),
(292, 409, 1488556800, 0, 0, 0, 0, 0, 0, 0, 2980, 2980, '', -1),
(292, 409, 1488038400, 0, 0, 0, 0, 0, 0, 0, 2980, 2980, '', -1),
(292, 409, 1487952000, 0, 0, 0, 0, 0, 0, 0, 2980, 2980, '', -1),
(292, 409, 1487433600, 0, 0, 0, 0, 0, 0, 0, 2980, 2980, '', -1),
(292, 409, 1487347200, 0, 0, 0, 0, 0, 0, 0, 2980, 2980, '', -1),
(292, 409, 1486828800, 0, 0, 0, 0, 0, 0, 0, 2980, 2980, '', -1),
(292, 409, 1486742400, 0, 0, 0, 0, 0, 0, 0, 2980, 2980, '', -1),
(292, 409, 1486224000, 0, 0, 0, 0, 0, 0, 0, 2980, 2980, '', -1),
(292, 409, 1486137600, 0, 0, 0, 0, 0, 0, 0, 2980, 2980, '', -1),
(292, 409, 1485619200, 0, 0, 0, 0, 0, 0, 0, 2980, 2980, '', -1),
(292, 409, 1485532800, 0, 0, 0, 0, 0, 0, 0, 2980, 2980, '', -1),
(292, 409, 1485014400, 0, 0, 0, 0, 0, 0, 0, 2980, 2980, '', -1),
(292, 409, 1484928000, 0, 0, 0, 0, 0, 0, 0, 2980, 2980, '', -1),
(292, 409, 1484409600, 0, 0, 0, 0, 0, 0, 0, 2980, 2980, '', -1),
(292, 409, 1484323200, 0, 0, 0, 0, 0, 0, 0, 2980, 2980, '', -1),
(292, 409, 1483804800, 0, 0, 0, 0, 0, 0, 0, 2980, 2980, '', -1),
(292, 409, 1483718400, 0, 0, 0, 0, 0, 0, 0, 2980, 2980, '', -1),
(292, 409, 1483200000, 0, 0, 0, 0, 0, 0, 0, 2980, 2980, '', -1),
(292, 409, 1483113600, 0, 0, 0, 0, 0, 0, 0, 2980, 2980, '', -1),
(291, 408, 1514476800, 0, 4000, 4000, 0, 0, 0, 0, 4680, 4680, '', -1),
(291, 408, 1512748800, 0, 4000, 4000, 0, 0, 0, 0, 4680, 4680, '', -1),
(291, 408, 1513353600, 0, 4000, 4000, 0, 0, 0, 0, 4680, 4680, '', -1),
(291, 408, 1511884800, 0, 4000, 4000, 0, 0, 0, 0, 4680, 4680, '', -1),
(291, 408, 1510156800, 0, 4000, 4000, 0, 0, 0, 0, 4680, 4680, '', -1),
(291, 408, 1510761600, 0, 4000, 4000, 0, 0, 0, 0, 4680, 4680, '', -1),
(291, 408, 1509206400, 0, 4000, 4000, 0, 0, 0, 0, 4680, 4680, '', -1),
(291, 408, 1507478400, 0, 4000, 4000, 0, 0, 0, 0, 4680, 4680, '', -1),
(291, 408, 1508083200, 0, 4000, 4000, 0, 0, 0, 0, 4680, 4680, '', -1),
(291, 408, 1506614400, 0, 4000, 4000, 0, 0, 0, 0, 4680, 4680, '', -1),
(291, 408, 1504886400, 0, 4000, 4000, 0, 0, 0, 0, 4680, 4680, '', -1),
(291, 408, 1505491200, 0, 4000, 4000, 0, 0, 0, 0, 4680, 4680, '', -1),
(291, 408, 1503936000, 0, 4000, 4000, 0, 0, 0, 0, 4680, 4680, '', -1),
(291, 408, 1502208000, 0, 4000, 4000, 0, 0, 0, 0, 4680, 4680, '', -1),
(291, 408, 1502812800, 0, 4000, 4000, 0, 0, 0, 0, 4680, 4680, '', -1),
(291, 408, 1501257600, 0, 4000, 4000, 0, 0, 0, 0, 4680, 4680, '', -1),
(291, 408, 1499529600, 0, 4000, 4000, 0, 0, 0, 0, 4680, 4680, '', -1),
(291, 408, 1500134400, 0, 4000, 4000, 0, 0, 0, 0, 4680, 4680, '', -1),
(291, 408, 1498665600, 0, 4000, 4000, 0, 0, 0, 0, 4680, 4680, '', -1),
(291, 408, 1496937600, 0, 4000, 4000, 0, 0, 0, 0, 4680, 4680, '', -1),
(291, 408, 1497542400, 0, 4000, 4000, 0, 0, 0, 0, 4680, 4680, '', -1),
(291, 408, 1495987200, 0, 4000, 4000, 0, 0, 0, 0, 4680, 4680, '', -1),
(291, 408, 1494259200, 0, 4000, 4000, 0, 0, 0, 0, 4680, 4680, '', -1),
(291, 408, 1494864000, 0, 4000, 4000, 0, 0, 0, 0, 4680, 4680, '', -1),
(291, 408, 1493395200, 0, 4000, 4000, 0, 0, 0, 0, 4680, 4680, '', -1),
(291, 408, 1491667200, 0, 4000, 4000, 0, 0, 0, 0, 4680, 4680, '', -1),
(291, 408, 1492272000, 0, 4000, 4000, 0, 0, 0, 0, 4680, 4680, '', -1),
(291, 408, 1490716800, 0, 4000, 4000, 0, 0, 0, 0, 4680, 4680, '', -1),
(291, 408, 1488988800, 0, 4000, 4000, 0, 0, 0, 0, 4680, 4680, '', -1),
(291, 408, 1489593600, 0, 4000, 4000, 0, 0, 0, 0, 4680, 4680, '', -1),
(291, 408, 1486569600, 0, 4000, 4000, 0, 0, 0, 0, 4680, 4680, '', -1),
(291, 408, 1487174400, 0, 4000, 4000, 0, 0, 0, 0, 4680, 4680, '', -1),
(291, 408, 1485619200, 0, 4000, 4000, 0, 0, 0, 0, 4680, 4680, '', -1),
(291, 408, 1483891200, 0, 4000, 4000, 0, 0, 0, 0, 4680, 4680, '', -1),
(291, 408, 1484496000, 0, 4000, 4000, 0, 0, 0, 0, 4680, 4680, '', -1),
(290, 407, 1514476800, 0, 2180, 2180, 0, 1500, 1500, 0, 3180, 3180, '', -1),
(290, 407, 1514390400, 0, 2180, 2180, 0, 1500, 1500, 0, 3180, 3180, '', -1),
(290, 407, 1514304000, 0, 2180, 2180, 0, 1500, 1500, 0, 3180, 3180, '', -1),
(290, 407, 1514217600, 0, 2180, 2180, 0, 1500, 1500, 0, 3180, 3180, '', -1),
(290, 407, 1514131200, 0, 2180, 2180, 0, 1500, 1500, 0, 3180, 3180, '', -1),
(290, 407, 1514044800, 0, 2180, 2180, 0, 1500, 1500, 0, 3180, 3180, '', -1),
(290, 407, 1513958400, 0, 2180, 2180, 0, 1500, 1500, 0, 3180, 3180, '', -1),
(290, 407, 1513872000, 0, 2180, 2180, 0, 1500, 1500, 0, 3180, 3180, '', -1),
(290, 407, 1513785600, 0, 2180, 2180, 0, 1500, 1500, 0, 3180, 3180, '', -1),
(290, 407, 1513699200, 0, 2180, 2180, 0, 1500, 1500, 0, 3180, 3180, '', -1),
(290, 407, 1513612800, 0, 2180, 2180, 0, 1500, 1500, 0, 3180, 3180, '', -1),
(290, 407, 1513526400, 0, 2180, 2180, 0, 1500, 1500, 0, 3180, 3180, '', -1),
(290, 407, 1513440000, 0, 2180, 2180, 0, 1500, 1500, 0, 3180, 3180, '', -1),
(290, 407, 1513353600, 0, 2180, 2180, 0, 1500, 1500, 0, 3180, 3180, '', -1),
(290, 407, 1513267200, 0, 2180, 2180, 0, 1500, 1500, 0, 3180, 3180, '', -1),
(290, 407, 1513180800, 0, 2180, 2180, 0, 1500, 1500, 0, 3180, 3180, '', -1),
(290, 407, 1513094400, 0, 2180, 2180, 0, 1500, 1500, 0, 3180, 3180, '', -1),
(290, 407, 1513008000, 0, 2180, 2180, 0, 1500, 1500, 0, 3180, 3180, '', -1),
(290, 407, 1512921600, 0, 2180, 2180, 0, 1500, 1500, 0, 3180, 3180, '', -1),
(290, 407, 1512835200, 0, 2180, 2180, 0, 1500, 1500, 0, 3180, 3180, '', -1),
(290, 407, 1512748800, 0, 2180, 2180, 0, 1500, 1500, 0, 3180, 3180, '', -1),
(290, 407, 1512662400, 0, 2180, 2180, 0, 1500, 1500, 0, 3180, 3180, '', -1),
(290, 407, 1512576000, 0, 2180, 2180, 0, 1500, 1500, 0, 3180, 3180, '', -1),
(290, 407, 1512489600, 0, 2180, 2180, 0, 1500, 1500, 0, 3180, 3180, '', -1),
(290, 407, 1512403200, 0, 2180, 2180, 0, 1500, 1500, 0, 3180, 3180, '', -1),
(290, 407, 1512316800, 0, 2180, 2180, 0, 1500, 1500, 0, 3180, 3180, '', -1),
(290, 407, 1512230400, 0, 2180, 2180, 0, 1500, 1500, 0, 3180, 3180, '', -1),
(290, 407, 1512144000, 0, 2180, 2180, 0, 1500, 1500, 0, 3180, 3180, '', -1),
(290, 407, 1512057600, 0, 2180, 2180, 0, 1500, 1500, 0, 3180, 3180, '', -1),
(290, 407, 1511971200, 0, 2180, 2180, 0, 1500, 1500, 0, 3180, 3180, '', -1),
(290, 407, 1511884800, 0, 2180, 2180, 0, 1500, 1500, 0, 3180, 3180, '', -1),
(290, 407, 1511798400, 0, 2180, 2180, 0, 1500, 1500, 0, 3180, 3180, '', -1),
(290, 407, 1511712000, 0, 2180, 2180, 0, 1500, 1500, 0, 3180, 3180, '', -1),
(290, 407, 1511625600, 0, 2180, 2180, 0, 1500, 1500, 0, 3180, 3180, '', -1),
(290, 407, 1511539200, 0, 2180, 2180, 0, 1500, 1500, 0, 3180, 3180, '', -1),
(290, 407, 1511452800, 0, 2180, 2180, 0, 1500, 1500, 0, 3180, 3180, '', -1),
(290, 407, 1511366400, 0, 2180, 2180, 0, 1500, 1500, 0, 3180, 3180, '', -1),
(290, 407, 1511280000, 0, 2180, 2180, 0, 1500, 1500, 0, 3180, 3180, '', -1),
(290, 407, 1511193600, 0, 2180, 2180, 0, 1500, 1500, 0, 3180, 3180, '', -1),
(290, 407, 1511107200, 0, 2180, 2180, 0, 1500, 1500, 0, 3180, 3180, '', -1),
(290, 407, 1511020800, 0, 2180, 2180, 0, 1500, 1500, 0, 3180, 3180, '', -1),
(290, 407, 1510934400, 0, 2180, 2180, 0, 1500, 1500, 0, 3180, 3180, '', -1),
(290, 407, 1510848000, 0, 2180, 2180, 0, 1500, 1500, 0, 3180, 3180, '', -1),
(290, 407, 1510761600, 0, 2180, 2180, 0, 1500, 1500, 0, 3180, 3180, '', -1),
(290, 407, 1510675200, 0, 2180, 2180, 0, 1500, 1500, 0, 3180, 3180, '', -1),
(290, 407, 1510588800, 0, 2180, 2180, 0, 1500, 1500, 0, 3180, 3180, '', -1),
(290, 407, 1510502400, 0, 2180, 2180, 0, 1500, 1500, 0, 3180, 3180, '', -1),
(290, 407, 1510416000, 0, 2180, 2180, 0, 1500, 1500, 0, 3180, 3180, '', -1),
(290, 407, 1510329600, 0, 2180, 2180, 0, 1500, 1500, 0, 3180, 3180, '', -1),
(290, 407, 1510243200, 0, 2180, 2180, 0, 1500, 1500, 0, 3180, 3180, '', -1),
(290, 407, 1510156800, 0, 2180, 2180, 0, 1500, 1500, 0, 3180, 3180, '', -1),
(290, 407, 1510070400, 0, 2180, 2180, 0, 1500, 1500, 0, 3180, 3180, '', -1),
(290, 407, 1499702400, 0, 2180, 2180, 0, 1500, 1500, 0, 3180, 3180, '', -1),
(290, 407, 1499788800, 0, 2180, 2180, 0, 1500, 1500, 0, 3180, 3180, '', -1),
(290, 407, 1499875200, 0, 2180, 2180, 0, 1500, 1500, 0, 3180, 3180, '', -1),
(290, 407, 1499961600, 0, 2180, 2180, 0, 1500, 1500, 0, 3180, 3180, '', -1),
(290, 407, 1500048000, 0, 2180, 2180, 0, 1500, 1500, 0, 3180, 3180, '', -1),
(290, 407, 1500134400, 0, 2180, 2180, 0, 1500, 1500, 0, 3180, 3180, '', -1),
(290, 407, 1500220800, 0, 2180, 2180, 0, 1500, 1500, 0, 3180, 3180, '', -1),
(290, 407, 1500307200, 0, 2180, 2180, 0, 1500, 1500, 0, 3180, 3180, '', -1),
(290, 407, 1500393600, 0, 2180, 2180, 0, 1500, 1500, 0, 3180, 3180, '', -1),
(290, 407, 1500480000, 0, 2180, 2180, 0, 1500, 1500, 0, 3180, 3180, '', -1),
(290, 407, 1500566400, 0, 2180, 2180, 0, 1500, 1500, 0, 3180, 3180, '', -1),
(290, 407, 1500652800, 0, 2180, 2180, 0, 1500, 1500, 0, 3180, 3180, '', -1),
(290, 407, 1500739200, 0, 2180, 2180, 0, 1500, 1500, 0, 3180, 3180, '', -1),
(290, 407, 1500825600, 0, 2180, 2180, 0, 1500, 1500, 0, 3180, 3180, '', -1),
(290, 407, 1500912000, 0, 2180, 2180, 0, 1500, 1500, 0, 3180, 3180, '', -1),
(290, 407, 1500998400, 0, 2180, 2180, 0, 1500, 1500, 0, 3180, 3180, '', -1),
(290, 407, 1501084800, 0, 2180, 2180, 0, 1500, 1500, 0, 3180, 3180, '', -1),
(290, 407, 1501171200, 0, 2180, 2180, 0, 1500, 1500, 0, 3180, 3180, '', -1),
(290, 407, 1501257600, 0, 2180, 2180, 0, 1500, 1500, 0, 3180, 3180, '', -1),
(290, 407, 1501344000, 0, 2180, 2180, 0, 1500, 1500, 0, 3180, 3180, '', -1),
(290, 407, 1501430400, 0, 2180, 2180, 0, 1500, 1500, 0, 3180, 3180, '', -1),
(290, 407, 1501516800, 0, 2180, 2180, 0, 1500, 1500, 0, 3180, 3180, '', -1),
(290, 407, 1501603200, 0, 2180, 2180, 0, 1500, 1500, 0, 3180, 3180, '', -1),
(290, 407, 1501689600, 0, 2180, 2180, 0, 1500, 1500, 0, 3180, 3180, '', -1),
(290, 407, 1501776000, 0, 2180, 2180, 0, 1500, 1500, 0, 3180, 3180, '', -1),
(290, 407, 1501862400, 0, 2180, 2180, 0, 1500, 1500, 0, 3180, 3180, '', -1),
(290, 407, 1501948800, 0, 2180, 2180, 0, 1500, 1500, 0, 3180, 3180, '', -1),
(290, 407, 1502035200, 0, 2180, 2180, 0, 1500, 1500, 0, 3180, 3180, '', -1),
(290, 407, 1502121600, 0, 2180, 2180, 0, 1500, 1500, 0, 3180, 3180, '', -1),
(290, 407, 1502208000, 0, 2180, 2180, 0, 1500, 1500, 0, 3180, 3180, '', -1),
(290, 407, 1502294400, 0, 2180, 2180, 0, 1500, 1500, 0, 3180, 3180, '', -1),
(290, 407, 1502380800, 0, 2180, 2180, 0, 1500, 1500, 0, 3180, 3180, '', -1),
(290, 407, 1502467200, 0, 2180, 2180, 0, 1500, 1500, 0, 3180, 3180, '', -1),
(290, 407, 1502553600, 0, 2180, 2180, 0, 1500, 1500, 0, 3180, 3180, '', -1),
(290, 407, 1502640000, 0, 2180, 2180, 0, 1500, 1500, 0, 3180, 3180, '', -1),
(290, 407, 1502726400, 0, 2180, 2180, 0, 1500, 1500, 0, 3180, 3180, '', -1),
(290, 407, 1502812800, 0, 2180, 2180, 0, 1500, 1500, 0, 3180, 3180, '', -1),
(290, 407, 1502899200, 0, 2180, 2180, 0, 1500, 1500, 0, 3180, 3180, '', -1),
(290, 407, 1502985600, 0, 2180, 2180, 0, 1500, 1500, 0, 3180, 3180, '', -1),
(290, 407, 1503072000, 0, 2180, 2180, 0, 1500, 1500, 0, 3180, 3180, '', -1),
(290, 407, 1503158400, 0, 2180, 2180, 0, 1500, 1500, 0, 3180, 3180, '', -1),
(290, 407, 1503244800, 0, 2180, 2180, 0, 1500, 1500, 0, 3180, 3180, '', -1),
(290, 407, 1503331200, 0, 2180, 2180, 0, 1500, 1500, 0, 3180, 3180, '', -1),
(290, 407, 1503417600, 0, 2180, 2180, 0, 1500, 1500, 0, 3180, 3180, '', -1),
(290, 407, 1503504000, 0, 2180, 2180, 0, 1500, 1500, 0, 3180, 3180, '', -1),
(290, 407, 1503590400, 0, 2180, 2180, 0, 1500, 1500, 0, 3180, 3180, '', -1),
(290, 407, 1503676800, 0, 2180, 2180, 0, 1500, 1500, 0, 3180, 3180, '', -1),
(290, 407, 1503763200, 0, 2180, 2180, 0, 1500, 1500, 0, 3180, 3180, '', -1),
(290, 407, 1503849600, 0, 2180, 2180, 0, 1500, 1500, 0, 3180, 3180, '', -1),
(290, 407, 1503936000, 0, 2180, 2180, 0, 1500, 1500, 0, 3180, 3180, '', -1),
(290, 407, 1504022400, 0, 2180, 2180, 0, 1500, 1500, 0, 3180, 3180, '', -1),
(290, 407, 1504108800, 0, 2180, 2180, 0, 1500, 1500, 0, 3180, 3180, '', -1),
(290, 407, 1504195200, 0, 2180, 2180, 0, 1500, 1500, 0, 3180, 3180, '', -1),
(290, 407, 1504281600, 0, 2180, 2180, 0, 1500, 1500, 0, 3180, 3180, '', -1),
(290, 407, 1504368000, 0, 2180, 2180, 0, 1500, 1500, 0, 3180, 3180, '', -1),
(290, 407, 1504454400, 0, 2180, 2180, 0, 1500, 1500, 0, 3180, 3180, '', -1),
(290, 407, 1504540800, 0, 2180, 2180, 0, 1500, 1500, 0, 3180, 3180, '', -1),
(290, 407, 1504627200, 0, 2180, 2180, 0, 1500, 1500, 0, 3180, 3180, '', -1),
(290, 407, 1504713600, 0, 2180, 2180, 0, 1500, 1500, 0, 3180, 3180, '', -1),
(290, 407, 1504800000, 0, 2180, 2180, 0, 1500, 1500, 0, 3180, 3180, '', -1),
(290, 407, 1504886400, 0, 2180, 2180, 0, 1500, 1500, 0, 3180, 3180, '', -1),
(290, 407, 1504972800, 0, 2180, 2180, 0, 1500, 1500, 0, 3180, 3180, '', -1),
(290, 407, 1505059200, 0, 2180, 2180, 0, 1500, 1500, 0, 3180, 3180, '', -1),
(290, 407, 1505145600, 0, 2180, 2180, 0, 1500, 1500, 0, 3180, 3180, '', -1),
(290, 407, 1505232000, 0, 2180, 2180, 0, 1500, 1500, 0, 3180, 3180, '', -1),
(290, 407, 1505318400, 0, 2180, 2180, 0, 1500, 1500, 0, 3180, 3180, '', -1),
(290, 407, 1505404800, 0, 2180, 2180, 0, 1500, 1500, 0, 3180, 3180, '', -1),
(290, 407, 1505491200, 0, 2180, 2180, 0, 1500, 1500, 0, 3180, 3180, '', -1),
(290, 407, 1505577600, 0, 2180, 2180, 0, 1500, 1500, 0, 3180, 3180, '', -1),
(290, 407, 1505664000, 0, 2180, 2180, 0, 1500, 1500, 0, 3180, 3180, '', -1),
(290, 407, 1505750400, 0, 2180, 2180, 0, 1500, 1500, 0, 3180, 3180, '', -1),
(290, 407, 1505836800, 0, 2180, 2180, 0, 1500, 1500, 0, 3180, 3180, '', -1),
(290, 407, 1505923200, 0, 2180, 2180, 0, 1500, 1500, 0, 3180, 3180, '', -1),
(290, 407, 1506009600, 0, 2180, 2180, 0, 1500, 1500, 0, 3180, 3180, '', -1),
(290, 407, 1506096000, 0, 2180, 2180, 0, 1500, 1500, 0, 3180, 3180, '', -1),
(290, 407, 1506182400, 0, 2180, 2180, 0, 1500, 1500, 0, 3180, 3180, '', -1),
(290, 407, 1506268800, 0, 2180, 2180, 0, 1500, 1500, 0, 3180, 3180, '', -1),
(290, 407, 1506355200, 0, 2180, 2180, 0, 1500, 1500, 0, 3180, 3180, '', -1),
(290, 407, 1506441600, 0, 2180, 2180, 0, 1500, 1500, 0, 3180, 3180, '', -1),
(290, 407, 1506528000, 0, 2180, 2180, 0, 1500, 1500, 0, 3180, 3180, '', -1),
(290, 407, 1506614400, 0, 2180, 2180, 0, 1500, 1500, 0, 3180, 3180, '', -1),
(290, 407, 1506700800, 0, 2180, 2180, 0, 1500, 1500, 0, 3180, 3180, '', -1),
(290, 407, 1506787200, 0, 2180, 2180, 0, 1500, 1500, 0, 3180, 3180, '', -1),
(290, 407, 1506873600, 0, 2180, 2180, 0, 1500, 1500, 0, 3180, 3180, '', -1),
(290, 407, 1506960000, 0, 2180, 2180, 0, 1500, 1500, 0, 3180, 3180, '', -1),
(290, 407, 1507046400, 0, 2180, 2180, 0, 1500, 1500, 0, 3180, 3180, '', -1),
(290, 407, 1507132800, 0, 2180, 2180, 0, 1500, 1500, 0, 3180, 3180, '', -1),
(290, 407, 1507219200, 0, 2180, 2180, 0, 1500, 1500, 0, 3180, 3180, '', -1),
(290, 407, 1507305600, 0, 2180, 2180, 0, 1500, 1500, 0, 3180, 3180, '', -1),
(290, 407, 1507392000, 0, 2180, 2180, 0, 1500, 1500, 0, 3180, 3180, '', -1),
(290, 407, 1507478400, 0, 2180, 2180, 0, 1500, 1500, 0, 3180, 3180, '', -1),
(290, 407, 1507564800, 0, 2180, 2180, 0, 1500, 1500, 0, 3180, 3180, '', -1),
(290, 407, 1507651200, 0, 2180, 2180, 0, 1500, 1500, 0, 3180, 3180, '', -1),
(290, 407, 1507737600, 0, 2180, 2180, 0, 1500, 1500, 0, 3180, 3180, '', -1),
(290, 407, 1507824000, 0, 2180, 2180, 0, 1500, 1500, 0, 3180, 3180, '', -1),
(290, 407, 1507910400, 0, 2180, 2180, 0, 1500, 1500, 0, 3180, 3180, '', -1),
(290, 407, 1507996800, 0, 2180, 2180, 0, 1500, 1500, 0, 3180, 3180, '', -1),
(290, 407, 1508083200, 0, 2180, 2180, 0, 1500, 1500, 0, 3180, 3180, '', -1),
(290, 407, 1508169600, 0, 2180, 2180, 0, 1500, 1500, 0, 3180, 3180, '', -1),
(290, 407, 1508256000, 0, 2180, 2180, 0, 1500, 1500, 0, 3180, 3180, '', -1),
(290, 407, 1508342400, 0, 2180, 2180, 0, 1500, 1500, 0, 3180, 3180, '', -1),
(290, 407, 1508428800, 0, 2180, 2180, 0, 1500, 1500, 0, 3180, 3180, '', -1),
(290, 407, 1508515200, 0, 2180, 2180, 0, 1500, 1500, 0, 3180, 3180, '', -1),
(290, 407, 1508601600, 0, 2180, 2180, 0, 1500, 1500, 0, 3180, 3180, '', -1),
(290, 407, 1508688000, 0, 2180, 2180, 0, 1500, 1500, 0, 3180, 3180, '', -1),
(290, 407, 1508774400, 0, 2180, 2180, 0, 1500, 1500, 0, 3180, 3180, '', -1),
(290, 407, 1508860800, 0, 2180, 2180, 0, 1500, 1500, 0, 3180, 3180, '', -1),
(290, 407, 1508947200, 0, 2180, 2180, 0, 1500, 1500, 0, 3180, 3180, '', -1),
(290, 407, 1509033600, 0, 2180, 2180, 0, 1500, 1500, 0, 3180, 3180, '', -1),
(290, 407, 1509120000, 0, 2180, 2180, 0, 1500, 1500, 0, 3180, 3180, '', -1),
(290, 407, 1509206400, 0, 2180, 2180, 0, 1500, 1500, 0, 3180, 3180, '', -1),
(290, 407, 1509292800, 0, 2180, 2180, 0, 1500, 1500, 0, 3180, 3180, '', -1),
(290, 407, 1509379200, 0, 2180, 2180, 0, 1500, 1500, 0, 3180, 3180, '', -1),
(290, 407, 1509465600, 0, 2180, 2180, 0, 1500, 1500, 0, 3180, 3180, '', -1),
(290, 407, 1509552000, 0, 2180, 2180, 0, 1500, 1500, 0, 3180, 3180, '', -1),
(290, 407, 1509638400, 0, 2180, 2180, 0, 1500, 1500, 0, 3180, 3180, '', -1),
(290, 407, 1509724800, 0, 2180, 2180, 0, 1500, 1500, 0, 3180, 3180, '', -1),
(290, 407, 1509811200, 0, 2180, 2180, 0, 1500, 1500, 0, 3180, 3180, '', -1),
(290, 407, 1509897600, 0, 2180, 2180, 0, 1500, 1500, 0, 3180, 3180, '', -1),
(290, 407, 1509984000, 0, 2180, 2180, 0, 1500, 1500, 0, 3180, 3180, '', -1),
(290, 407, 1499616000, 0, 2180, 2180, 0, 1500, 1500, 0, 3180, 3180, '', -1),
(290, 407, 1499529600, 0, 2180, 2180, 0, 1500, 1500, 0, 3180, 3180, '', -1),
(290, 407, 1499443200, 0, 2180, 2180, 0, 1500, 1500, 0, 3180, 3180, '', -1),
(290, 407, 1499356800, 0, 2180, 2180, 0, 1500, 1500, 0, 3180, 3180, '', -1),
(290, 407, 1499270400, 0, 2180, 2180, 0, 1500, 1500, 0, 3180, 3180, '', -1),
(290, 407, 1499184000, 0, 2180, 2180, 0, 1500, 1500, 0, 3180, 3180, '', -1),
(290, 407, 1499097600, 0, 2180, 2180, 0, 1500, 1500, 0, 3180, 3180, '', -1),
(290, 407, 1499011200, 0, 2180, 2180, 0, 1500, 1500, 0, 3180, 3180, '', -1),
(290, 407, 1498924800, 0, 2180, 2180, 0, 1500, 1500, 0, 3180, 3180, '', -1),
(290, 407, 1498838400, 0, 2180, 2180, 0, 1500, 1500, 0, 3180, 3180, '', -1),
(290, 407, 1498752000, 0, 2180, 2180, 0, 1500, 1500, 0, 3180, 3180, '', -1),
(290, 407, 1498665600, 0, 2180, 2180, 0, 1500, 1500, 0, 3180, 3180, '', -1),
(290, 407, 1498579200, 0, 2180, 2180, 0, 1500, 1500, 0, 3180, 3180, '', -1),
(290, 407, 1498492800, 0, 2180, 2180, 0, 1500, 1500, 0, 3180, 3180, '', -1),
(290, 407, 1498406400, 0, 2180, 2180, 0, 1500, 1500, 0, 3180, 3180, '', -1),
(290, 407, 1498320000, 0, 2180, 2180, 0, 1500, 1500, 0, 3180, 3180, '', -1),
(290, 407, 1498233600, 0, 2180, 2180, 0, 1500, 1500, 0, 3180, 3180, '', -1),
(290, 407, 1498147200, 0, 2180, 2180, 0, 1500, 1500, 0, 3180, 3180, '', -1),
(290, 407, 1498060800, 0, 2180, 2180, 0, 1500, 1500, 0, 3180, 3180, '', -1),
(290, 407, 1497974400, 0, 2180, 2180, 0, 1500, 1500, 0, 3180, 3180, '', -1),
(290, 407, 1497888000, 0, 2180, 2180, 0, 1500, 1500, 0, 3180, 3180, '', -1),
(290, 407, 1497801600, 0, 2180, 2180, 0, 1500, 1500, 0, 3180, 3180, '', -1),
(290, 407, 1497715200, 0, 2180, 2180, 0, 1500, 1500, 0, 3180, 3180, '', -1),
(290, 407, 1497628800, 0, 2180, 2180, 0, 1500, 1500, 0, 3180, 3180, '', -1),
(290, 407, 1497542400, 0, 2180, 2180, 0, 1500, 1500, 0, 3180, 3180, '', -1),
(290, 407, 1497456000, 0, 2180, 2180, 0, 1500, 1500, 0, 3180, 3180, '', -1),
(290, 407, 1497369600, 0, 2180, 2180, 0, 1500, 1500, 0, 3180, 3180, '', -1),
(290, 407, 1497283200, 0, 2180, 2180, 0, 1500, 1500, 0, 3180, 3180, '', -1),
(290, 407, 1497196800, 0, 2180, 2180, 0, 1500, 1500, 0, 3180, 3180, '', -1),
(290, 407, 1497110400, 0, 2180, 2180, 0, 1500, 1500, 0, 3180, 3180, '', -1),
(290, 407, 1497024000, 0, 2180, 2180, 0, 1500, 1500, 0, 3180, 3180, '', -1),
(290, 407, 1496937600, 0, 2180, 2180, 0, 1500, 1500, 0, 3180, 3180, '', -1),
(290, 407, 1496851200, 0, 2180, 2180, 0, 1500, 1500, 0, 3180, 3180, '', -1),
(290, 407, 1496764800, 0, 2180, 2180, 0, 1500, 1500, 0, 3180, 3180, '', -1),
(290, 407, 1496678400, 0, 2180, 2180, 0, 1500, 1500, 0, 3180, 3180, '', -1),
(290, 407, 1496592000, 0, 2180, 2180, 0, 1500, 1500, 0, 3180, 3180, '', -1),
(290, 407, 1496505600, 0, 2180, 2180, 0, 1500, 1500, 0, 3180, 3180, '', -1),
(290, 407, 1496419200, 0, 2180, 2180, 0, 1500, 1500, 0, 3180, 3180, '', -1),
(290, 407, 1496332800, 0, 2180, 2180, 0, 1500, 1500, 0, 3180, 3180, '', -1),
(290, 407, 1496246400, 0, 2180, 2180, 0, 1500, 1500, 0, 3180, 3180, '', -1),
(290, 407, 1496160000, 0, 2180, 2180, 0, 1500, 1500, 0, 3180, 3180, '', -1),
(290, 407, 1496073600, 0, 2180, 2180, 0, 1500, 1500, 0, 3180, 3180, '', -1),
(290, 407, 1495987200, 0, 2180, 2180, 0, 1500, 1500, 0, 3180, 3180, '', -1),
(290, 407, 1495900800, 0, 2180, 2180, 0, 1500, 1500, 0, 3180, 3180, '', -1),
(290, 407, 1495814400, 0, 2180, 2180, 0, 1500, 1500, 0, 3180, 3180, '', -1),
(290, 407, 1495728000, 0, 2180, 2180, 0, 1500, 1500, 0, 3180, 3180, '', -1),
(290, 407, 1495641600, 0, 2180, 2180, 0, 1500, 1500, 0, 3180, 3180, '', -1),
(290, 407, 1495555200, 0, 2180, 2180, 0, 1500, 1500, 0, 3180, 3180, '', -1),
(290, 407, 1495468800, 0, 2180, 2180, 0, 1500, 1500, 0, 3180, 3180, '', -1),
(290, 407, 1495382400, 0, 2180, 2180, 0, 1500, 1500, 0, 3180, 3180, '', -1),
(290, 407, 1495296000, 0, 2180, 2180, 0, 1500, 1500, 0, 3180, 3180, '', -1),
(290, 407, 1495209600, 0, 2180, 2180, 0, 1500, 1500, 0, 3180, 3180, '', -1),
(290, 407, 1495123200, 0, 2180, 2180, 0, 1500, 1500, 0, 3180, 3180, '', -1),
(290, 407, 1495036800, 0, 2180, 2180, 0, 1500, 1500, 0, 3180, 3180, '', -1),
(290, 407, 1494950400, 0, 2180, 2180, 0, 1500, 1500, 0, 3180, 3180, '', -1),
(290, 407, 1494864000, 0, 2180, 2180, 0, 1500, 1500, 0, 3180, 3180, '', -1),
(290, 407, 1494777600, 0, 2180, 2180, 0, 1500, 1500, 0, 3180, 3180, '', -1),
(290, 407, 1494691200, 0, 2180, 2180, 0, 1500, 1500, 0, 3180, 3180, '', -1),
(290, 407, 1494604800, 0, 2180, 2180, 0, 1500, 1500, 0, 3180, 3180, '', -1),
(290, 407, 1494518400, 0, 2180, 2180, 0, 1500, 1500, 0, 3180, 3180, '', -1),
(290, 407, 1494432000, 0, 2180, 2180, 0, 1500, 1500, 0, 3180, 3180, '', -1),
(290, 407, 1494345600, 0, 2180, 2180, 0, 1500, 1500, 0, 3180, 3180, '', -1),
(290, 407, 1494259200, 0, 2180, 2180, 0, 1500, 1500, 0, 3180, 3180, '', -1),
(290, 407, 1494172800, 0, 2180, 2180, 0, 1500, 1500, 0, 3180, 3180, '', -1),
(290, 407, 1494086400, 0, 2180, 2180, 0, 1500, 1500, 0, 3180, 3180, '', -1),
(290, 407, 1494000000, 0, 2180, 2180, 0, 1500, 1500, 0, 3180, 3180, '', -1),
(290, 407, 1493913600, 0, 2180, 2180, 0, 1500, 1500, 0, 3180, 3180, '', -1),
(290, 407, 1493827200, 0, 2180, 2180, 0, 1500, 1500, 0, 3180, 3180, '', -1),
(290, 407, 1493740800, 0, 2180, 2180, 0, 1500, 1500, 0, 3180, 3180, '', -1),
(290, 407, 1493654400, 0, 2180, 2180, 0, 1500, 1500, 0, 3180, 3180, '', -1),
(290, 407, 1493568000, 0, 2180, 2180, 0, 1500, 1500, 0, 3180, 3180, '', -1),
(290, 407, 1493481600, 0, 2180, 2180, 0, 1500, 1500, 0, 3180, 3180, '', -1),
(290, 407, 1493395200, 0, 2180, 2180, 0, 1500, 1500, 0, 3180, 3180, '', -1),
(290, 407, 1493308800, 0, 2180, 2180, 0, 1500, 1500, 0, 3180, 3180, '', -1),
(290, 407, 1493222400, 0, 2180, 2180, 0, 1500, 1500, 0, 3180, 3180, '', -1),
(290, 407, 1493136000, 0, 2180, 2180, 0, 1500, 1500, 0, 3180, 3180, '', -1),
(290, 407, 1493049600, 0, 2180, 2180, 0, 1500, 1500, 0, 3180, 3180, '', -1),
(290, 407, 1492963200, 0, 2180, 2180, 0, 1500, 1500, 0, 3180, 3180, '', -1),
(290, 407, 1492876800, 0, 2180, 2180, 0, 1500, 1500, 0, 3180, 3180, '', -1),
(290, 407, 1492790400, 0, 2180, 2180, 0, 1500, 1500, 0, 3180, 3180, '', -1),
(290, 407, 1492704000, 0, 2180, 2180, 0, 1500, 1500, 0, 3180, 3180, '', -1),
(290, 407, 1492617600, 0, 2180, 2180, 0, 1500, 1500, 0, 3180, 3180, '', -1),
(290, 407, 1492531200, 0, 2180, 2180, 0, 1500, 1500, 0, 3180, 3180, '', -1),
(290, 407, 1492444800, 0, 2180, 2180, 0, 1500, 1500, 0, 3180, 3180, '', -1),
(290, 407, 1492358400, 0, 2180, 2180, 0, 1500, 1500, 0, 3180, 3180, '', -1),
(290, 407, 1492272000, 0, 2180, 2180, 0, 1500, 1500, 0, 3180, 3180, '', -1),
(290, 407, 1492185600, 0, 2180, 2180, 0, 1500, 1500, 0, 3180, 3180, '', -1),
(290, 407, 1492099200, 0, 2180, 2180, 0, 1500, 1500, 0, 3180, 3180, '', -1),
(290, 407, 1492012800, 0, 2180, 2180, 0, 1500, 1500, 0, 3180, 3180, '', -1),
(290, 407, 1491926400, 0, 2180, 2180, 0, 1500, 1500, 0, 3180, 3180, '', -1),
(290, 407, 1491840000, 0, 2180, 2180, 0, 1500, 1500, 0, 3180, 3180, '', -1),
(290, 407, 1491753600, 0, 2180, 2180, 0, 1500, 1500, 0, 3180, 3180, '', -1),
(290, 407, 1491580800, 0, 2180, 2180, 0, 1500, 1500, 0, 3180, 3180, '', -1),
(290, 407, 1491667200, 0, 2180, 2180, 0, 1500, 1500, 0, 3180, 3180, '', -1),
(290, 407, 1491494400, 0, 2180, 2180, 0, 1500, 1500, 0, 3180, 3180, '', -1),
(290, 407, 1491408000, 0, 2180, 2180, 0, 1500, 1500, 0, 3180, 3180, '', -1),
(290, 407, 1491321600, 0, 2180, 2180, 0, 1500, 1500, 0, 3180, 3180, '', -1),
(290, 407, 1491235200, 0, 2180, 2180, 0, 1500, 1500, 0, 3180, 3180, '', -1),
(290, 407, 1491148800, 0, 2180, 2180, 0, 1500, 1500, 0, 3180, 3180, '', -1),
(290, 407, 1491062400, 0, 2180, 2180, 0, 1500, 1500, 0, 3180, 3180, '', -1),
(290, 407, 1490976000, 0, 2180, 2180, 0, 1500, 1500, 0, 3180, 3180, '', -1),
(290, 407, 1490889600, 0, 2180, 2180, 0, 1500, 1500, 0, 3180, 3180, '', -1),
(290, 407, 1490803200, 0, 2180, 2180, 0, 1500, 1500, 0, 3180, 3180, '', -1),
(290, 407, 1490716800, 0, 2180, 2180, 0, 1500, 1500, 0, 3180, 3180, '', -1),
(290, 407, 1490630400, 0, 2180, 2180, 0, 1500, 1500, 0, 3180, 3180, '', -1),
(290, 407, 1490544000, 0, 2180, 2180, 0, 1500, 1500, 0, 3180, 3180, '', -1),
(290, 407, 1490457600, 0, 2180, 2180, 0, 1500, 1500, 0, 3180, 3180, '', -1);
INSERT INTO `zh_line_suit_price` (`lineid`, `suitid`, `day`, `childprofit`, `childbasicprice`, `childprice`, `oldprofit`, `oldbasicprice`, `oldprice`, `adultprofit`, `adultbasicprice`, `adultprice`, `description`, `number`) VALUES
(290, 407, 1490371200, 0, 2180, 2180, 0, 1500, 1500, 0, 3180, 3180, '', -1),
(290, 407, 1490284800, 0, 2180, 2180, 0, 1500, 1500, 0, 3180, 3180, '', -1),
(290, 407, 1490198400, 0, 2180, 2180, 0, 1500, 1500, 0, 3180, 3180, '', -1),
(290, 407, 1490112000, 0, 2180, 2180, 0, 1500, 1500, 0, 3180, 3180, '', -1),
(290, 407, 1490025600, 0, 2180, 2180, 0, 1500, 1500, 0, 3180, 3180, '', -1),
(290, 407, 1489939200, 0, 2180, 2180, 0, 1500, 1500, 0, 3180, 3180, '', -1),
(290, 407, 1489852800, 0, 2180, 2180, 0, 1500, 1500, 0, 3180, 3180, '', -1),
(290, 407, 1489766400, 0, 2180, 2180, 0, 1500, 1500, 0, 3180, 3180, '', -1),
(290, 407, 1489680000, 0, 2180, 2180, 0, 1500, 1500, 0, 3180, 3180, '', -1),
(290, 407, 1489593600, 0, 2180, 2180, 0, 1500, 1500, 0, 3180, 3180, '', -1),
(290, 407, 1489507200, 0, 2180, 2180, 0, 1500, 1500, 0, 3180, 3180, '', -1),
(290, 407, 1489420800, 0, 2180, 2180, 0, 1500, 1500, 0, 3180, 3180, '', -1),
(290, 407, 1489334400, 0, 2180, 2180, 0, 1500, 1500, 0, 3180, 3180, '', -1),
(290, 407, 1489248000, 0, 2180, 2180, 0, 1500, 1500, 0, 3180, 3180, '', -1),
(290, 407, 1489161600, 0, 2180, 2180, 0, 1500, 1500, 0, 3180, 3180, '', -1),
(290, 407, 1489075200, 0, 2180, 2180, 0, 1500, 1500, 0, 3180, 3180, '', -1),
(290, 407, 1488988800, 0, 2180, 2180, 0, 1500, 1500, 0, 3180, 3180, '', -1),
(290, 407, 1488902400, 0, 2180, 2180, 0, 1500, 1500, 0, 3180, 3180, '', -1),
(290, 407, 1488816000, 0, 2180, 2180, 0, 1500, 1500, 0, 3180, 3180, '', -1),
(290, 407, 1488729600, 0, 2180, 2180, 0, 1500, 1500, 0, 3180, 3180, '', -1),
(290, 407, 1488643200, 0, 2180, 2180, 0, 1500, 1500, 0, 3180, 3180, '', -1),
(290, 407, 1488556800, 0, 2180, 2180, 0, 1500, 1500, 0, 3180, 3180, '', -1),
(290, 407, 1488470400, 0, 2180, 2180, 0, 1500, 1500, 0, 3180, 3180, '', -1),
(290, 407, 1488384000, 0, 2180, 2180, 0, 1500, 1500, 0, 3180, 3180, '', -1),
(290, 407, 1488297600, 0, 2180, 2180, 0, 1500, 1500, 0, 3180, 3180, '', -1),
(290, 407, 1488211200, 0, 2180, 2180, 0, 1500, 1500, 0, 3180, 3180, '', -1),
(290, 407, 1488124800, 0, 2180, 2180, 0, 1500, 1500, 0, 3180, 3180, '', -1),
(290, 407, 1488038400, 0, 2180, 2180, 0, 1500, 1500, 0, 3180, 3180, '', -1),
(290, 407, 1487952000, 0, 2180, 2180, 0, 1500, 1500, 0, 3180, 3180, '', -1),
(290, 407, 1487865600, 0, 2180, 2180, 0, 1500, 1500, 0, 3180, 3180, '', -1),
(290, 407, 1487779200, 0, 2180, 2180, 0, 1500, 1500, 0, 3180, 3180, '', -1),
(290, 407, 1487692800, 0, 2180, 2180, 0, 1500, 1500, 0, 3180, 3180, '', -1),
(290, 407, 1487606400, 0, 2180, 2180, 0, 1500, 1500, 0, 3180, 3180, '', -1),
(290, 407, 1487433600, 0, 2180, 2180, 0, 1500, 1500, 0, 3180, 3180, '', -1),
(290, 407, 1487347200, 0, 2180, 2180, 0, 1500, 1500, 0, 3180, 3180, '', -1),
(290, 407, 1487260800, 0, 2180, 2180, 0, 1500, 1500, 0, 3180, 3180, '', -1),
(290, 407, 1487174400, 0, 2180, 2180, 0, 1500, 1500, 0, 3180, 3180, '', -1),
(290, 407, 1487088000, 0, 2180, 2180, 0, 1500, 1500, 0, 3180, 3180, '', -1),
(290, 407, 1487001600, 0, 2180, 2180, 0, 1500, 1500, 0, 3180, 3180, '', -1),
(290, 407, 1486915200, 0, 2180, 2180, 0, 1500, 1500, 0, 3180, 3180, '', -1),
(290, 407, 1486828800, 0, 2180, 2180, 0, 1500, 1500, 0, 3180, 3180, '', -1),
(290, 407, 1486742400, 0, 2180, 2180, 0, 1500, 1500, 0, 3180, 3180, '', -1),
(290, 407, 1486656000, 0, 2180, 2180, 0, 1500, 1500, 0, 3180, 3180, '', -1),
(290, 407, 1486569600, 0, 2180, 2180, 0, 1500, 1500, 0, 3180, 3180, '', -1),
(290, 407, 1486483200, 0, 2180, 2180, 0, 1500, 1500, 0, 3180, 3180, '', -1),
(290, 407, 1486396800, 0, 2180, 2180, 0, 1500, 1500, 0, 3180, 3180, '', -1),
(290, 407, 1486310400, 0, 2180, 2180, 0, 1500, 1500, 0, 3180, 3180, '', -1),
(290, 407, 1486224000, 0, 2180, 2180, 0, 1500, 1500, 0, 3180, 3180, '', -1),
(290, 407, 1486137600, 0, 2180, 2180, 0, 1500, 1500, 0, 3180, 3180, '', -1),
(290, 407, 1486051200, 0, 2180, 2180, 0, 1500, 1500, 0, 3180, 3180, '', -1),
(290, 407, 1485964800, 0, 2180, 2180, 0, 1500, 1500, 0, 3180, 3180, '', -1),
(290, 407, 1485878400, 0, 2180, 2180, 0, 1500, 1500, 0, 3180, 3180, '', -1),
(290, 407, 1485792000, 0, 2180, 2180, 0, 1500, 1500, 0, 3180, 3180, '', -1),
(290, 407, 1485705600, 0, 2180, 2180, 0, 1500, 1500, 0, 3180, 3180, '', -1),
(290, 407, 1485619200, 0, 2180, 2180, 0, 1500, 1500, 0, 3180, 3180, '', -1),
(290, 407, 1485532800, 0, 2180, 2180, 0, 1500, 1500, 0, 3180, 3180, '', -1),
(290, 407, 1485446400, 0, 2180, 2180, 0, 1500, 1500, 0, 3180, 3180, '', -1),
(290, 407, 1485360000, 0, 2180, 2180, 0, 1500, 1500, 0, 3180, 3180, '', -1),
(290, 407, 1485273600, 0, 2180, 2180, 0, 1500, 1500, 0, 3180, 3180, '', -1),
(290, 407, 1485187200, 0, 2180, 2180, 0, 1500, 1500, 0, 3180, 3180, '', -1),
(290, 407, 1485100800, 0, 2180, 2180, 0, 1500, 1500, 0, 3180, 3180, '', -1),
(290, 407, 1485014400, 0, 2180, 2180, 0, 1500, 1500, 0, 3180, 3180, '', -1),
(290, 407, 1484928000, 0, 2180, 2180, 0, 1500, 1500, 0, 3180, 3180, '', -1),
(290, 407, 1484841600, 0, 2180, 2180, 0, 1500, 1500, 0, 3180, 3180, '', -1),
(290, 407, 1484755200, 0, 2180, 2180, 0, 1500, 1500, 0, 3180, 3180, '', -1),
(290, 407, 1484668800, 0, 2180, 2180, 0, 1500, 1500, 0, 3180, 3180, '', -1),
(290, 407, 1484582400, 0, 2180, 2180, 0, 1500, 1500, 0, 3180, 3180, '', -1),
(290, 407, 1484496000, 0, 2180, 2180, 0, 1500, 1500, 0, 3180, 3180, '', -1),
(290, 407, 1484409600, 0, 2180, 2180, 0, 1500, 1500, 0, 3180, 3180, '', -1),
(290, 407, 1484323200, 0, 2180, 2180, 0, 1500, 1500, 0, 3180, 3180, '', -1),
(290, 407, 1484236800, 0, 2180, 2180, 0, 1500, 1500, 0, 3180, 3180, '', -1),
(290, 407, 1484150400, 0, 2180, 2180, 0, 1500, 1500, 0, 3180, 3180, '', -1),
(290, 407, 1484064000, 0, 2180, 2180, 0, 1500, 1500, 0, 3180, 3180, '', -1),
(290, 407, 1483977600, 0, 2180, 2180, 0, 1500, 1500, 0, 3180, 3180, '', -1),
(290, 407, 1483891200, 0, 2180, 2180, 0, 1500, 1500, 0, 3180, 3180, '', -1),
(290, 407, 1483804800, 0, 2180, 2180, 0, 1500, 1500, 0, 3180, 3180, '', -1),
(290, 407, 1483718400, 0, 2180, 2180, 0, 1500, 1500, 0, 3180, 3180, '', -1),
(290, 407, 1483632000, 0, 2180, 2180, 0, 1500, 1500, 0, 3180, 3180, '', -1),
(290, 407, 1483545600, 0, 2180, 2180, 0, 1500, 1500, 0, 3180, 3180, '', -1),
(290, 407, 1483459200, 0, 2180, 2180, 0, 1500, 1500, 0, 3180, 3180, '', -1),
(290, 407, 1483372800, 0, 2180, 2180, 0, 1500, 1500, 0, 3180, 3180, '', -1),
(290, 407, 1483286400, 0, 2180, 2180, 0, 1500, 1500, 0, 3180, 3180, '', -1),
(290, 407, 1483200000, 0, 2180, 2180, 0, 1500, 1500, 0, 3180, 3180, '', -1),
(290, 407, 1483113600, 0, 2180, 2180, 0, 1500, 1500, 0, 3180, 3180, '', -1),
(290, 407, 1483027200, 0, 2180, 2180, 0, 1500, 1500, 0, 3180, 3180, '', -1),
(290, 407, 1482940800, 0, 2180, 2180, 0, 1500, 1500, 0, 3180, 3180, '', -1);

-- --------------------------------------------------------

--
-- テーブルの構造 `zh_link`
--

CREATE TABLE IF NOT EXISTS `zh_link` (
  `id` int(10) unsigned NOT NULL AUTO_INCREMENT COMMENT '主键',
  `webname` char(100) NOT NULL DEFAULT '' COMMENT '网站名称',
  `url` varchar(255) NOT NULL DEFAULT '' COMMENT '网址',
  `logo` varchar(255) NOT NULL DEFAULT '' COMMENT '网站logo',
  `email` varchar(255) NOT NULL DEFAULT '' COMMENT '邮箱',
  `tid` tinyint(1) NOT NULL DEFAULT '2' COMMENT '友情链接类型',
  `qq` char(15) NOT NULL DEFAULT '' COMMENT '站长qq',
  `comment` text NOT NULL COMMENT '网站介绍',
  `state` tinyint(1) NOT NULL DEFAULT '0' COMMENT '状态 ',
  PRIMARY KEY (`id`)
) ENGINE=MyISAM DEFAULT CHARSET=utf8 COMMENT='友情链接' AUTO_INCREMENT=1 ;

-- --------------------------------------------------------

--
-- テーブルの構造 `zh_link_config`
--

CREATE TABLE IF NOT EXISTS `zh_link_config` (
  `id` tinyint(3) unsigned NOT NULL AUTO_INCREMENT,
  `webname` char(100) NOT NULL DEFAULT '' COMMENT '网站名称',
  `url` varchar(255) NOT NULL DEFAULT '' COMMENT '网址',
  `logo` varchar(255) NOT NULL DEFAULT '' COMMENT 'logo',
  `email` varchar(255) NOT NULL COMMENT '站长邮箱',
  `comment` text NOT NULL COMMENT '申请说明',
  `allow` tinyint(1) NOT NULL DEFAULT '1' COMMENT '开放申请',
  `code` tinyint(1) NOT NULL DEFAULT '1' COMMENT '显示验证码',
  `qq` char(15) NOT NULL DEFAULT '' COMMENT '联系QQ',
  PRIMARY KEY (`id`)
) ENGINE=MyISAM  DEFAULT CHARSET=utf8 COMMENT='本网站友情链接信息' AUTO_INCREMENT=2 ;

--
-- テーブルのデータのダンプ `zh_link_config`
--

INSERT INTO `zh_link_config` (`id`, `webname`, `url`, `logo`, `email`, `comment`, `allow`, `code`, `qq`) VALUES
(1, 'metaphase', 'http://localhost/zhcms', 'zh/Plugin/Link/Data/logo.png', 'hong@metaphase.co.jp', '1、请先在贵站做好后盾网的友情链接\r\n2、将右侧‘文字链接’或‘图片链接’代码复制到贵站\r\n3、凡开通我站友情链接且内容健康的网站，经管理员审核后，将显示在此友情链接页面\r\n4、首页友情连接，要求pr>=2、alexa < 10000；其他页面连接根据具体页面而定（请具体咨询）\r\n5、贵网站要在百度google都有记录收录，且网站访问速度不能太慢', 1, 1, '2300071698');

-- --------------------------------------------------------

--
-- テーブルの構造 `zh_link_goods`
--

CREATE TABLE IF NOT EXISTS `zh_link_goods` (
  `goods_id` mediumint(8) unsigned NOT NULL DEFAULT '0' COMMENT '商品id',
  `link_goods_id` mediumint(8) unsigned NOT NULL DEFAULT '0' COMMENT '被关联的商品的id',
  `is_double` tinyint(1) unsigned NOT NULL DEFAULT '0' COMMENT '是否是双向关联；0，否；1，是',
  `admin_id` tinyint(3) unsigned NOT NULL DEFAULT '0' COMMENT '添加此关联商品信息的管理员id',
  PRIMARY KEY (`goods_id`,`link_goods_id`,`admin_id`)
) ENGINE=MyISAM DEFAULT CHARSET=utf8;

--
-- テーブルのデータのダンプ `zh_link_goods`
--

INSERT INTO `zh_link_goods` (`goods_id`, `link_goods_id`, `is_double`, `admin_id`) VALUES
(12, 9, 0, 1),
(12, 10, 0, 1),
(12, 11, 0, 1),
(9, 13, 1, 1),
(13, 9, 1, 1),
(14, 9, 0, 1),
(14, 13, 0, 1),
(23, 9, 0, 1),
(13, 23, 1, 1),
(23, 13, 1, 1),
(36, 8, 1, 1),
(8, 36, 1, 1),
(1, 36, 1, 1),
(36, 1, 1, 1);

-- --------------------------------------------------------

--
-- テーブルの構造 `zh_link_type`
--

CREATE TABLE IF NOT EXISTS `zh_link_type` (
  `tid` smallint(5) unsigned NOT NULL AUTO_INCREMENT,
  `type_name` char(50) NOT NULL DEFAULT '' COMMENT '分类名称',
  `system` tinyint(1) NOT NULL DEFAULT '0' COMMENT '系统类型',
  PRIMARY KEY (`tid`)
) ENGINE=MyISAM  DEFAULT CHARSET=utf8 COMMENT='友情链接分类' AUTO_INCREMENT=7 ;

--
-- テーブルのデータのダンプ `zh_link_type`
--

INSERT INTO `zh_link_type` (`tid`, `type_name`, `system`) VALUES
(1, '友情链接', 1),
(2, '合作伙伴', 1);

-- --------------------------------------------------------

--
-- テーブルの構造 `zh_mail_templates`
--

CREATE TABLE IF NOT EXISTS `zh_mail_templates` (
  `template_id` tinyint(1) unsigned NOT NULL AUTO_INCREMENT COMMENT '邮件模板自增id''',
  `template_code` varchar(30) NOT NULL COMMENT '模板字符串名称，主要用于插件言语包时匹配语言包文件等用途',
  `is_html` tinyint(1) unsigned NOT NULL DEFAULT '0' COMMENT '邮件是否是html格式；0，否；1，是',
  `template_subject` varchar(200) NOT NULL COMMENT '该邮件模板的邮件主题',
  `template_content` text NOT NULL COMMENT '邮件模板的内容',
  `last_modify` int(10) unsigned NOT NULL DEFAULT '0' COMMENT '最后一次修改模板的时间',
  `last_send` int(10) unsigned NOT NULL DEFAULT '0' COMMENT '最近一次发送的时间，好像仅在杂志才记录',
  `type` varchar(10) NOT NULL COMMENT '该邮件模板的邮件类型；共2个类型；magazine，杂志订阅；template，关注订阅',
  PRIMARY KEY (`template_id`),
  UNIQUE KEY `template_code` (`template_code`),
  KEY `type` (`type`)
) ENGINE=MyISAM  DEFAULT CHARSET=utf8 AUTO_INCREMENT=15 ;

--
-- テーブルのデータのダンプ `zh_mail_templates`
--

INSERT INTO `zh_mail_templates` (`template_id`, `template_code`, `is_html`, `template_subject`, `template_content`, `last_modify`, `last_send`, `type`) VALUES
(1, 'send_password', 1, '密码找回', '{$user_name}您好！<br>\n<br>\n您已经进行了密码重置的操作，请点击以下链接(或者复制到您的浏览器):<br>\n<br>\n<a href="{$reset_email}" target="_blank">{$reset_email}</a><br>\n<br>\n以确认您的新密码重置操作！<br>\n<br>\n{$shop_name}<br>\n{$send_date}', 1194824789, 0, 'template'),
(2, 'order_confirm', 0, '订单确认通知', '亲爱的{$order.consignee}，你好！ \n\n我们已经收到您于 {$order.formated_add_time} 提交的订单，该订单编号为：{$order.order_sn} 请记住这个编号以便日后的查询。\n\n{$shop_name}\n{$sent_date}\n\n\n', 1158226370, 0, 'template'),
(3, 'deliver_notice', 1, '发货通知', '亲爱的{$order.consignee}。你好！</br></br>\n\n您的订单{$order.order_sn}已于{$send_time}按照您预定的配送方式给您发货了。</br>\n</br>\n{if $order.invoice_no}发货单号是{$order.invoice_no}。</br>{/if}\n</br>\n在您收到货物之后请点击下面的链接确认您已经收到货物：</br>\n<a href="{$confirm_url}" target="_blank">{$confirm_url}</a></br></br>\n如果您还没有收到货物可以点击以下链接给我们留言：</br></br>\n<a href="{$send_msg_url}" target="_blank">{$send_msg_url}</a></br>\n<br>\n再次感谢您对我们的支持。欢迎您的再次光临。 <br>\n<br>\n{$shop_name} </br>\n{$send_date}', 1194823291, 0, 'template'),
(4, 'order_cancel', 0, '订单取消', '亲爱的{$order.consignee}，你好！ \n\n您的编号为：{$order.order_sn}的订单已取消。\n\n{$shop_name}\n{$send_date}', 1156491130, 0, 'template'),
(5, 'order_invalid', 0, '订单无效', '亲爱的{$order.consignee}，你好！\n\n您的编号为：{$order.order_sn}的订单无效。\n\n{$shop_name}\n{$send_date}', 1156491164, 0, 'template'),
(6, 'send_bonus', 0, '发红包', '亲爱的{$username}您好！\r\n\r\n恭喜您获得了{$count}个红包，金额<if value=''$count'' gt 1>分别</if>为{$money}\r\n\r\n{$shop_name}\r\n{$send_date}\r\n', 1156491184, 0, 'template'),
(7, 'group_buy', 1, '团购商品', '亲爱的{$consignee}，您好！<br>\n<br>\n您于{$order_time}在本店参加团购商品活动，所购买的商品名称为：{$goods_name}，数量：{$goods_number}，订单号为：{$order_sn}，订单金额为：{$order_amount}<br>\n<br>\n此团购商品现在已到结束日期，并达到最低价格，您现在可以对该订单付款。<br>\n<br>\n请点击下面的链接：<br>\n<a href="{$shop_url}" target="_blank">{$shop_url}</a><br>\n<br>\n请尽快登录到用户中心，查看您的订单详情信息。 <br>\n<br>\n{$shop_name} <br>\n<br>\n{$send_date}', 1194824668, 0, 'template'),
(8, 'register_validate', 1, '邮件验证', '{$user_name}您好！<br><br>\r\n\r\n这封邮件是 {$shop_name} 发送的。你收到这封邮件是为了验证你注册邮件地址是否有效。如果您已经通过验证了，请忽略这封邮件。<br>\r\n请点击以下链接(或者复制到您的浏览器)来验证你的邮件地址:<br>\r\n<a href="{$validate_email}" target="_blank">{$validate_email}</a><br><br>\r\n\r\n{$shop_name}<br>\r\n{$send_date}', 1162201031, 0, 'template'),
(9, 'virtual_card', 0, '虚拟卡片', '亲爱的{$order.consignee}\r\n你好！您的订单{$order.order_sn}中{$goods.goods_name} 商品的详细信息如下:\r\n{foreach from=$virtual_card item=card}\r\n{if $card.card_sn}卡号：{$card.card_sn}{/if}{if $card.card_password}卡片密码：{$card.card_password}{/if}{if $card.end_date}截至日期：{$card.end_date}{/if}\r\n{/foreach}\r\n再次感谢您对我们的支持。欢迎您的再次光临。\r\n\r\n{$shop_name} \r\n{$send_date}', 1162201031, 0, 'template'),
(10, 'attention_list', 0, '关注商品', '亲爱的{$user_name}您好~\n\n您关注的商品 : {$goods_name} 最近已经更新,请您查看最新的商品信息\n\n{$goods_url}\r\n\r\n{$shop_name} \r\n{$send_date}', 1183851073, 0, 'template'),
(11, 'remind_of_new_order', 0, '新订单通知', '亲爱的店长，您好：\n   快来看看吧，又有新订单了。\n    订单号:{$order.order_sn} \n 订单金额:{$order.order_amount}，\n 用户购买商品:{foreach from=$goods_list item=goods_data}{$goods_data.goods_name}(货号:{$goods_data.goods_sn})    {/foreach} \n\n 收货人:{$order.consignee}， \n 收货人地址:{$order.address}，\n 收货人电话:{$order.tel} {$order.mobile}, \n 配送方式:{$order.shipping_name}(费用:{$order.shipping_fee}), \n 付款方式:{$order.pay_name}(费用:{$order.pay_fee})。\n\n               系统提醒\n               {$send_date}', 1196239170, 0, 'template'),
(12, 'goods_booking', 1, '缺货回复', '亲爱的{$user_name}。你好！</br></br>{$dispose_note}</br></br>您提交的缺货商品链接为</br></br><a href="{$goods_link}" target="_blank">{$goods_name}</a></br><br>{$shop_name} </br>{$send_date}', 0, 0, 'template'),
(13, 'user_message', 1, '留言回复', '亲爱的{$user_name}。你好！</br></br>对您的留言：</br>{$message_content}</br></br>店主作了如下回复：</br>{$message_note}</br></br>您可以随时回到店中和店主继续沟通。</br>{$shop_name}</br>{$send_date}', 0, 0, 'template'),
(14, 'recomment', 1, '用户评论回复', '亲爱的{$user_name}。你好！</br></br>对您的评论：</br>“{$comment}”</br></br>店主作了如下回复：</br>“{$recomment}”</br></br>您可以随时回到店中和店主继续沟通。</br>{$shop_name}</br>{$send_date}', 0, 0, 'template');

-- --------------------------------------------------------

--
-- テーブルの構造 `zh_mainnav`
--

CREATE TABLE IF NOT EXISTS `zh_mainnav` (
  `id` int(11) NOT NULL AUTO_INCREMENT,
  `webid` int(11) unsigned DEFAULT '0' COMMENT '用于区分多个sline系统',
  `aid` int(11) unsigned DEFAULT NULL,
  `typeid` int(1) DEFAULT NULL COMMENT '栏目ID',
  `pid` smallint(6) unsigned DEFAULT '0' COMMENT '父栏目ID',
  `typename` varchar(255) DEFAULT NULL COMMENT '栏目名称',
  `shortname` varchar(255) DEFAULT NULL COMMENT '栏目名称简写',
  `seotitle` varchar(255) DEFAULT NULL COMMENT 'seo标题',
  `keyword` varchar(255) DEFAULT NULL,
  `description` varchar(255) DEFAULT NULL,
  `jieshao` mediumtext COMMENT '栏目介绍',
  `tagword` varchar(255) DEFAULT NULL,
  `url` varchar(255) DEFAULT NULL,
  `linktype` int(1) DEFAULT NULL COMMENT '1,站内链接,0:站外链接',
  `isopen` int(1) DEFAULT '1' COMMENT '是否开放1,开放,0关闭',
  `displayorder` int(5) DEFAULT '9999',
  `issystem` int(1) unsigned DEFAULT '0' COMMENT '是否系统栏目',
  `linktitle` varchar(255) DEFAULT NULL,
  `isfinishseo` int(11) unsigned DEFAULT '0',
  `kind` int(2) DEFAULT '0',
  `indexshownum` int(2) DEFAULT '5',
  `shownum` int(2) DEFAULT '5',
  `isleft` int(1) unsigned DEFAULT '0',
  `templetpath` varchar(255) DEFAULT NULL,
  `isexternal` int(1) DEFAULT NULL,
  PRIMARY KEY (`id`)
) ENGINE=InnoDB  DEFAULT CHARSET=utf8 ROW_FORMAT=COMPACT AUTO_INCREMENT=55 ;

--
-- テーブルのデータのダンプ `zh_mainnav`
--

INSERT INTO `zh_mainnav` (`id`, `webid`, `aid`, `typeid`, `pid`, `typename`, `shortname`, `seotitle`, `keyword`, `description`, `jieshao`, `tagword`, `url`, `linktype`, `isopen`, `displayorder`, `issystem`, `linktitle`, `isfinishseo`, `kind`, `indexshownum`, `shownum`, `isleft`, `templetpath`, `isexternal`) VALUES
(25, 1, NULL, NULL, 0, NULL, '日本旅游', NULL, NULL, NULL, NULL, NULL, 'http://admin.his.com/lines/riben', NULL, 1, 2, 0, NULL, 0, 0, 5, 5, 0, NULL, 0),
(26, 1, NULL, NULL, 0, NULL, '其他国际旅游', NULL, NULL, NULL, NULL, NULL, 'http://admin.his.com/lines/qitaguoji', NULL, 1, 3, 0, NULL, 0, 0, 5, 5, 0, NULL, 0),
(27, 1, NULL, NULL, 0, NULL, '首页', NULL, NULL, NULL, NULL, NULL, 'http://admin.his.com', NULL, 1, 1, 0, NULL, 0, 0, 5, 5, 0, NULL, 0),
(28, 1, NULL, NULL, 0, NULL, 'JR RAIL PASS', NULL, NULL, NULL, NULL, NULL, '/jr', NULL, 1, 4, 0, NULL, 0, 0, 5, 5, 0, NULL, 0),
(29, 1, NULL, NULL, 0, NULL, '国际酒店', NULL, NULL, NULL, NULL, NULL, 'http://www.baidu.com', NULL, 1, 5, 0, NULL, 0, 0, 5, 5, 0, NULL, 1),
(30, 1, NULL, NULL, 0, NULL, '国际机票', NULL, NULL, NULL, NULL, NULL, 'http://www.baidu.com', NULL, 1, 6, 0, NULL, 0, 0, 5, 5, 0, NULL, 1),
(31, 2, NULL, NULL, 0, NULL, '日本旅游', NULL, NULL, NULL, NULL, NULL, '/shanghai/riben', NULL, 1, 2, 0, NULL, 0, 0, 5, 5, 0, NULL, 0),
(32, 2, NULL, NULL, 0, NULL, '其他国际旅游', NULL, NULL, NULL, NULL, NULL, '/shanghai/haiwai', NULL, 1, 3, 0, NULL, 0, 0, 5, 5, 0, NULL, 0),
(33, 2, NULL, NULL, 0, NULL, '首页', NULL, NULL, NULL, NULL, NULL, '/shanghai', NULL, 1, 1, 0, NULL, 0, 0, 5, 5, 0, NULL, 0),
(34, 2, NULL, NULL, 0, NULL, 'JR RAIL PASS', NULL, NULL, NULL, NULL, NULL, '/shanghai/jr', NULL, 1, 4, 0, NULL, 0, 0, 5, 5, 0, NULL, 0),
(35, 2, NULL, NULL, 0, NULL, '国际酒店', NULL, NULL, NULL, NULL, NULL, 'http://www.baidu.com', NULL, 1, 5, 0, NULL, 0, 0, 5, 5, 0, NULL, 1),
(36, 2, NULL, NULL, 0, NULL, '国际机票', NULL, NULL, NULL, NULL, NULL, 'http://www.baidu.com', NULL, 1, 6, 0, NULL, 0, 0, 5, 5, 0, NULL, 1),
(37, 3, NULL, NULL, 0, NULL, '日本旅游', NULL, NULL, NULL, NULL, NULL, '/beijing/riben', NULL, 1, 2, 0, NULL, 0, 0, 5, 5, 0, NULL, 0),
(38, 3, NULL, NULL, 0, NULL, '其他国际旅游', NULL, NULL, NULL, NULL, NULL, '/beijing/haiwai', NULL, 1, 3, 0, NULL, 0, 0, 5, 5, 0, NULL, 0),
(39, 3, NULL, NULL, 0, NULL, '首页', NULL, NULL, NULL, NULL, NULL, '/beijing', NULL, 1, 1, 0, NULL, 0, 0, 5, 5, 0, NULL, 0),
(40, 3, NULL, NULL, 0, NULL, 'JR RAIL PASS', NULL, NULL, NULL, NULL, NULL, '/beijing/jr', NULL, 1, 4, 0, NULL, 0, 0, 5, 5, 0, NULL, 0),
(41, 3, NULL, NULL, 0, NULL, '国际酒店', NULL, NULL, NULL, NULL, NULL, 'http://www.baidu.com', NULL, 1, 5, 0, NULL, 0, 0, 5, 5, 0, NULL, 1),
(42, 3, NULL, NULL, 0, NULL, '国际机票', NULL, NULL, NULL, NULL, NULL, 'http://www.baidu.com', NULL, 1, 6, 0, NULL, 0, 0, 5, 5, 0, NULL, 1),
(43, 5, NULL, NULL, 0, NULL, '日本旅游', NULL, NULL, NULL, NULL, NULL, '/suzhou/riben', NULL, 1, 2, 0, NULL, 0, 0, 5, 5, 0, NULL, 0),
(44, 5, NULL, NULL, 0, NULL, '其他国际旅游', NULL, NULL, NULL, NULL, NULL, '/suzhou/haiwai', NULL, 1, 3, 0, NULL, 0, 0, 5, 5, 0, NULL, 0),
(45, 5, NULL, NULL, 0, NULL, '首页', NULL, NULL, NULL, NULL, NULL, '/suzhou', NULL, 1, 1, 0, NULL, 0, 0, 5, 5, 0, NULL, 0),
(46, 5, NULL, NULL, 0, NULL, 'JR RAIL PASS', NULL, NULL, NULL, NULL, NULL, '/suzhou/jr', NULL, 1, 4, 0, NULL, 0, 0, 5, 5, 0, NULL, 0),
(47, 5, NULL, NULL, 0, NULL, '国际酒店', NULL, NULL, NULL, NULL, NULL, 'http://www.baidu.com', NULL, 1, 5, 0, NULL, 0, 0, 5, 5, 0, NULL, 1),
(48, 5, NULL, NULL, 0, NULL, '国际机票', NULL, NULL, NULL, NULL, NULL, 'http://www.baidu.com', NULL, 1, 6, 0, NULL, 0, 0, 5, 5, 0, NULL, 1),
(49, 6, NULL, NULL, 0, NULL, '日本旅游', NULL, NULL, NULL, NULL, NULL, '/other/riben', NULL, 1, 2, 0, NULL, 0, 0, 5, 5, 0, NULL, 0),
(50, 6, NULL, NULL, 0, NULL, '其他国际旅游', NULL, NULL, NULL, NULL, NULL, '/other/haiwai', NULL, 1, 3, 0, NULL, 0, 0, 5, 5, 0, NULL, 0),
(51, 6, NULL, NULL, 0, NULL, '首页', NULL, NULL, NULL, NULL, NULL, '/other', NULL, 1, 1, 0, NULL, 0, 0, 5, 5, 0, NULL, 0),
(52, 6, NULL, NULL, 0, NULL, 'JR RAIL PASS', NULL, NULL, NULL, NULL, NULL, '/other/jr', NULL, 1, 4, 0, NULL, 0, 0, 5, 5, 0, NULL, 0),
(53, 6, NULL, NULL, 0, NULL, '国际酒店', NULL, NULL, NULL, NULL, NULL, 'http://www.baidu.com', NULL, 1, 5, 0, NULL, 0, 0, 5, 5, 0, NULL, 1),
(54, 6, NULL, NULL, 0, NULL, '国际机票', NULL, NULL, NULL, NULL, NULL, 'http://www.baidu.com', NULL, 1, 6, 0, NULL, 0, 0, 5, 5, 0, NULL, 1);

-- --------------------------------------------------------

--
-- テーブルの構造 `zh_member_price`
--

CREATE TABLE IF NOT EXISTS `zh_member_price` (
  `price_id` mediumint(8) unsigned NOT NULL AUTO_INCREMENT COMMENT '折扣价自增id''',
  `goods_id` mediumint(8) unsigned NOT NULL DEFAULT '0' COMMENT '商品的id',
  `user_rank` tinyint(3) NOT NULL DEFAULT '0' COMMENT '会员登记id',
  `user_price` decimal(10,2) NOT NULL DEFAULT '0.00' COMMENT '指定商品对指定会员等级的固定定价价格，单位元',
  PRIMARY KEY (`price_id`),
  KEY `goods_id` (`goods_id`,`user_rank`)
) ENGINE=MyISAM  DEFAULT CHARSET=utf8 AUTO_INCREMENT=8 ;

--
-- テーブルのデータのダンプ `zh_member_price`
--

INSERT INTO `zh_member_price` (`price_id`, `goods_id`, `user_rank`, `user_price`) VALUES
(1, 23, 3, '3200.00'),
(2, 23, 2, '3300.00'),
(3, 13, 3, '1100.00'),
(4, 13, 2, '1200.00'),
(5, 36, 1, '300.00'),
(6, 36, 3, '270.00'),
(7, 36, 2, '285.00');

-- --------------------------------------------------------

--
-- テーブルの構造 `zh_menu_favorite`
--

CREATE TABLE IF NOT EXISTS `zh_menu_favorite` (
  `uid` smallint(5) unsigned NOT NULL,
  `nid` smallint(5) unsigned NOT NULL,
  KEY `gid` (`uid`),
  KEY `nid` (`nid`)
) ENGINE=MyISAM DEFAULT CHARSET=utf8 COMMENT='管理员权限分配表';

--
-- テーブルのデータのダンプ `zh_menu_favorite`
--

INSERT INTO `zh_menu_favorite` (`uid`, `nid`) VALUES
(1, 20),
(1, 13);

-- --------------------------------------------------------

--
-- テーブルの構造 `zh_model`
--

CREATE TABLE IF NOT EXISTS `zh_model` (
  `mid` int(10) unsigned NOT NULL AUTO_INCREMENT COMMENT '主键',
  `model_name` char(255) NOT NULL DEFAULT '' COMMENT '模型名称',
  `table_name` char(255) NOT NULL DEFAULT '' COMMENT '主表名',
  `enable` tinyint(1) NOT NULL DEFAULT '1' COMMENT '禁用 1 开启 0 关闭',
  `description` varchar(255) NOT NULL DEFAULT '' COMMENT '模型描述',
  `is_system` tinyint(1) unsigned NOT NULL DEFAULT '0' COMMENT '1 系统模型  2 普通模型',
  PRIMARY KEY (`mid`)
) ENGINE=MyISAM  DEFAULT CHARSET=utf8 COMMENT='模型表' AUTO_INCREMENT=12 ;

--
-- テーブルのデータのダンプ `zh_model`
--

INSERT INTO `zh_model` (`mid`, `model_name`, `table_name`, `enable`, `description`, `is_system`) VALUES
(1, '普通文章', 'content', 1, '', 1),
(8, '首页主图', 'banner1', 1, '首页主图', 0),
(7, '测试模型', 'test', 1, '测试模型', 0),
(9, '底部主图', 'rbanner1', 1, '底部主图', 0),
(10, '特别企划', 'rbanner2', 1, '特别企划', 0),
(11, 'HIS提供的链接', 'rbanner3', 1, 'HIS提供的链接', 0);

-- --------------------------------------------------------

--
-- テーブルの構造 `zh_nav`
--

CREATE TABLE IF NOT EXISTS `zh_nav` (
  `id` mediumint(8) NOT NULL AUTO_INCREMENT COMMENT '导航配置自增id',
  `ctype` varchar(10) DEFAULT NULL COMMENT 'c表示是商品分类',
  `cid` smallint(5) unsigned DEFAULT NULL COMMENT '商品分类中的cat_id',
  `name` varchar(255) NOT NULL COMMENT '导航显示标题',
  `ifshow` tinyint(1) NOT NULL COMMENT '是否显示',
  `vieworder` tinyint(1) NOT NULL COMMENT '页面显示顺序，数字越大越靠后',
  `opennew` tinyint(1) NOT NULL COMMENT '导航链接页面是否在新窗口打开，1，是；其他，',
  `url` varchar(255) NOT NULL COMMENT '链接的页面地址',
  `type` varchar(10) NOT NULL COMMENT '处于导航栏的位置，top为顶部；middle为中间；bottom,为底部',
  PRIMARY KEY (`id`),
  KEY `type` (`type`),
  KEY `ifshow` (`ifshow`)
) ENGINE=MyISAM  DEFAULT CHARSET=utf8 AUTO_INCREMENT=33 ;

--
-- テーブルのデータのダンプ `zh_nav`
--

INSERT INTO `zh_nav` (`id`, `ctype`, `cid`, `name`, `ifshow`, `vieworder`, `opennew`, `url`, `type`) VALUES
(2, NULL, NULL, '选购中心', 1, 2, 0, 'pick_out.php', 'top'),
(3, '', 0, '查看购物车', 1, 0, 0, 'flow.php', 'top'),
(4, '', 0, '团购商品', 1, 20, 0, 'group_buy.php', 'middle'),
(5, '', 0, '夺宝奇兵', 1, 22, 0, 'snatch.php', 'middle'),
(6, NULL, NULL, '标签云', 1, 5, 6, 'tag_cloud.php', 'top'),
(7, NULL, NULL, '免责条款', 1, 1, 0, 'article.php?id=1', 'bottom'),
(8, NULL, NULL, '隐私保护', 1, 2, 0, 'article.php?id=2', 'bottom'),
(9, NULL, NULL, '咨询热点', 1, 3, 0, 'article.php?id=3', 'bottom'),
(10, NULL, NULL, '联系我们', 1, 4, 0, 'article.php?id=4', 'bottom'),
(11, NULL, NULL, '公司简介', 1, 5, 0, 'article.php?id=5', 'bottom'),
(12, NULL, NULL, '批发方案', 1, 6, 0, 'wholesale.php', 'bottom'),
(14, NULL, NULL, '配送方式', 1, 7, 0, 'myship.php', 'bottom'),
(15, NULL, NULL, '留言板', 1, 99, 0, 'message.php', 'middle'),
(18, 'c', 4, '双模手机', 1, 14, 0, 'category.php?id=5', 'middle'),
(20, '', 0, 'EC论坛', 1, 100, 1, 'http://bbs.ecshop.com/', 'middle'),
(21, NULL, NULL, '优惠活动', 1, 21, 0, 'activity.php', 'middle'),
(23, NULL, NULL, '报价单', 1, 6, 0, 'quotation.php', 'top'),
(24, NULL, NULL, '拍卖活动', 1, 23, 0, 'auction.php', 'middle'),
(25, NULL, NULL, '积分商城', 1, 24, 0, 'exchange.php', 'middle'),
(26, 'c', 3, 'GSM手机', 1, 13, 0, 'category.php?id=3', 'middle'),
(27, 'c', 6, '手机配件', 1, 15, 0, 'category.php?id=6', 'middle');

-- --------------------------------------------------------

--
-- テーブルの構造 `zh_navigation`
--

CREATE TABLE IF NOT EXISTS `zh_navigation` (
  `nid` mediumint(8) unsigned NOT NULL AUTO_INCREMENT COMMENT '主键',
  `title` char(30) NOT NULL DEFAULT '菜单名称' COMMENT '菜单名',
  `pid` mediumint(8) unsigned NOT NULL DEFAULT '0' COMMENT '父id',
  `target` enum('_self','_blank') NOT NULL DEFAULT '_self' COMMENT '打开方式',
  `state` tinyint(1) NOT NULL DEFAULT '1' COMMENT '状态 1 显示 0 不显示',
  `list_order` mediumint(100) NOT NULL DEFAULT '100' COMMENT '排序',
  `url` varchar(255) NOT NULL DEFAULT '' COMMENT '链接地址',
  PRIMARY KEY (`nid`)
) ENGINE=MyISAM DEFAULT CHARSET=utf8 COMMENT='网站前台导航' AUTO_INCREMENT=1 ;

-- --------------------------------------------------------

--
-- テーブルの構造 `zh_node`
--

CREATE TABLE IF NOT EXISTS `zh_node` (
  `nid` smallint(6) NOT NULL AUTO_INCREMENT,
  `title` char(100) NOT NULL COMMENT '中文标题',
  `app_group` char(30) NOT NULL DEFAULT 'Zhcms' COMMENT '应用组',
  `app` char(30) NOT NULL DEFAULT '' COMMENT '应用',
  `control` char(30) NOT NULL DEFAULT '' COMMENT '控制器',
  `method` char(30) NOT NULL DEFAULT '' COMMENT '方法',
  `param` char(100) NOT NULL DEFAULT '' COMMENT '参数',
  `comment` varchar(255) NOT NULL DEFAULT '' COMMENT '备注',
  `state` tinyint(1) NOT NULL DEFAULT '1' COMMENT '状态 1 显示 0 不显示',
  `type` tinyint(1) unsigned NOT NULL DEFAULT '2' COMMENT '类型 1 权限控制菜单   2 普通菜单 ',
  `pid` smallint(6) NOT NULL DEFAULT '0',
  `list_order` smallint(6) NOT NULL DEFAULT '100' COMMENT '排序',
  `is_system` tinyint(1) NOT NULL DEFAULT '0' COMMENT '系统菜单 1 是  0 不是',
  `favorite` tinyint(1) NOT NULL DEFAULT '0' COMMENT '后台常用菜单   1 是  0 不是',
  PRIMARY KEY (`nid`)
) ENGINE=MyISAM  DEFAULT CHARSET=utf8 COMMENT='节点表（后台菜单也使用）' AUTO_INCREMENT=238 ;

--
-- テーブルのデータのダンプ `zh_node`
--

INSERT INTO `zh_node` (`nid`, `title`, `app_group`, `app`, `control`, `method`, `param`, `comment`, `state`, `type`, `pid`, `list_order`, `is_system`, `favorite`) VALUES
(1, 'menu_title_t1_content', 'Zhcms', 'Admin', '', '', '', '', 1, 1, 0, 8, 0, 0),
(2, 'menu_title_t2_content_manage', 'Zhcms', 'Admin', '', '', '', '', 1, 1, 1, 10, 0, 0),
(16, 'menu_title_t1_system', 'Zhcms', 'Admin', '', '', '', '', 1, 1, 0, 10, 0, 0),
(21, 'menu_title_t3_system_setting_admin_menu', 'Zhcms', 'Admin', 'Node', 'index', '', '', 1, 1, 19, 100, 0, 0),
(3, 'menu_title_t3_content_related_manage_upload_file', 'Zhcms', 'Admin', 'Attachment', 'index', '', '', 1, 1, 10, 100, 0, 0),
(12, 'menu_title_t3_content_other_operate_backup', 'Zhcms', 'Admin', 'Backup', 'index', '', '', 1, 1, 79, 100, 0, 1),
(10, 'menu_title_t2_content_related_manage', 'Zhcms', 'Admin', '', '', '', '', 1, 1, 1, 12, 0, 0),
(13, 'menu_title_t3_content_manage_category_manage', 'Zhcms', 'Admin', 'Category', 'index', '', '', 1, 1, 2, 20, 0, 1),
(14, 'menu_title_t3_content_related_manage_model', 'Zhcms', 'Admin', 'Model', 'index', '', '', 1, 1, 10, 100, 0, 0),
(15, 'menu_title_t3_content_related_manage_flag', 'Zhcms', 'Admin', 'Flag', 'index', 'mid=1', '', 1, 1, 10, 100, 0, 0),
(19, 'menu_title_t2_system_setting', 'Zhcms', 'Admin', '', '', '', '', 1, 1, 16, 100, 0, 0),
(4, 'menu_title_t3_content_manage_content', 'Zhcms', 'Admin', 'Content', 'index', '', '', 1, 1, 2, 10, 0, 1),
(11, 'menu_title_t2_system_admin', 'Zhcms', 'Admin', '', '', '', '', 1, 1, 16, 100, 0, 0),
(17, 'menu_title_t3_system_admin_manage', 'Zhcms', 'Admin', 'Administrator', 'index', '', '', 1, 1, 11, 100, 0, 0),
(18, 'menu_title_t3_system_admin_role_manage', 'Zhcms', 'Admin', 'Role', 'index', '', '', 1, 1, 11, 100, 0, 0),
(20, 'menu_title_t3_system_setting_site', 'Zhcms', 'Admin', 'Config', 'edit', 'webid=1', '', 1, 1, 19, 90, 0, 0),
(5, 'menu_title_t2_content_html_create', 'Zhcms', 'Admin', '', '', '', '', 1, 1, 1, 11, 0, 0),
(6, 'menu_title_t3_content_html_create_category', 'Zhcms', 'Admin', 'Html', 'create_category', '', '', 1, 1, 5, 102, 0, 0),
(8, 'menu_title_t3_content_html_create_top', 'Zhcms', 'Admin', 'Html', 'create_index', '', '', 1, 1, 5, 101, 0, 1),
(9, 'menu_title_t3_content_html_create_content', 'Zhcms', 'Admin', 'Html', 'create_content', '', '', 1, 1, 5, 103, 0, 0),
(28, 'menu_title_t3_personal_info_password', 'Zhcms', 'Admin', 'Personal', 'edit_password', '', '', 1, 1, 29, 100, 0, 0),
(27, 'menu_title_t3_personal_info_edit', 'Zhcms', 'Admin', 'Personal', 'edit_info', '', '', 1, 1, 29, 100, 0, 0),
(26, 'menu_title_t1_personal', 'Zhcms', 'Admin', '', '', '', '', 1, 1, 0, 100, 0, 0),
(29, 'menu_title_t2_personal_info', 'Zhcms', 'Admin', '', '', '', '', 1, 1, 26, 100, 0, 0),
(61, 'menu_title_t3_content_html_create_all', 'Zhcms', 'Admin', 'Html', 'create_all', '', '一気に全部静態作成', 1, 1, 5, 100, 0, 1),
(30, 'menu_title_t1_member', 'Zhcms', 'Admin', '', '', '', '', 1, 1, 0, 100, 0, 0),
(31, 'menu_title_t2_member_manage', 'Zhcms', 'Admin', '', '', '', '', 1, 1, 30, 100, 0, 0),
(32, 'menu_title_t3_member_manage_info', 'Zhcms', 'Admin', 'User', 'index', '', '', 1, 1, 31, 100, 0, 0),
(33, 'menu_title_t3_member_manage_check', 'Zhcms', 'Admin', 'User', 'index', 'state=0', '', 1, 1, 31, 100, 0, 0),
(34, 'menu_title_t2_member_group', 'Zhcms', 'Admin', '', '', '', '', 1, 1, 30, 100, 0, 0),
(35, 'menu_title_t3_member_group_manage', 'Zhcms', 'Admin', 'Group', 'index', '', '', 1, 1, 34, 100, 0, 0),
(36, 'menu_title_t1_template', 'Zhcms', 'Admin', '', '', '', '', 1, 1, 0, 100, 0, 0),
(37, 'menu_title_t2_template_manage', 'Zhcms', 'Admin', '', '', '', '', 1, 1, 36, 100, 0, 0),
(38, 'menu_title_t3_template_manage_style', 'Zhcms', 'Admin', 'TemplateStyle', 'style_list', '', '', 1, 1, 37, 90, 0, 0),
(39, 'menu_title_t3_template_manage_file', 'Zhcms', 'Admin', 'TemplateStyle', 'show_dir', '', '', 0, 1, 37, 100, 0, 0),
(70, 'menu_title_t3_content_related_manage_tag', 'Zhcms', 'Admin', 'Tag', 'index', '', '', 1, 1, 10, 100, 0, 0),
(69, 'menu_title_t3_content_other_operate_keysearch', 'Zhcms', 'Admin', 'Search', 'index', '', '', 1, 1, 79, 100, 0, 0),
(79, 'menu_title_t2_content_other_operate', 'Zhcms', 'Admin', '', '', '', '', 1, 1, 1, 100, 0, 0),
(80, 'menu_title_t3_content_other_operate_navigation', 'Zhcms', 'Admin', 'Navigation', 'index', '', '', 1, 1, 79, 100, 0, 0),
(91, 'menu_title_t1_plugin', 'Zhcms', 'Admin', '', '', '', '', 1, 1, 0, 1000, 0, 0),
(92, 'menu_title_t2_plugin_manage', 'Zhcms', 'Admin', '', '', '', '', 1, 1, 91, 99, 0, 0),
(93, 'menu_title_t3_plugin_manage_info', 'Zhcms', 'Admin', 'Plugin', 'plugin_list', '', '', 1, 1, 92, 100, 0, 0),
(94, 'menu_title_t2_plugin_using', 'Zhcms', 'Admin', '', '', '', '', 1, 1, 91, 100, 0, 0),
(180, 'menu_title_t3_content_manage_check', 'Zhcms', 'Admin', 'ContentAudit', 'content', '', '', 1, 1, 2, 11, 0, 1),
(156, 'BUG管理', 'Zhcms', 'Admin', 'Bug', 'showBug', '', '', 1, 1, 154, 100, 0, 0),
(179, 'menu_title_t3_content_related_manage_comment', 'Zhcms', 'Admin', 'Comment', 'index', '', '', 1, 1, 10, 100, 0, 0),
(184, 'menu_title_t3_content_manage_category_add', 'Zhcms', 'Admin', 'Category', 'add', '', '', 0, 1, 2, 21, 0, 0),
(185, 'menu_title_t3_content_manage_category_del', 'Zhcms', 'Admin', 'Category', 'del', '', '', 0, 1, 2, 22, 0, 0),
(186, 'menu_title_t3_content_manage_category_edit', 'Zhcms', 'Admin', 'Category', 'edit', '', '', 0, 1, 2, 23, 0, 0),
(187, 'menu_title_t3_content_manage_category_bulkedit', 'Zhcms', 'Admin', 'Category', 'BulkEdit', '', '', 0, 1, 2, 24, 0, 0),
(200, 'menu_title_t3_content_other_operate_db_manage', 'Zhcms', 'Admin', 'Table', 'contentReplace', '', '', 1, 1, 79, 100, 0, 0),
(206, 'menu_title_t1_ec', 'Zhcms', 'Admin', '', '', '', '', 1, 1, 0, 100, 0, 0),
(207, 'menu_title_t2_ec_goods', 'Zhcms', 'Admin', '', '', '', '', 1, 1, 206, 100, 0, 0),
(208, 'menu_title_t3_ec_goods_brand', 'Zhcms', 'Admin', 'Brand', 'index', '', '', 1, 1, 207, 100, 0, 0),
(209, 'menu_title_t3_ec_goods_type', 'Zhcms', 'Admin', 'GoodsType', 'index', '', '', 1, 1, 207, 100, 0, 0),
(212, 'menu_title_t3_ec_goods_manage', 'Zhcms', 'Admin', 'Goods', 'index', 'act=list', '', 1, 1, 207, 100, 0, 0),
(211, 'menu_title_t3_plugin_using_frend_links', 'Plugin', 'Link', 'Manage', 'index', '', '', 1, 1, 94, 100, 0, 0),
(210, 'menu_title_t3_ec_goods_category', 'Zhcms', 'Admin', 'goodsCategory', 'index', '', '', 1, 1, 207, 100, 0, 0),
(213, 'menu_title_t2_ec_authority', 'Zhcms', 'Admin', '', '', '', '', 1, 1, 206, 100, 0, 0),
(214, 'menu_title_t3_ec_authority_suppliers', 'Zhcms', 'Admin', 'Suppliers', 'index', '', '', 1, 1, 213, 100, 0, 0),
(215, 'menu_title_t2_ec_common', 'Zhcms', 'Admin', '', '', '', '', 1, 1, 206, 1, 0, 0),
(216, 'menu_title_t3_ec_common_config', 'Zhcms', 'Admin', 'ShopConfig', 'index', '', '', 1, 1, 215, 1, 0, 0),
(217, 'menu_title_t3_ec_goods_virtual_card', 'Zhcms', 'Admin', 'Goods', 'index', 'act=list&extension_code=virtual_card', '', 1, 1, 207, 100, 0, 0),
(218, 'menu_title_t2_ec_user', 'Zhcms', 'Admin', '', '', '', '', 1, 1, 206, 100, 0, 0),
(219, 'menu_title_t3_ec_user_rank', 'Zhcms', 'Admin', 'EcUserRank', 'index', '', '', 1, 1, 218, 100, 0, 0),
(220, 'menu_title_t2_ec_article', 'Zhcms', 'Admin', '', '', '', '', 1, 1, 206, 100, 0, 0),
(221, 'menu_title_t3_ec_article_cat', 'Zhcms', 'Admin', 'Articlecat', 'index', '', '', 1, 1, 220, 100, 0, 0),
(222, 'menu_title_t3_ec_article_manage', 'Zhcms', 'Admin', 'Article', 'index', '', '', 1, 1, 220, 100, 0, 0),
(223, 'menu_title_t2_ec_sales', 'Zhcms', 'Admin', '', '', '', '', 1, 1, 206, 100, 0, 0),
(224, 'menu_title_t3_ec_sales_bonus', 'Zhcms', 'Admin', 'bonus', 'index', '', '', 1, 1, 223, 100, 0, 0),
(225, 'menu_title_t2_site', 'Zhcms', 'Admin', '', '', '', '', 1, 1, 16, 100, 0, 0),
(226, 'menu_title_t3_site_manage', 'Zhcms', 'Admin', 'Weblist', 'index', '', '', 1, 1, 225, 100, 0, 0),
(227, 'menu_title_t1_tour', 'Zhcms', 'Admin', '', '', '', '', 1, 1, 0, 100, 0, 0),
(228, 'menu_title_t2_tour_type', 'Zhcms', 'Admin', '', '', '', '', 1, 1, 227, 100, 0, 0),
(229, 'menu_title_t3_tour_type_destination', 'Zhcms', 'Admin', 'Destination', 'destination', '', '', 1, 1, 228, 100, 0, 0),
(230, 'menu_title_t3_site_mainnav', 'Zhcms', 'Admin', 'Mainnav', 'index', 'webid=1', '', 1, 1, 225, 100, 0, 0),
(231, 'menu_title_t3_tour_type_line_category', 'Zhcms', 'Admin', 'Line', 'price', '', '', 1, 1, 228, 100, 0, 0),
(232, 'menu_title_t3_tour_type_startplace', 'Zhcms', 'Admin', 'Startplace', 'index', '', '', 1, 1, 228, 100, 0, 0),
(233, 'menu_title_t2_tour_product', 'Zhcms', 'Admin', '', '', '', '', 1, 1, 227, 99, 0, 0),
(234, 'menu_title_t3_tour_product_line', 'Zhcms', 'Admin', 'Line', 'index', '', '', 1, 1, 233, 100, 0, 0),
(235, 'menu_title_t3_tour_product_line_order', 'Zhcms', 'Admin', 'TourOrder', 'index', 'typeid=1', '', 1, 1, 233, 100, 0, 0),
(236, 'menu_title_t3_system_admin_b2buser', 'Zhcms', 'Admin', 'B2buser', 'index', '', '', 1, 1, 11, 100, 0, 0),
(237, 'menu_title_t3_tour_product_line_b2border', 'Zhcms', 'Admin', 'B2bTourOrder', 'index', 'typeid=1', '', 1, 1, 233, 100, 0, 0);

-- --------------------------------------------------------

--
-- テーブルの構造 `zh_order_goods`
--

CREATE TABLE IF NOT EXISTS `zh_order_goods` (
  `rec_id` mediumint(8) unsigned NOT NULL AUTO_INCREMENT COMMENT '订单商品信息自增id''',
  `order_id` mediumint(8) unsigned NOT NULL DEFAULT '0' COMMENT '订单商品信息对应的详细信息id，取值order_info的order_id',
  `goods_id` mediumint(8) unsigned NOT NULL DEFAULT '0' COMMENT '商品的的id，取值表ecs_goods 的goods_id',
  `goods_name` varchar(120) NOT NULL COMMENT '商品的名称，取值表ecs_goods',
  `goods_sn` varchar(60) NOT NULL COMMENT '商品的唯一货号，取值ecs_goods',
  `product_id` mediumint(8) unsigned NOT NULL DEFAULT '0',
  `goods_number` smallint(5) unsigned NOT NULL DEFAULT '1' COMMENT '商品的购买数量''',
  `market_price` decimal(10,2) NOT NULL DEFAULT '0.00' COMMENT '商品的市场售价，取值ecs_goods',
  `goods_price` decimal(10,2) NOT NULL DEFAULT '0.00' COMMENT '商品的本店售价，取值ecs_goods ',
  `goods_attr` text NOT NULL COMMENT '购买该商品时所选择的属性；',
  `send_number` smallint(5) unsigned NOT NULL DEFAULT '0' COMMENT '当不是实物时，是否已发货，0，否；1，是',
  `is_real` tinyint(1) unsigned NOT NULL DEFAULT '0' COMMENT '是否是实物，0，否；1，是；取值ecs_goods',
  `extension_code` varchar(30) NOT NULL COMMENT '商品的扩展属性，比如像虚拟卡。取值ecs_goods',
  `parent_id` mediumint(8) unsigned NOT NULL DEFAULT '0' COMMENT '父商品id，取值于ecs_cart的parent_id；如果有该值则是值多代表的物品的配件',
  `is_gift` smallint(5) unsigned NOT NULL DEFAULT '0' COMMENT '是否参加优惠活动，0，否；其他，取值于ecs_cart 的is_gift，跟其一样，是参加的优惠活动的id',
  `goods_attr_id` varchar(255) NOT NULL,
  PRIMARY KEY (`rec_id`),
  KEY `order_id` (`order_id`),
  KEY `goods_id` (`goods_id`)
) ENGINE=MyISAM  DEFAULT CHARSET=utf8 AUTO_INCREMENT=35 ;

--
-- テーブルのデータのダンプ `zh_order_goods`
--

INSERT INTO `zh_order_goods` (`rec_id`, `order_id`, `goods_id`, `goods_name`, `goods_sn`, `product_id`, `goods_number`, `market_price`, `goods_price`, `goods_attr`, `send_number`, `is_real`, `extension_code`, `parent_id`, `is_gift`, `goods_attr_id`) VALUES
(1, 1, 8, '飞利浦9@9v', 'ECS000008', 0, 1, '478.79', '385.00', '颜色:黑 \n', 0, 1, '', 0, 0, '231'),
(2, 2, 12, '摩托罗拉A810', 'ECS000012', 0, 1, '1179.60', '960.00', '', 0, 1, '', 0, 0, ''),
(3, 3, 17, '夏新N7', 'ECS000017', 0, 1, '2760.00', '2300.00', '', 0, 1, '', 0, 0, ''),
(4, 4, 22, '多普达Touch HD', 'ECS000022', 0, 1, '7198.80', '5999.00', '', 0, 1, '', 0, 0, ''),
(5, 5, 9, '诺基亚E66', 'ECS000009', 0, 3, '2757.60', '2200.00', '', 0, 1, '', 0, 0, ''),
(6, 5, 24, 'P806', 'ECS000024', 0, 1, '2400.00', '2000.00', '', 0, 1, '', 0, 0, ''),
(7, 6, 5, '索爱原装M2卡读卡器', 'ECS000005', 0, 1, '24.00', '20.00', '', 0, 1, '', 0, 0, ''),
(8, 7, 9, '诺基亚E66', 'ECS000009', 0, 1, '2757.60', '2298.00', '', 0, 1, '', 0, 0, ''),
(9, 8, 20, '三星BC01', 'ECS000020', 0, 1, '336.00', '238.00', '', 0, 1, '', 0, 0, ''),
(10, 8, 8, '飞利浦9@9v', 'ECS000008', 0, 1, '478.79', '385.00', '颜色:黑 \n', 0, 1, '', 0, 0, '231'),
(11, 9, 24, 'P806', 'ECS000024', 0, 1, '2400.00', '2000.00', '', 0, 1, '', 0, 0, ''),
(12, 10, 24, 'P806', 'ECS000024', 0, 1, '2400.00', '0.00', '', 0, 1, '', 0, 0, ''),
(13, 11, 23, '诺基亚N96', 'ECS000023', 0, 1, '4440.00', '3800.00', '附加配件: 原装电池 [+100]', 0, 1, '', 0, 0, ''),
(14, 12, 20, '三星BC01', 'ECS000020', 0, 1, '336.00', '238.00', '', 0, 1, '', 0, 0, ''),
(15, 13, 12, '摩托罗拉A810', 'ECS000012', 0, 1, '1179.60', '960.00', '', 0, 1, '', 0, 0, ''),
(16, 14, 15, '摩托罗拉A810', 'ECS000015', 0, 5, '705.60', '588.00', '', 0, 1, '', 0, 0, ''),
(17, 14, 20, '三星BC01', 'ECS000020', 0, 1, '336.00', '238.00', '', 0, 1, '', 0, 0, ''),
(18, 14, 22, '多普达Touch HD', 'ECS000022', 0, 1, '7198.80', '5999.00', '', 0, 1, '', 0, 0, ''),
(19, 14, 3, '诺基亚原装5800耳机', 'ECS000002', 0, 4, '81.60', '68.00', '颜色:银色 \n', 0, 1, '', 0, 0, ''),
(20, 14, 9, '诺基亚E66', 'ECS000009', 0, 2, '2757.60', '2298.00', '', 0, 1, '', 0, 0, ''),
(21, 15, 13, '诺基亚5320 XpressMusic', 'ECS000013', 0, 3, '1583.20', '1210.00', '颜色:红[10] \n', 0, 1, '', 0, 0, ''),
(22, 15, 14, '诺基亚5800XM', 'ECS000014', 0, 1, '3150.00', '2493.75', '', 0, 1, '', 0, 0, ''),
(23, 15, 24, 'P806', 'ECS000024', 0, 4, '2400.00', '1900.00', '', 0, 1, '', 0, 0, ''),
(24, 15, 9, '诺基亚E66', 'ECS000009', 0, 1, '2757.60', '2183.10', '', 0, 1, '', 0, 0, ''),
(25, 15, 8, '飞利浦9@9v', 'ECS000008', 0, 3, '478.79', '379.05', '颜色:黑 \n', 0, 1, '', 0, 0, '231'),
(26, 16, 12, '摩托罗拉A810', 'ECS000012', 0, 2, '1179.60', '933.85', '', 2, 1, '', 0, 0, ''),
(27, 16, 1, 'KD876', 'ECS000000', 0, 1, '1665.60', '1318.60', '', 0, 1, '', 0, 0, ''),
(28, 17, 24, 'P806', 'ECS000024', 0, 1, '2400.00', '1900.00', '', 0, 1, '', 0, 0, ''),
(29, 18, 24, 'P806', 'ECS000024', 0, 5, '2400.00', '100.00', '', 0, 1, '', 0, 0, ''),
(30, 19, 12, '摩托罗拉A810', 'ECS000012', 0, 2, '1179.60', '933.85', '', 2, 1, '', 0, 0, ''),
(31, 19, 24, 'P806', 'ECS000024', 0, 2, '2400.00', '1850.00', '颜色:灰色 \n', 2, 1, '', 0, 0, '167'),
(32, 20, 9, '诺基亚E66', 'ECS000009', 11, 3, '2757.60', '2200.00', '颜色:白色 \n', 0, 1, '', 0, 0, '227'),
(33, 21, 23, '诺基亚N96', 'ECS000023', 3, 2, '4440.00', '3700.00', '颜色:黑色 \n', 0, 1, '', 0, 0, '175');

-- --------------------------------------------------------

--
-- テーブルの構造 `zh_order_info`
--

CREATE TABLE IF NOT EXISTS `zh_order_info` (
  `order_id` mediumint(8) unsigned NOT NULL AUTO_INCREMENT COMMENT '订单详细信息自增id',
  `order_sn` varchar(20) NOT NULL COMMENT '订单号，唯一',
  `user_id` mediumint(8) unsigned NOT NULL DEFAULT '0' COMMENT '用户id，同ecs_users的user_id',
  `order_status` tinyint(1) unsigned NOT NULL DEFAULT '0' COMMENT '订单状态。0，未确认；1，已确认；2，已取消；3，无效；4，退货；',
  `shipping_status` tinyint(1) unsigned NOT NULL DEFAULT '0' COMMENT '商品配送情况，0，未发货；1，已发货；2，已收货；3，备货中',
  `pay_status` tinyint(1) unsigned NOT NULL DEFAULT '0' COMMENT '支付状态；0，未付款；1，付款中；2，已付款',
  `consignee` varchar(60) NOT NULL COMMENT '收货人的姓名，用户页面填写，默认取值于表user_address',
  `country` smallint(5) unsigned NOT NULL DEFAULT '0' COMMENT '收货人的国家，用户页面填写，默认取值于表user_address，其id对应的值在ecs_region',
  `province` smallint(5) unsigned NOT NULL DEFAULT '0' COMMENT '收货人的省份，用户页面填写，默认取值于表user_address，其id对应的值在ecs_region',
  `city` smallint(5) unsigned NOT NULL DEFAULT '0' COMMENT '收货人的城市，用户页面填写，默认取值于表user_address，其id对应的值在ecs_region',
  `district` smallint(5) unsigned NOT NULL DEFAULT '0' COMMENT '收货人的地区，用户页面填写，默认取值于表user_address，其id对应的值在ecs_region',
  `address` varchar(255) NOT NULL COMMENT '收货人的详细地址，用户页面填写，默认取值于表user_address',
  `zipcode` varchar(60) NOT NULL COMMENT '收货人的邮编，用户页面填写，默认取值于表user_address',
  `tel` varchar(60) NOT NULL COMMENT '收货人的电话，用户页面填写，默认取值于表user_address',
  `mobile` varchar(60) NOT NULL COMMENT '收货人的手机，用户页面填写，默认取值于表user_address',
  `email` varchar(60) NOT NULL COMMENT '收货人的手机，用户页面填写，默认取值于表user_address',
  `best_time` varchar(120) NOT NULL COMMENT '收货人的最佳送货时间，用户页面填写，默认取值于表user_address',
  `sign_building` varchar(120) NOT NULL COMMENT '收货人的地址的标志性建筑，用户页面填写，默认取值于表user_address',
  `postscript` varchar(255) NOT NULL COMMENT '订单附言，由用户提交订单前填写',
  `shipping_id` tinyint(3) NOT NULL DEFAULT '0' COMMENT '用户选择的配送方式id，取值表ecs_shipping',
  `shipping_name` varchar(120) NOT NULL COMMENT '用户选择的配送方式的名称，取值表ecs_shipping',
  `pay_id` tinyint(3) NOT NULL DEFAULT '0' COMMENT '用户选择的支付方式的id，取值表ecs_payment',
  `pay_name` varchar(120) NOT NULL COMMENT '用户选择的支付方式的名称，取值表ecs_payment',
  `how_oos` varchar(120) NOT NULL COMMENT '缺货处理方式，等待所有商品备齐后再发； 取消订单；与店主协商',
  `how_surplus` varchar(120) NOT NULL COMMENT '根据字段猜测应该是余额处理方式，程序未作这部分实现',
  `pack_name` varchar(120) NOT NULL COMMENT '包装名称，取值表ecs_pack',
  `card_name` varchar(120) NOT NULL COMMENT '贺卡的名称，取值ecs_card ',
  `card_message` varchar(255) NOT NULL COMMENT '贺卡内容，由用户提交',
  `inv_payee` varchar(120) NOT NULL COMMENT '发票抬头，用户页面填写',
  `inv_content` varchar(120) NOT NULL COMMENT '发票内容，用户页面选择，取值ecs_shop_config的code字段的值为invoice_content的value',
  `goods_amount` decimal(10,2) NOT NULL DEFAULT '0.00' COMMENT '商品总金额',
  `shipping_fee` decimal(10,2) NOT NULL DEFAULT '0.00' COMMENT '配送费用',
  `insure_fee` decimal(10,2) NOT NULL DEFAULT '0.00' COMMENT '保价费用',
  `pay_fee` decimal(10,2) NOT NULL DEFAULT '0.00' COMMENT '支付费用,跟支付方式的配置相关，取值表ecs_payment',
  `pack_fee` decimal(10,2) NOT NULL DEFAULT '0.00' COMMENT '包装费用，取值表取值表ecs_pack',
  `card_fee` decimal(10,2) NOT NULL DEFAULT '0.00' COMMENT '贺卡费用，取值ecs_card ',
  `money_paid` decimal(10,2) NOT NULL DEFAULT '0.00' COMMENT '已付款金额',
  `surplus` decimal(10,2) NOT NULL DEFAULT '0.00' COMMENT '该订单使用余额的数量，取用户设定余额，用户可用余额，订单金额中最小',
  `integral` int(10) unsigned NOT NULL DEFAULT '0' COMMENT '使用的积分的数量，取用户使用积分，商品可用积分，用户拥有积分中最小者',
  `integral_money` decimal(10,2) NOT NULL DEFAULT '0.00' COMMENT '使用积分金额',
  `bonus` decimal(10,2) NOT NULL DEFAULT '0.00' COMMENT '使用红包金额',
  `order_amount` decimal(10,2) NOT NULL DEFAULT '0.00' COMMENT '应付款金额',
  `from_ad` smallint(5) NOT NULL DEFAULT '0' COMMENT '订单由某广告带来的广告id，应该取值于ecs_ad',
  `referer` varchar(255) NOT NULL COMMENT '订单的来源页面',
  `add_time` int(10) unsigned NOT NULL DEFAULT '0' COMMENT '订单生成时间',
  `confirm_time` int(10) unsigned NOT NULL DEFAULT '0' COMMENT '订单确认时间',
  `pay_time` int(10) unsigned NOT NULL DEFAULT '0' COMMENT '订单支付时间',
  `shipping_time` int(10) unsigned NOT NULL DEFAULT '0' COMMENT '订单配送时间',
  `pack_id` tinyint(3) unsigned NOT NULL DEFAULT '0' COMMENT '包装id，取值取值表ecs_pack',
  `card_id` tinyint(3) unsigned NOT NULL DEFAULT '0' COMMENT '贺卡id，用户在页面选择，取值取值ecs_card ',
  `bonus_id` mediumint(8) unsigned NOT NULL DEFAULT '0' COMMENT '红包的id，ecs_user_bonus的bonus_id',
  `invoice_no` varchar(255) NOT NULL COMMENT '发货单号，发货时填写，可在订单查询查看',
  `extension_code` varchar(30) NOT NULL COMMENT '通过活动购买的商品的代号；GROUP_BUY是团购；AUCTION，是拍卖；SNATCH，夺宝奇兵；正常普通产品该处为空',
  `extension_id` mediumint(8) unsigned NOT NULL DEFAULT '0' COMMENT '通过活动购买的物品的id，取值ecs_goods_activity；如果是正常普通商品，该处为0',
  `to_buyer` varchar(255) NOT NULL COMMENT '商家给客户的留言,当该字段有值时可以在订单查询看到',
  `pay_note` varchar(255) NOT NULL COMMENT '付款备注，在订单管理里编辑修改',
  `agency_id` smallint(5) unsigned NOT NULL COMMENT '该笔订单被指派给的办事处的id，根据订单内容和办事处负责范围自动决定，也可以有管理员修改，取值于表ecs_agency',
  `inv_type` varchar(60) NOT NULL COMMENT '发票类型，用户页面选择，取值ecs_shop_config的code字段的值为invoice_type的value',
  `tax` decimal(10,2) NOT NULL COMMENT '发票税额',
  `is_separate` tinyint(1) NOT NULL DEFAULT '0' COMMENT '0，未分成或等待分成；1，已分成；2，取消分成；',
  `parent_id` mediumint(8) unsigned NOT NULL DEFAULT '0' COMMENT '能获得推荐分成的用户id，id取值于表ecs_users',
  `discount` decimal(10,2) NOT NULL COMMENT '折扣金额',
  PRIMARY KEY (`order_id`),
  UNIQUE KEY `order_sn` (`order_sn`),
  KEY `user_id` (`user_id`),
  KEY `order_status` (`order_status`),
  KEY `shipping_status` (`shipping_status`),
  KEY `pay_status` (`pay_status`),
  KEY `shipping_id` (`shipping_id`),
  KEY `pay_id` (`pay_id`),
  KEY `extension_code` (`extension_code`,`extension_id`),
  KEY `agency_id` (`agency_id`)
) ENGINE=MyISAM  DEFAULT CHARSET=utf8 AUTO_INCREMENT=23 ;

--
-- テーブルのデータのダンプ `zh_order_info`
--

INSERT INTO `zh_order_info` (`order_id`, `order_sn`, `user_id`, `order_status`, `shipping_status`, `pay_status`, `consignee`, `country`, `province`, `city`, `district`, `address`, `zipcode`, `tel`, `mobile`, `email`, `best_time`, `sign_building`, `postscript`, `shipping_id`, `shipping_name`, `pay_id`, `pay_name`, `how_oos`, `how_surplus`, `pack_name`, `card_name`, `card_message`, `inv_payee`, `inv_content`, `goods_amount`, `shipping_fee`, `insure_fee`, `pay_fee`, `pack_fee`, `card_fee`, `money_paid`, `surplus`, `integral`, `integral_money`, `bonus`, `order_amount`, `from_ad`, `referer`, `add_time`, `confirm_time`, `pay_time`, `shipping_time`, `pack_id`, `card_id`, `bonus_id`, `invoice_no`, `extension_code`, `extension_id`, `to_buyer`, `pay_note`, `agency_id`, `inv_type`, `tax`, `is_separate`, `parent_id`, `discount`) VALUES
(1, '2009051298180', 1, 1, 2, 2, '刘先生', 1, 2, 52, 500, '[中国 北京 北京 海淀区] 中关村海兴大厦', '100085', '010-25851234', '13986765412', 'ecshop@ecshop.com', '中午', '法院', '', 5, '申通快递', 1, '余额支付', '等待所有商品备齐后再发', '', '', '', '', '', '', '385.00', '15.00', '0.00', '0.00', '0.00', '0.00', '0.00', '400.00', 0, '0.00', '0.00', '0.00', 0, '本站', 1242142274, 1242142274, 1242142274, 1242142432, 0, 0, 0, '122', '', 0, '', '', 0, '', '0.00', 0, 0, '0.00'),
(2, '2009051255518', 1, 4, 0, 0, '刘先生', 1, 2, 52, 500, '[中国 北京 北京 海淀区] 中关村海兴大厦', '100085', '010-25851234', '13986765412', 'ecshop@ecshop.com', '中午', '法院', '', 3, '城际快递', 1, '余额支付', '等待所有商品备齐后再发', '', '精品包装', '祝福贺卡', '晚来的祝福', '', '', '960.00', '10.00', '0.00', '0.00', '0.00', '5.00', '0.00', '0.00', 0, '0.00', '0.00', '0.00', 0, '本站', 1242142324, 1242142324, 1242142324, 1242142389, 1, 1, 0, '111', '', 0, '', '', 0, '', '0.00', 0, 0, '0.00'),
(3, '2009051267570', 1, 4, 0, 0, '刘先生', 1, 2, 52, 500, '[中国 北京 北京 海淀区] 中关村海兴大厦', '100085', '010-25851234', '13986765412', 'ecshop@ecshop.com', '中午', '法院', '', 3, '城际快递', 1, '余额支付', '等待所有商品备齐后再发', '', '', '', '', '', '', '2300.00', '10.00', '0.00', '0.00', '0.00', '0.00', '0.00', '0.00', 0, '0.00', '0.00', '0.00', 0, '本站', 1242142549, 1242142549, 1242142549, 1242142589, 0, 0, 0, '', '', 0, '', '', 0, '', '0.00', 0, 0, '0.00'),
(4, '2009051230249', 1, 1, 0, 2, '刘先生', 1, 2, 52, 500, '[中国 北京 北京 海淀区] 中关村海兴大厦', '100085', '010-25851234', '13986765412', 'ecshop@ecshop.com', '中午', '法院', '', 3, '城际快递', 1, '余额支付', '等待所有商品备齐后再发', '', '', '', '', '', '', '5999.00', '10.00', '0.00', '0.00', '0.00', '0.00', '0.00', '5989.00', 0, '0.00', '20.00', '0.00', 0, '本站', 1242142681, 1242142681, 1242142681, 0, 0, 0, 1, '', '', 0, '', '', 0, '', '0.00', 0, 0, '0.00'),
(5, '2009051276258', 1, 1, 3, 2, '刘先生', 1, 2, 52, 500, '[中国 北京 北京 海淀区] 中关村海兴大厦', '100085', '010-25851234', '13986765412', 'ecshop@ecshop.com', '中午', '法院', '', 3, '城际快递', 1, '余额支付', '等待所有商品备齐后再发', '', '', '', '', '', '', '8600.00', '10.00', '0.00', '0.00', '0.00', '0.00', '0.00', '8610.00', 0, '0.00', '0.00', '0.00', 0, '本站', 1242142808, 1242142808, 1242142808, 0, 0, 0, 0, '', '', 0, '', '', 0, '', '0.00', 0, 0, '0.00'),
(6, '2009051217221', 3, 3, 0, 0, '叶先生', 1, 2, 52, 510, '通州区旗舰凯旋小区', '', '13588104710', '', 'text@ecshop.com', '', '', '', 5, '申通快递', 2, '银行汇款/转帐', '等待所有商品备齐后再发', '', '', '', '', '', '', '20.00', '15.00', '0.00', '0.00', '0.00', '0.00', '0.00', '0.00', 0, '0.00', '0.00', '35.00', 0, '', 1242143292, 0, 0, 0, 0, 0, 0, '', '', 0, '', '', 0, '', '0.00', 0, 0, '0.00'),
(7, '2009051227085', 3, 1, 0, 0, '叶先生', 1, 2, 52, 510, '通州区旗舰凯旋小区', '', '13588104710', '', 'text@ecshop.com', '', '', '', 5, '申通快递', 2, '银行汇款/转帐', '等待所有商品备齐后再发', '', '', '', '', '', '', '2298.00', '15.00', '0.00', '0.00', '0.00', '0.00', '0.00', '1000.00', 0, '0.00', '0.00', '1198.10', 0, '', 1242143383, 1242143454, 0, 0, 0, 0, 0, '', '', 0, '', '', 0, '', '0.00', 0, 0, '114.90'),
(8, '2009051299732', 3, 0, 0, 0, '叶先生', 1, 2, 52, 510, '通州区旗舰凯旋小区', '', '13588104710', '', 'text@ecshop.com', '', '', '', 5, '申通快递', 2, '银行汇款/转帐', '等待所有商品备齐后再发', '', '', '', '', '', '', '623.00', '15.00', '0.00', '0.00', '0.00', '0.00', '0.00', '0.00', 0, '0.00', '0.00', '638.00', 0, '', 1242143444, 0, 0, 0, 0, 0, 0, '', '', 0, '', '', 0, '', '0.00', 0, 0, '0.00'),
(9, '2009051210718', 3, 0, 0, 0, '叶先生', 1, 2, 52, 510, '通州区旗舰凯旋小区', '', '13588104710', '', 'text@ecshop.com', '', '', '', 5, '申通快递', 2, '银行汇款/转帐', '等待所有商品备齐后再发', '', '', '', '', '', '', '2000.00', '15.00', '0.00', '0.00', '0.00', '0.00', '0.00', '0.00', 0, '0.00', '0.00', '2015.00', 0, '', 1242143732, 0, 0, 0, 0, 0, 0, '', '', 0, '', '', 0, '', '0.00', 0, 0, '0.00'),
(10, '2009051268194', 1, 1, 0, 2, '刘先生', 1, 2, 52, 500, '海兴大厦', '', '010-25851234', '13986765412', 'ecshop@ecshop.com', '', '', '', 3, '城际快递', 1, '余额支付', '等待所有商品备齐后再发', '', '', '', '', '', '', '0.00', '10.00', '0.00', '0.00', '0.00', '0.00', '0.00', '10.00', 17000, '0.00', '0.00', '0.00', 0, '', 1242143920, 1242143920, 1242143920, 0, 0, 0, 0, '', 'exchange_goods', 24, '', '', 0, '', '0.00', 0, 0, '0.00'),
(11, '2009051264945', 0, 1, 0, 0, '林小姐', 1, 2, 52, 500, '中关村海兴大厦', '', '135474510', '', 'linzi@116.com', '', '', '', 3, '城际快递', 2, '银行汇款/转帐', '', '', '', '', '', '', '', '3800.00', '10.00', '0.00', '0.00', '0.00', '0.00', '0.00', '0.00', 0, '0.00', '0.00', '3810.00', 0, '管理员添加', 1242144250, 1242144363, 0, 0, 0, 0, 0, '', '', 0, '', '', 0, '', '0.00', 0, 0, '0.00'),
(12, '2009051712919', 1, 2, 0, 0, '刘先生', 1, 2, 52, 502, '海兴大厦', '', '010-25851234', '13986765412', 'ecshop@ecshop.com', '', '', '', 3, '城际快递', 3, '货到付款', '等待所有商品备齐后再发', '', '', '', '', '', '', '238.00', '10.00', '0.00', '5.00', '0.00', '0.00', '0.00', '0.00', 0, '0.00', '0.00', '253.00', 0, '本站', 1242576304, 0, 0, 0, 0, 0, 0, '', '', 0, '', '', 0, '', '0.00', 0, 0, '0.00'),
(13, '2009051719232', 1, 1, 1, 0, '刘先生', 1, 2, 52, 502, '海兴大厦', '', '010-25851234', '13986765412', 'ecshop@ecshop.com', '', '', '', 3, '城际快递', 3, '货到付款', '等待所有商品备齐后再发', '', '', '', '', '', '', '960.00', '10.00', '0.00', '5.00', '0.00', '0.00', '0.00', '0.00', 0, '0.00', '0.00', '975.00', 0, '本站', 1242576341, 1242576445, 0, 1242576445, 0, 0, 0, '', '', 0, '', '', 0, '', '0.00', 0, 0, '0.00'),
(14, '2009052224892', 1, 1, 1, 2, '刘先生', 1, 2, 52, 502, '海兴大厦', '', '010-25851234', '13986765412', 'ecshop@ecshop.com', '', '', '', 3, '城际快递', 1, '余额支付', '等待所有商品备齐后再发', '', '', '', '', '', '', '14045.00', '10.00', '0.00', '0.00', '0.00', '0.00', '0.00', '13806.60', 0, '0.00', '5.00', '0.00', 0, '本站', 1242976699, 1242976699, 1242976699, 1242976740, 0, 0, 2, '1123344', '', 0, '', '', 0, '', '0.00', 0, 0, '243.40'),
(15, '2009061585887', 1, 4, 0, 0, '刘先生', 1, 2, 52, 502, '海兴大厦', '', '010-25851234', '13986765412', 'ecshop@ecshop.com', '', '', '', 3, '城际快递', 2, '银行汇款/转帐', '等待所有商品备齐后再发', '', '', '', '', '', '', '17044.00', '10.00', '0.00', '0.00', '0.00', '0.00', '0.00', '0.00', 0, '0.00', '0.00', '17054.00', 0, '本站', 1245044533, 1245044587, 1245044644, 1245045443, 0, 0, 0, '', '', 0, '', '', 0, '', '0.00', 0, 0, '0.00'),
(16, '2009061525429', 1, 1, 4, 2, '刘先生', 1, 2, 52, 502, '海兴大厦', '', '010-25851234', '13986765412', 'ecshop@ecshop.com', '', '', '', 3, '城际快递', 1, '余额支付', '等待所有商品备齐后再发', '', '', '', '', '', '', '3186.30', '10.00', '0.00', '0.00', '0.00', '0.00', '0.00', '3196.30', 0, '0.00', '0.00', '0.00', 0, '本站', 1245045672, 1245045672, 1245045672, 1245045723, 0, 0, 0, '2009061525121', '', 0, '', '', 0, '', '0.00', 0, 0, '0.00'),
(17, '2009061503335', 1, 4, 0, 0, '刘先生', 1, 2, 52, 502, '海兴大厦', '', '010-25851234', '13986765412', 'ecshop@ecshop.com', '', '', '', 3, '城际快递', 1, '余额支付', '等待所有商品备齐后再发', '', '', '', '', '', '', '1900.00', '10.00', '0.00', '0.00', '0.00', '0.00', '0.00', '0.00', 0, '0.00', '0.00', '0.00', 0, '本站', 1245047978, 1245047978, 1245047978, 1245048189, 0, 0, 0, '', '', 0, '', '', 0, '', '0.00', 0, 0, '0.00'),
(18, '2009061510313', 1, 1, 0, 2, '刘先生', 1, 2, 52, 502, '海兴大厦', '', '010-25851234', '13986765412', 'ecshop@ecshop.com', '', '', '', 3, '城际快递', 1, '余额支付', '等待所有商品备齐后再发', '', '', '', '', '', '', '500.00', '10.00', '0.00', '0.00', '0.00', '0.00', '0.00', '500.00', 0, '0.00', '0.00', '0.00', 0, '本站', 1245048585, 1245048585, 1245048585, 0, 0, 0, 0, '', 'group_buy', 8, '', '', 0, '', '0.00', 0, 0, '0.00'),
(19, '2009061909851', 1, 1, 1, 2, '刘先生', 1, 2, 52, 502, '海兴大厦', '', '010-25851234', '13986765412', 'ecshop@ecshop.com', '', '', '', 3, '城际快递', 1, '余额支付', '等待所有商品备齐后再发', '', '', '', '', '', '', '5567.70', '10.00', '0.00', '0.00', '0.00', '0.00', '0.00', '5577.70', 0, '0.00', '0.00', '0.00', 0, '本站', 1245384008, 1245384008, 1245384008, 1245384049, 0, 0, 0, '232421', '', 0, '', '', 0, '', '0.00', 0, 0, '0.00'),
(20, '2015060446460', 6, 0, 0, 0, '周鸿', 1, 25, 321, 2707, '地址1', '223221', '13167001526', '13167001526', '136871204@qq.com', '', '', '', 5, '申通快递', 4, '<font color="#FF0000">支付宝</font>', '等待所有商品备齐后再发', '', '', '', '', '', '', '6600.00', '15.00', '0.00', '0.00', '0.00', '0.00', '0.00', '0.00', 0, '0.00', '0.00', '6615.00', 0, '本站', 1433382833, 0, 0, 0, 0, 0, 0, '', '', 0, '', '', 0, '', '0.00', 0, 0, '0.00'),
(21, '2015060431552', 6, 0, 0, 0, '周鸿', 1, 25, 321, 2707, '地址1', '223221', '13167001526', '13167001526', '136871204@qq.com', '', '', '', 5, '申通快递', 4, '<font color="#FF0000">支付宝</font>', '等待所有商品备齐后再发', '', '', '', '', '', '', '7400.00', '15.00', '0.00', '0.00', '0.00', '0.00', '0.00', '0.00', 0, '0.00', '0.00', '7415.00', 0, '本站', 1433385524, 0, 0, 0, 0, 0, 0, '', '', 0, '', '', 0, '', '0.00', 0, 0, '0.00');

-- --------------------------------------------------------

--
-- テーブルの構造 `zh_plugin`
--

CREATE TABLE IF NOT EXISTS `zh_plugin` (
  `pid` int(10) unsigned NOT NULL AUTO_INCREMENT COMMENT '主键',
  `name` char(50) NOT NULL DEFAULT '' COMMENT '插件名称',
  `install_time` date DEFAULT NULL COMMENT '安装时间',
  `version` varchar(100) NOT NULL DEFAULT '' COMMENT '版本号',
  `team` varchar(100) NOT NULL DEFAULT '' COMMENT '团队名称',
  `app` char(50) NOT NULL DEFAULT '' COMMENT '应用名',
  `email` varchar(100) NOT NULL DEFAULT '' COMMENT '电子邮箱',
  `web` varchar(255) NOT NULL DEFAULT '' COMMENT '官方网址',
  `pubdate` date DEFAULT NULL COMMENT '发布时间',
  PRIMARY KEY (`pid`)
) ENGINE=MyISAM  DEFAULT CHARSET=utf8 COMMENT='插件列表' AUTO_INCREMENT=20 ;

--
-- テーブルのデータのダンプ `zh_plugin`
--

INSERT INTO `zh_plugin` (`pid`, `name`, `install_time`, `version`, `team`, `app`, `email`, `web`, `pubdate`) VALUES
(19, '友情链接', '2015-06-16', '1.0', '周鸿', 'Link', 'hong@metaphase.co.jp', 'www.metaphase.co.jp', '2014-02-09');

-- --------------------------------------------------------

--
-- テーブルの構造 `zh_products`
--

CREATE TABLE IF NOT EXISTS `zh_products` (
  `product_id` mediumint(8) unsigned NOT NULL AUTO_INCREMENT,
  `goods_id` mediumint(8) unsigned NOT NULL DEFAULT '0',
  `goods_attr` varchar(50) DEFAULT NULL,
  `product_sn` varchar(60) DEFAULT NULL,
  `product_number` smallint(5) unsigned DEFAULT '0',
  PRIMARY KEY (`product_id`)
) ENGINE=MyISAM  DEFAULT CHARSET=utf8 AUTO_INCREMENT=15 ;

--
-- テーブルのデータのダンプ `zh_products`
--

INSERT INTO `zh_products` (`product_id`, `goods_id`, `goods_attr`, `product_sn`, `product_number`) VALUES
(1, 32, '163', '', 100),
(2, 24, '167', '', 100),
(3, 23, '175', '', 100),
(4, 21, '188', '', 20),
(5, 20, '194', '', 13),
(6, 17, '201', '', 1),
(7, 14, '213', '', 4),
(8, 13, '217', '', 8),
(9, 10, '239', '', 6),
(10, 10, '240', '', 12),
(11, 9, '227', '', 12),
(12, 9, '226', '', 3),
(13, 8, '231', '', 17),
(14, 1, '237', '', 1);

-- --------------------------------------------------------

--
-- テーブルの構造 `zh_rbanner1`
--

CREATE TABLE IF NOT EXISTS `zh_rbanner1` (
  `aid` int(10) unsigned NOT NULL AUTO_INCREMENT COMMENT '主键',
  `cid` smallint(5) unsigned NOT NULL DEFAULT '0' COMMENT '栏目cid',
  `title` char(100) NOT NULL DEFAULT '' COMMENT '标题',
  `flag` set('人気','トップ','推薦','画像','エキス','スライド','マスタ推薦') DEFAULT NULL,
  `new_window` tinyint(1) NOT NULL DEFAULT '0' COMMENT '新窗口打开',
  `seo_title` char(100) NOT NULL DEFAULT '' COMMENT 'SEO标题',
  `thumb` varchar(255) NOT NULL DEFAULT '' COMMENT '缩略图',
  `click` int(6) NOT NULL DEFAULT '0' COMMENT '点击数',
  `source` char(60) NOT NULL DEFAULT '' COMMENT '来源',
  `redirecturl` varchar(255) NOT NULL DEFAULT '' COMMENT '转向链接',
  `html_path` varchar(255) NOT NULL DEFAULT '' COMMENT '自定义生成的静态文件地址',
  `allowreply` tinyint(1) NOT NULL DEFAULT '1' COMMENT '是否允许回复',
  `addtime` int(10) NOT NULL DEFAULT '0' COMMENT '添加时间',
  `updatetime` int(10) NOT NULL DEFAULT '0' COMMENT '更新时间',
  `color` char(7) NOT NULL DEFAULT '' COMMENT '标题颜色',
  `template` varchar(255) NOT NULL DEFAULT '' COMMENT '模板',
  `url_type` tinyint(80) NOT NULL DEFAULT '3' COMMENT '文章访问方式  1 静态访问  2 动态访问  3 继承栏目',
  `arc_sort` mediumint(6) NOT NULL DEFAULT '999' COMMENT '排序',
  `content_state` tinyint(1) NOT NULL DEFAULT '1' COMMENT '文章状态  1 已审核 0 未审核',
  `keywords` varchar(100) NOT NULL DEFAULT '' COMMENT '关键字',
  `description` varchar(255) DEFAULT NULL COMMENT '描述',
  `uid` int(10) unsigned NOT NULL COMMENT '用户uid',
  `favorites` mediumint(8) unsigned NOT NULL DEFAULT '0' COMMENT '收藏数',
  `comment_num` mediumint(8) unsigned NOT NULL DEFAULT '0' COMMENT '评论数',
  `tag` varchar(255) NOT NULL DEFAULT '' COMMENT '占位，不用的字段',
  `read_credits` smallint(6) NOT NULL DEFAULT '0' COMMENT '阅读金币',
  `webid` text,
  `main_image` varchar(255) NOT NULL DEFAULT '',
  `url` varchar(255) NOT NULL DEFAULT '',
  `min_image` varchar(255) NOT NULL DEFAULT '',
  PRIMARY KEY (`aid`),
  KEY `uid` (`uid`),
  KEY `cid` (`cid`),
  KEY `flag` (`flag`)
) ENGINE=MyISAM  DEFAULT CHARSET=utf8 COMMENT='文章表' AUTO_INCREMENT=34 ;

--
-- テーブルのデータのダンプ `zh_rbanner1`
--

INSERT INTO `zh_rbanner1` (`aid`, `cid`, `title`, `flag`, `new_window`, `seo_title`, `thumb`, `click`, `source`, `redirecturl`, `html_path`, `allowreply`, `addtime`, `updatetime`, `color`, `template`, `url_type`, `arc_sort`, `content_state`, `keywords`, `description`, `uid`, `favorites`, `comment_num`, `tag`, `read_credits`, `webid`, `main_image`, `url`, `min_image`) VALUES
(29, 10, '中国站', '', 0, '', '', 0, '', '', '', 1, 1449647834, 1450241773, '', '', 3, 100, 0, '', '', 19, 0, 0, '', 0, '2', 'upload/content/2015/12/09/28411449647867.png', '', 'upload/content/2015/12/09/88101449647861.png'),
(30, 10, '春节- 上海', '', 1, '', '', 0, '', '', '', 1, 1449802987, 1452149225, '', '', 3, 100, 0, '', '', 19, 0, 0, '', 0, '2', 'upload/content/2015/12/28/98731451295199.png', 'http://www.his-china.cn/lp/fair20151228/', 'upload/content/2015/12/28/41581451295194.png'),
(31, 10, '春节-中国', '', 1, '', '', 0, '', '', '', 1, 1449804193, 1452149219, '', '', 3, 100, 0, '', '', 19, 0, 0, '', 0, '1', 'upload/content/2015/12/28/31261451295152.png', 'http://www.his-china.cn/lp/fair20151228/', 'upload/content/2015/12/28/57641451295138.png'),
(32, 10, '来店イベント－上海', '', 1, '', '', 0, '', '', '', 1, 1452149227, 1452932121, '', '', 3, 100, 0, '', '', 19, 0, 0, '', 0, '2', 'upload/content/2016/01/07/62461452149278.png', 'http://www.his-china.cn/lp/schedule.pdf', 'upload/content/2016/01/07/47331452150061.png'),
(33, 10, '来店イベント－中国', '', 1, '', '', 0, '', '', '', 1, 1452150350, 1452932116, '', '', 3, 100, 0, '', '', 19, 0, 0, '', 0, '1', 'upload/content/2016/01/07/74591452150375.png', 'http://www.his-china.cn/lp/schedule.pdf', 'upload/content/2016/01/07/59391452150369.png');

-- --------------------------------------------------------

--
-- テーブルの構造 `zh_rbanner1_data`
--

CREATE TABLE IF NOT EXISTS `zh_rbanner1_data` (
  `aid` int(10) unsigned NOT NULL DEFAULT '0' COMMENT '文章主表ID',
  `content` text COMMENT '内容',
  KEY `aid` (`aid`)
) ENGINE=MyISAM DEFAULT CHARSET=utf8 COMMENT='文章正文表';

--
-- テーブルのデータのダンプ `zh_rbanner1_data`
--

INSERT INTO `zh_rbanner1_data` (`aid`, `content`) VALUES
(29, ''),
(30, ''),
(31, ''),
(32, ''),
(33, '');

-- --------------------------------------------------------

--
-- テーブルの構造 `zh_rbanner2`
--

CREATE TABLE IF NOT EXISTS `zh_rbanner2` (
  `aid` int(10) unsigned NOT NULL AUTO_INCREMENT COMMENT '主键',
  `cid` smallint(5) unsigned NOT NULL DEFAULT '0' COMMENT '栏目cid',
  `title` char(100) NOT NULL DEFAULT '' COMMENT '标题',
  `flag` set('人気','トップ','推薦','画像','エキス','スライド','マスタ推薦') DEFAULT NULL,
  `new_window` tinyint(1) NOT NULL DEFAULT '0' COMMENT '新窗口打开',
  `seo_title` char(100) NOT NULL DEFAULT '' COMMENT 'SEO标题',
  `thumb` varchar(255) NOT NULL DEFAULT '' COMMENT '缩略图',
  `click` int(6) NOT NULL DEFAULT '0' COMMENT '点击数',
  `source` char(60) NOT NULL DEFAULT '' COMMENT '来源',
  `redirecturl` varchar(255) NOT NULL DEFAULT '' COMMENT '转向链接',
  `html_path` varchar(255) NOT NULL DEFAULT '' COMMENT '自定义生成的静态文件地址',
  `allowreply` tinyint(1) NOT NULL DEFAULT '1' COMMENT '是否允许回复',
  `addtime` int(10) NOT NULL DEFAULT '0' COMMENT '添加时间',
  `updatetime` int(10) NOT NULL DEFAULT '0' COMMENT '更新时间',
  `color` char(7) NOT NULL DEFAULT '' COMMENT '标题颜色',
  `template` varchar(255) NOT NULL DEFAULT '' COMMENT '模板',
  `url_type` tinyint(80) NOT NULL DEFAULT '3' COMMENT '文章访问方式  1 静态访问  2 动态访问  3 继承栏目',
  `arc_sort` mediumint(6) NOT NULL DEFAULT '0' COMMENT '排序',
  `content_state` tinyint(1) NOT NULL DEFAULT '1' COMMENT '文章状态  1 已审核 0 未审核',
  `keywords` varchar(100) NOT NULL DEFAULT '' COMMENT '关键字',
  `description` varchar(255) DEFAULT NULL COMMENT '描述',
  `uid` int(10) unsigned NOT NULL COMMENT '用户uid',
  `favorites` mediumint(8) unsigned NOT NULL DEFAULT '0' COMMENT '收藏数',
  `comment_num` mediumint(8) unsigned NOT NULL DEFAULT '0' COMMENT '评论数',
  `tag` varchar(255) NOT NULL DEFAULT '' COMMENT '占位，不用的字段',
  `read_credits` smallint(6) NOT NULL DEFAULT '0' COMMENT '阅读金币',
  `webid` text,
  `main_image` varchar(255) NOT NULL DEFAULT '',
  `url` varchar(255) NOT NULL DEFAULT '',
  PRIMARY KEY (`aid`),
  KEY `uid` (`uid`),
  KEY `cid` (`cid`),
  KEY `flag` (`flag`)
) ENGINE=MyISAM  DEFAULT CHARSET=utf8 COMMENT='文章表' AUTO_INCREMENT=60 ;

--
-- テーブルのデータのダンプ `zh_rbanner2`
--

INSERT INTO `zh_rbanner2` (`aid`, `cid`, `title`, `flag`, `new_window`, `seo_title`, `thumb`, `click`, `source`, `redirecturl`, `html_path`, `allowreply`, `addtime`, `updatetime`, `color`, `template`, `url_type`, `arc_sort`, `content_state`, `keywords`, `description`, `uid`, `favorites`, `comment_num`, `tag`, `read_credits`, `webid`, `main_image`, `url`) VALUES
(27, 8, 'HAnavi', '', 0, '', '', 0, '', '', '', 1, 1447132216, 1448338444, '', '', 3, 100, 0, '', '', 19, 0, 0, '', 0, '1', 'upload/content/2015/11/19/77731447923616.jpg', ''),
(58, 8, '来店イベント－上海', '', 1, '', '', 0, '', '', '', 1, 1452150759, 1452932156, '', '', 3, 1, 0, '', '', 19, 0, 0, '', 0, '2', 'upload/content/2016/01/07/3271452159020.jpg', 'http://www.his-china.cn/lp/schedule.pdf'),
(59, 8, '来店イベント－中国', '', 0, '', '', 0, '', '', '', 1, 1452150844, 1452932151, '', '', 3, 1, 0, '', '', 19, 0, 0, '', 0, '1', 'upload/content/2016/01/07/96411452159011.jpg', 'http://www.his-china.cn/lp/schedule.pdf');

-- --------------------------------------------------------

--
-- テーブルの構造 `zh_rbanner2_data`
--

CREATE TABLE IF NOT EXISTS `zh_rbanner2_data` (
  `aid` int(10) unsigned NOT NULL DEFAULT '0' COMMENT '文章主表ID',
  `content` text COMMENT '内容',
  KEY `aid` (`aid`)
) ENGINE=MyISAM DEFAULT CHARSET=utf8 COMMENT='文章正文表';

--
-- テーブルのデータのダンプ `zh_rbanner2_data`
--

INSERT INTO `zh_rbanner2_data` (`aid`, `content`) VALUES
(27, ''),
(59, ''),
(58, '');

-- --------------------------------------------------------

--
-- テーブルの構造 `zh_rbanner3`
--

CREATE TABLE IF NOT EXISTS `zh_rbanner3` (
  `aid` int(10) unsigned NOT NULL AUTO_INCREMENT COMMENT '主键',
  `cid` smallint(5) unsigned NOT NULL DEFAULT '0' COMMENT '栏目cid',
  `title` char(100) NOT NULL DEFAULT '' COMMENT '标题',
  `flag` set('人気','トップ','推薦','画像','エキス','スライド','マスタ推薦') DEFAULT NULL,
  `new_window` tinyint(1) NOT NULL DEFAULT '0' COMMENT '新窗口打开',
  `seo_title` char(100) NOT NULL DEFAULT '' COMMENT 'SEO标题',
  `thumb` varchar(255) NOT NULL DEFAULT '' COMMENT '缩略图',
  `click` int(6) NOT NULL DEFAULT '0' COMMENT '点击数',
  `source` char(60) NOT NULL DEFAULT '' COMMENT '来源',
  `redirecturl` varchar(255) NOT NULL DEFAULT '' COMMENT '转向链接',
  `html_path` varchar(255) NOT NULL DEFAULT '' COMMENT '自定义生成的静态文件地址',
  `allowreply` tinyint(1) NOT NULL DEFAULT '1' COMMENT '是否允许回复',
  `addtime` int(10) NOT NULL DEFAULT '0' COMMENT '添加时间',
  `updatetime` int(10) NOT NULL DEFAULT '0' COMMENT '更新时间',
  `color` char(7) NOT NULL DEFAULT '' COMMENT '标题颜色',
  `template` varchar(255) NOT NULL DEFAULT '' COMMENT '模板',
  `url_type` tinyint(80) NOT NULL DEFAULT '3' COMMENT '文章访问方式  1 静态访问  2 动态访问  3 继承栏目',
  `arc_sort` mediumint(6) NOT NULL DEFAULT '0' COMMENT '排序',
  `content_state` tinyint(1) NOT NULL DEFAULT '1' COMMENT '文章状态  1 已审核 0 未审核',
  `keywords` varchar(100) NOT NULL DEFAULT '' COMMENT '关键字',
  `description` varchar(255) DEFAULT NULL COMMENT '描述',
  `uid` int(10) unsigned NOT NULL COMMENT '用户uid',
  `favorites` mediumint(8) unsigned NOT NULL DEFAULT '0' COMMENT '收藏数',
  `comment_num` mediumint(8) unsigned NOT NULL DEFAULT '0' COMMENT '评论数',
  `tag` varchar(255) NOT NULL DEFAULT '' COMMENT '占位，不用的字段',
  `read_credits` smallint(6) NOT NULL DEFAULT '0' COMMENT '阅读金币',
  `webid` text,
  `main_image` varchar(255) NOT NULL DEFAULT '',
  `url` varchar(255) NOT NULL DEFAULT '',
  PRIMARY KEY (`aid`),
  KEY `uid` (`uid`),
  KEY `cid` (`cid`),
  KEY `flag` (`flag`)
) ENGINE=MyISAM  DEFAULT CHARSET=utf8 COMMENT='文章表' AUTO_INCREMENT=47 ;

-- --------------------------------------------------------

--
-- テーブルの構造 `zh_rbanner3_data`
--

CREATE TABLE IF NOT EXISTS `zh_rbanner3_data` (
  `aid` int(10) unsigned NOT NULL DEFAULT '0' COMMENT '文章主表ID',
  `content` text COMMENT '内容',
  KEY `aid` (`aid`)
) ENGINE=MyISAM DEFAULT CHARSET=utf8 COMMENT='文章正文表';

-- --------------------------------------------------------

--
-- テーブルの構造 `zh_role`
--

CREATE TABLE IF NOT EXISTS `zh_role` (
  `rid` smallint(5) NOT NULL AUTO_INCREMENT,
  `rname` char(60) NOT NULL DEFAULT '',
  `title` varchar(100) NOT NULL DEFAULT '' COMMENT '描述',
  `admin` tinyint(1) NOT NULL DEFAULT '0' COMMENT '管理组 1 是 0 不是',
  `system` tinyint(1) NOT NULL DEFAULT '0' COMMENT '系统角色',
  `creditslower` mediumint(9) NOT NULL DEFAULT '0' COMMENT '积分<=时为此会员组',
  `comment_state` tinyint(1) NOT NULL DEFAULT '1' COMMENT '评论不需要审核  1 不需要  2 需要',
  `allowsendmessage` tinyint(1) NOT NULL DEFAULT '1' COMMENT '允许发短消息  1 允许  2 不允许',
  PRIMARY KEY (`rid`),
  KEY `gid` (`rid`)
) ENGINE=MyISAM  DEFAULT CHARSET=utf8 COMMENT='角色表' AUTO_INCREMENT=24 ;

--
-- テーブルのデータのダンプ `zh_role`
--

INSERT INTO `zh_role` (`rid`, `rname`, `title`, `admin`, `system`, `creditslower`, `comment_state`, `allowsendmessage`) VALUES
(1, 'スーパー管理者', 'スーパー管理者', 1, 1, 10000, 1, 1),
(2, '内容編集者', '内容編集者', 1, 1, 10000, 1, 1),
(3, '発表スタッフ', '発表スタッフ', 1, 1, 10000, 1, 1),
(4, '游客', '游客', 0, 1, 0, 0, 0),
(5, '幼儿园', '新手上路', 0, 0, 100, 1, 1),
(6, '小学生', '小学生', 0, 0, 250, 1, 1),
(7, '中学生', '中学生', 0, 0, 450, 1, 1),
(8, '高中生', '高中生', 0, 0, 700, 1, 1),
(9, '大学生', '大学生', 0, 0, 1050, 1, 1),
(10, '研究生', '研究生', 0, 0, 1450, 1, 1),
(18, '超级管理员', '最大权限管理员', 1, 0, 0, 1, 1),
(19, '北京站点管理员', '', 1, 0, 0, 1, 1),
(20, '上海站点管理员', '', 1, 0, 0, 1, 1),
(22, '其他地区管理员', '', 1, 0, 0, 1, 1);

-- --------------------------------------------------------

--
-- テーブルの構造 `zh_search`
--

CREATE TABLE IF NOT EXISTS `zh_search` (
  `sid` int(10) unsigned NOT NULL AUTO_INCREMENT,
  `mid` smallint(5) unsigned NOT NULL DEFAULT '0' COMMENT 'mid',
  `word` char(100) NOT NULL DEFAULT '' COMMENT '搜索关键词',
  `total` mediumint(8) unsigned NOT NULL DEFAULT '1' COMMENT '搜索次数',
  PRIMARY KEY (`sid`),
  UNIQUE KEY `name` (`word`) USING BTREE,
  KEY `total` (`total`)
) ENGINE=MyISAM DEFAULT CHARSET=utf8 COMMENT='搜索结果表' AUTO_INCREMENT=1 ;

-- --------------------------------------------------------

--
-- テーブルの構造 `zh_search_keyword`
--

CREATE TABLE IF NOT EXISTS `zh_search_keyword` (
  `id` int(11) unsigned NOT NULL AUTO_INCREMENT,
  `keyword` varchar(255) DEFAULT NULL,
  `keynumber` int(11) unsigned DEFAULT '1',
  `displayorder` int(4) DEFAULT '9999' COMMENT '排序',
  `isopen` int(1) DEFAULT '0' COMMENT '是否开启',
  `addtime` int(10) DEFAULT '0' COMMENT '添加时间',
  PRIMARY KEY (`id`)
) ENGINE=MyISAM  DEFAULT CHARSET=utf8 COMMENT='搜索词表' AUTO_INCREMENT=104 ;

--
-- テーブルのデータのダンプ `zh_search_keyword`
--

INSERT INTO `zh_search_keyword` (`id`, `keyword`, `keynumber`, `displayorder`, `isopen`, `addtime`) VALUES
(1, '成都日本泰国上海旅游测试日游', 36, 9999, 0, 1444892137),
(2, '日本东京北海道旅游', 7, 9999, 0, 1444893525),
(3, '日本成都旅游', 2, 9999, 0, 1446693051),
(4, '历史热门搜索', 2, 9999, 0, 1446693573),
(5, '成都北京旅游', 4, 9999, 0, 1446694440),
(6, '上海', 12, 9999, 0, 1446694900),
(7, '东京', 12, 9999, 0, 1447059403),
(8, '北海道', 7, 9999, 0, 1447059484),
(9, '', 125, 9999, 0, 1447060094),
(10, '啊啊啊啊', 1, 9999, 0, 1447064227),
(11, '日本上海旅游', 2, 9999, 0, 1447064245),
(12, '东京自由行', 41, 9999, 0, 1447064260),
(13, 'fgf', 2, 9999, 0, 1447065463),
(14, 'faf', 2, 9999, 0, 1447065471),
(15, 'san', 2, 9999, 0, 1447065477),
(16, '日本 成都旅游', 2, 9999, 0, 1447065491),
(17, 'fadsfasdfaasdfasfafdasf', 1, 9999, 0, 1447065494),
(18, 'aaa', 1, 9999, 0, 1447065495),
(19, 'aaaASDSA', 1, 9999, 0, 1447065500),
(20, 'ASDFSDdfs', 1, 9999, 0, 1447065506),
(21, '广东', 1, 9999, 0, 1447065506),
(22, '古北', 3, 9999, 0, 1447067158),
(23, '欧洲', 3, 9999, 0, 1447117651),
(24, '意大利', 2, 9999, 0, 1447117659),
(25, '日本', 8, 9999, 0, 1447121888),
(26, '名古屋', 6, 9999, 0, 1447221267),
(27, '成都到泰国关键字', 1, 9999, 0, 1447235127),
(28, '东京 长崎 自由行', 1, 9999, 0, 1447235180),
(29, '京都', 1, 9999, 0, 1447385453),
(30, 'asd', 2, 9999, 0, 1447385948),
(31, 'asdasd', 1, 9999, 0, 1447386000),
(32, '日本东京旅游', 9, 9999, 0, 1447404465),
(33, '二哈', 3, 9999, 0, 1447409537),
(34, '散哈', 1, 9999, 0, 1447409544),
(35, '日本北海道旅游', 1, 9999, 0, 1447411840),
(36, 'sss', 1, 9999, 0, 1447637627),
(37, '沖縄', 1, 9999, 0, 1448267046),
(38, '关键词', 1, 9999, 0, 1448359623),
(39, '自由行', 1, 9999, 0, 1448438677),
(40, '东京+广岛+福冈+冲', 1, 9999, 0, 1448591743),
(41, '日本旅游', 2, 9999, 0, 1448841976),
(42, '日本旅行', 1, 9999, 0, 1448841992),
(43, '日本旅', 1, 9999, 0, 1448841999),
(44, '富士山', 2, 9999, 0, 1448939567),
(45, '三田', 1, 9999, 0, 1448989774),
(46, '冲绳', 37, 9999, 0, 1449107292),
(47, '东埔', 2, 9999, 0, 1449187662),
(48, '2015014', 1, 9999, 0, 1449217338),
(49, '济州', 1, 9999, 0, 1449296071),
(50, '', 41, 9999, 0, 1449296088),
(51, 'HAnavi-CPN-05', 1, 9999, 0, 1449547113),
(52, '夏威夷', 1, 9999, 0, 1449550339),
(53, '瑞典', 1, 9999, 0, 1449550414),
(54, '埃及', 1, 9999, 0, 1449550598),
(55, '捷克', 2, 9999, 0, 1449550687),
(56, '泰国', 1, 9999, 0, 1449555935),
(57, '健康诊断', 3, 9999, 0, 1449567091),
(58, '健康', 1, 9999, 0, 1449637554),
(59, '上海浦东嘉里大酒店', 1, 9999, 0, 1449754498),
(60, 'HIS-TYO-1212', 2, 9999, 0, 1449901503),
(61, '哦', 1, 9999, 0, 1450063360),
(62, '大阪', 1, 9999, 0, 1450063371),
(63, '东京4日自由行', 5, 9999, 0, 1450067119),
(64, '东京4日自由行(', 1, 9999, 0, 1450067149),
(65, '东京4日自由行(东京四日自由行)', 1, 9999, 0, 1450068547),
(66, ' 东京4日自由行', 2, 9999, 0, 1450068571),
(67, '冲绳大阪', 56, 9999, 0, 1450072552),
(68, '结婚', 2, 9999, 0, 1450074991),
(69, '結婚', 2, 9999, 0, 1450075000),
(70, '机器人', 1, 9999, 0, 1450423583),
(71, '成都', 2, 9999, 0, 1450429310),
(72, '成都出发', 4, 9999, 0, 1450429314),
(73, '你好', 1, 9999, 0, 1450682307),
(74, '纵贯全九州7日深度游', 2, 9999, 0, 1450852198),
(75, '春节美丽海岛-冲绳5日游', 1, 9999, 0, 1450852599),
(76, '2月7日出发  魅力东京6日休闲游', 1, 9999, 0, 1450852707),
(77, '关西7日疯狂购物任性游', 1, 9999, 0, 1450852905),
(78, '魅力东京', 5, 9999, 0, 1450853022),
(79, '美丽海岛', 1, 9999, 0, 1450853172),
(80, '纵贯全九州', 4, 9999, 0, 1450853233),
(81, '九州', 4, 9999, 0, 1450853254),
(82, '美丽冲绳', 2, 9999, 0, 1450853513),
(83, '美丽冲绳 海岛', 1, 9999, 0, 1450853537),
(84, '春节美丽海岛', 1, 9999, 0, 1450853653),
(85, '关西', 1, 9999, 0, 1450853802),
(86, '温泉 ゴルフ', 5, 9999, 0, 1451141095),
(87, '松山', 2, 9999, 0, 1451360346),
(88, '樱花', 1, 9999, 0, 1451436653),
(89, '敦煌', 1, 9999, 0, 1451732174),
(90, '斯里兰卡', 1, 9999, 0, 1451735366),
(91, '日帰り', 1, 9999, 0, 1452053124),
(92, '仙台', 2, 9999, 0, 1452072372),
(93, '水族馆', 1, 9999, 0, 1452094491),
(94, '医療', 1, 9999, 0, 1452129320),
(95, '長白山', 1, 9999, 0, 1452177786),
(96, '新加坡', 1, 9999, 0, 1452495800),
(97, '乌镇', 1, 9999, 0, 1452497559),
(98, 'MK', 10, 9999, 0, 1452563215),
(99, '塞班岛', 2, 9999, 0, 1452589938),
(100, '上海支店', 1, 9999, 0, 1452650611),
(101, '魅力东京6日休闲游', 1, 9999, 0, 1453170022),
(102, '体验', 3, 9999, 0, 1462504882),
(103, '日', 2, 9999, 0, 1482994475);

-- --------------------------------------------------------

--
-- テーブルの構造 `zh_session`
--

CREATE TABLE IF NOT EXISTS `zh_session` (
  `sessid` char(32) NOT NULL DEFAULT '',
  `data` text,
  `atime` int(10) NOT NULL DEFAULT '0',
  `ip` char(15) NOT NULL DEFAULT '',
  PRIMARY KEY (`sessid`)
) ENGINE=MyISAM DEFAULT CHARSET=utf8 COMMENT='session会话表';

-- --------------------------------------------------------

--
-- テーブルの構造 `zh_shipping`
--

CREATE TABLE IF NOT EXISTS `zh_shipping` (
  `shipping_id` tinyint(3) unsigned NOT NULL AUTO_INCREMENT COMMENT '自增ID号',
  `shipping_code` varchar(20) NOT NULL COMMENT '配送方式的字符串代号',
  `shipping_name` varchar(120) NOT NULL COMMENT '配送方式的名称',
  `shipping_desc` varchar(255) NOT NULL COMMENT '配送方式的描述',
  `insure` varchar(10) NOT NULL DEFAULT '0' COMMENT '保价费用，单位元，或者是百分数，该值直接输出为报价费用',
  `support_cod` tinyint(1) unsigned NOT NULL DEFAULT '0' COMMENT '是否支持货到付款，1，支持；0，不支持',
  `enabled` tinyint(1) unsigned NOT NULL DEFAULT '0' COMMENT '该配送方式是否被禁用，1，可用；0，禁用',
  `shipping_print` text NOT NULL,
  `print_bg` varchar(255) DEFAULT NULL,
  `config_lable` text,
  `print_model` tinyint(1) DEFAULT '0',
  `shipping_order` tinyint(3) unsigned NOT NULL DEFAULT '0',
  PRIMARY KEY (`shipping_id`),
  KEY `shipping_code` (`shipping_code`,`enabled`)
) ENGINE=MyISAM  DEFAULT CHARSET=utf8 COMMENT='配送方式配置信息表' AUTO_INCREMENT=8 ;

--
-- テーブルのデータのダンプ `zh_shipping`
--

INSERT INTO `zh_shipping` (`shipping_id`, `shipping_code`, `shipping_name`, `shipping_desc`, `insure`, `support_cod`, `enabled`, `shipping_print`, `print_bg`, `config_lable`, `print_model`, `shipping_order`) VALUES
(1, 'post_express', '邮政快递包裹', '邮政快递包裹的描述内容。', '1%', 0, 1, '', NULL, NULL, 0, 0),
(2, 'yto', '圆通速递', '上海圆通物流（速递）有限公司经过多年的网络快速发展，在中国速递行业中一直处于领先地位。为了能更好的发展国际快件市场，加快与国际市场的接轨，强化圆通的整体实力，圆通已在东南亚、欧美、中东、北美洲、非洲等许多城市运作国际快件业务', '0', 1, 1, '', NULL, NULL, 0, 0),
(3, 'city_express', '城际快递', '配送的运费是固定的', '0', 1, 1, '', NULL, NULL, 0, 0),
(4, 'flat', '市内快递', '固定运费的配送方式内容', '0', 1, 1, '', NULL, NULL, 0, 0),
(5, 'sto_express', '申通快递', '江、浙、沪地区首重为15元/KG，其他地区18元/KG， 续重均为5-6元/KG， 云南地区为8元', '0', 0, 1, '', NULL, NULL, 0, 0),
(6, 'post_mail', '邮局平邮', '邮局平邮的描述内容。', '0', 0, 1, '', NULL, NULL, 0, 0),
(7, 'fpd', '运费到付', '所购商品到达即付运费', '0', 0, 1, '', NULL, NULL, 0, 0);

-- --------------------------------------------------------

--
-- テーブルの構造 `zh_shop_config`
--

CREATE TABLE IF NOT EXISTS `zh_shop_config` (
  `id` smallint(5) unsigned NOT NULL AUTO_INCREMENT,
  `parent_id` smallint(5) unsigned NOT NULL DEFAULT '0',
  `code` varchar(30) NOT NULL DEFAULT '',
  `type` varchar(10) NOT NULL DEFAULT '',
  `store_range` varchar(255) NOT NULL DEFAULT '',
  `store_dir` varchar(255) NOT NULL DEFAULT '',
  `value` text NOT NULL,
  `sort_order` tinyint(3) unsigned NOT NULL DEFAULT '1',
  PRIMARY KEY (`id`),
  UNIQUE KEY `code` (`code`),
  KEY `parent_id` (`parent_id`)
) ENGINE=MyISAM  DEFAULT CHARSET=utf8 AUTO_INCREMENT=904 ;

--
-- テーブルのデータのダンプ `zh_shop_config`
--

INSERT INTO `zh_shop_config` (`id`, `parent_id`, `code`, `type`, `store_range`, `store_dir`, `value`, `sort_order`) VALUES
(1, 0, 'shop_info', 'group', '', '', '', 1),
(2, 0, 'basic', 'group', '', '', '', 1),
(3, 0, 'display', 'group', '', '', '', 1),
(4, 0, 'shopping_flow', 'group', '', '', '', 1),
(5, 0, 'smtp', 'group', '', '', '', 1),
(6, 0, 'hidden', 'hidden', '', '', '', 1),
(7, 0, 'goods', 'group', '', '', '', 1),
(8, 0, 'sms', 'group', '', '', '', 1),
(9, 0, 'wap', 'group', '', '', '', 1),
(101, 1, 'shop_name', 'text', '', '', 'ECSHOP', 1),
(102, 1, 'shop_title', 'text', '', '', 'ECSHOP演示站', 1),
(103, 1, 'shop_desc', 'text', '', '', 'ECSHOP演示站', 1),
(104, 1, 'shop_keywords', 'text', '', '', 'ECSHOP演示站', 1),
(105, 1, 'shop_country', 'manual', '', '', '1', 1),
(106, 1, 'shop_province', 'manual', '', '', '2', 1),
(107, 1, 'shop_city', 'manual', '', '', '52', 1),
(108, 1, 'shop_address', 'text', '', '', '', 1),
(109, 1, 'qq', 'text', '', '', '', 1),
(110, 1, 'ww', 'text', '', '', '', 1),
(111, 1, 'skype', 'text', '', '', '', 1),
(112, 1, 'ym', 'text', '', '', '', 1),
(113, 1, 'msn', 'text', '', '', '', 1),
(114, 1, 'service_email', 'text', '', '', '', 1),
(115, 1, 'service_phone', 'text', '', '', '', 1),
(116, 1, 'shop_closed', 'select', '0,1', '', '0', 1),
(117, 1, 'close_comment', 'textarea', '', '', '', 1),
(118, 1, 'shop_logo', 'file', '', '../themes/{$template}/images/', '', 1),
(119, 1, 'licensed', 'select', '0,1', '', '1', 1),
(120, 1, 'user_notice', 'textarea', '', '', '用户中心公告！', 1),
(121, 1, 'shop_notice', 'textarea', '', '', '欢迎光临手机网,我们的宗旨：诚信经营、服务客户！\r\n<MARQUEE onmouseover=this.stop() onmouseout=this.start() \r\nscrollAmount=3><U><FONT color=red>\r\n<P>咨询电话010-10124444  010-21252454 8465544</P></FONT></U></MARQUEE>', 1),
(122, 1, 'shop_reg_closed', 'select', '1,0', '', '0', 1),
(201, 2, 'lang', 'manual', '', '', 'zh_cn', 1),
(202, 2, 'icp_number', 'text', '', '', '', 1),
(203, 2, 'icp_file', 'file', '', '../cert/', '', 1),
(204, 2, 'watermark', 'file', '', '../images/', '', 1),
(205, 2, 'watermark_place', 'select', '0,1,2,3,4,5', '', '1', 1),
(206, 2, 'watermark_alpha', 'text', '', '', '65', 1),
(207, 2, 'use_storage', 'select', '1,0', '', '1', 1),
(208, 2, 'market_price_rate', 'text', '', '', '1.2', 1),
(209, 2, 'rewrite', 'select', '0,1,2', '', '0', 1),
(210, 2, 'integral_name', 'text', '', '', '积分', 1),
(211, 2, 'integral_scale', 'text', '', '', '1', 1),
(212, 2, 'integral_percent', 'text', '', '', '1', 1),
(213, 2, 'sn_prefix', 'text', '', '', 'ECS', 1),
(214, 2, 'comment_check', 'select', '0,1', '', '1', 1),
(215, 2, 'no_picture', 'file', '', '../images/', '', 1),
(218, 2, 'stats_code', 'textarea', '', '', '', 1),
(219, 2, 'cache_time', 'text', '', '', '3600', 1),
(220, 2, 'register_points', 'text', '', '', '0', 1),
(221, 2, 'enable_gzip', 'select', '0,1', '', '0', 1),
(222, 2, 'top10_time', 'select', '0,1,2,3,4', '', '0', 1),
(223, 2, 'timezone', 'options', '-12,-11,-10,-9,-8,-7,-6,-5,-4,-3.5,-3,-2,-1,0,1,2,3,3.5,4,4.5,5,5.5,5.75,6,6.5,7,8,9,9.5,10,11,12', '', '8', 1),
(224, 2, 'upload_size_limit', 'options', '-1,0,64,128,256,512,1024,2048,4096', '', '64', 1),
(226, 2, 'cron_method', 'select', '0,1', '', '0', 1),
(227, 2, 'comment_factor', 'select', '0,1,2,3', '', '0', 1),
(228, 2, 'enable_order_check', 'select', '0,1', '', '1', 1),
(229, 2, 'default_storage', 'text', '', '', '1', 1),
(230, 2, 'bgcolor', 'text', '', '', '#FFFFFF', 1),
(231, 2, 'visit_stats', 'select', 'on,off', '', 'on', 1),
(232, 2, 'send_mail_on', 'select', 'on,off', '', 'off', 1),
(233, 2, 'auto_generate_gallery', 'select', '1,0', '', '1', 1),
(234, 2, 'retain_original_img', 'select', '1,0', '', '1', 1),
(235, 2, 'member_email_validate', 'select', '1,0', '', '1', 1),
(236, 2, 'message_board', 'select', '1,0', '', '1', 1),
(239, 2, 'certificate_id', 'hidden', '', '', '', 1),
(240, 2, 'token', 'hidden', '', '', '', 1),
(241, 2, 'certi', 'hidden', '', '', 'http://service.shopex.cn/openapi/api.php', 1),
(242, 2, 'send_verify_email', 'select', '1,0', '', '0', 1),
(243, 2, 'ent_id', 'hidden', '', '', '', 1),
(244, 2, 'ent_ac', 'hidden', '', '', '', 1),
(245, 2, 'ent_sign', 'hidden', '', '', '', 1),
(246, 2, 'ent_email', 'hidden', '', '', '', 1),
(301, 3, 'date_format', 'hidden', '', '', 'Y-m-d', 1),
(302, 3, 'time_format', 'text', '', '', 'Y-m-d H:i:s', 1),
(303, 3, 'currency_format', 'text', '', '', '￥%s元', 1),
(304, 3, 'thumb_width', 'text', '', '', '100', 1),
(305, 3, 'thumb_height', 'text', '', '', '100', 1),
(306, 3, 'image_width', 'text', '', '', '230', 1),
(307, 3, 'image_height', 'text', '', '', '230', 1),
(312, 3, 'top_number', 'text', '', '', '10', 1),
(313, 3, 'history_number', 'text', '', '', '5', 1),
(314, 3, 'comments_number', 'text', '', '', '5', 1),
(315, 3, 'bought_goods', 'text', '', '', '3', 1),
(316, 3, 'article_number', 'text', '', '', '8', 1),
(317, 3, 'goods_name_length', 'text', '', '', '7', 1),
(318, 3, 'price_format', 'select', '0,1,2,3,4,5', '', '5', 1),
(319, 3, 'page_size', 'text', '', '', '10', 1),
(320, 3, 'sort_order_type', 'select', '0,1,2', '', '0', 1),
(321, 3, 'sort_order_method', 'select', '0,1', '', '0', 1),
(322, 3, 'show_order_type', 'select', '0,1,2', '', '1', 1),
(323, 3, 'attr_related_number', 'text', '', '', '5', 1),
(324, 3, 'goods_gallery_number', 'text', '', '', '5', 1),
(325, 3, 'article_title_length', 'text', '', '', '16', 1),
(326, 3, 'name_of_region_1', 'text', '', '', '国家', 1),
(327, 3, 'name_of_region_2', 'text', '', '', '省', 1),
(328, 3, 'name_of_region_3', 'text', '', '', '市', 1),
(329, 3, 'name_of_region_4', 'text', '', '', '区', 1),
(330, 3, 'search_keywords', 'text', '', '', '', 0),
(332, 3, 'related_goods_number', 'text', '', '', '4', 1),
(333, 3, 'help_open', 'select', '0,1', '', '1', 1),
(334, 3, 'article_page_size', 'text', '', '', '10', 1),
(335, 3, 'page_style', 'select', '0,1', '', '1', 1),
(336, 3, 'recommend_order', 'select', '0,1', '', '0', 1),
(337, 3, 'index_ad', 'hidden', '', '', 'sys', 1),
(401, 4, 'can_invoice', 'select', '1,0', '', '1', 1),
(402, 4, 'use_integral', 'select', '1,0', '', '1', 1),
(403, 4, 'use_bonus', 'select', '1,0', '', '1', 1),
(404, 4, 'use_surplus', 'select', '1,0', '', '1', 1),
(405, 4, 'use_how_oos', 'select', '1,0', '', '1', 1),
(406, 4, 'send_confirm_email', 'select', '1,0', '', '0', 1),
(407, 4, 'send_ship_email', 'select', '1,0', '', '0', 1),
(408, 4, 'send_cancel_email', 'select', '1,0', '', '0', 1),
(409, 4, 'send_invalid_email', 'select', '1,0', '', '0', 1),
(410, 4, 'order_pay_note', 'select', '1,0', '', '1', 1),
(411, 4, 'order_unpay_note', 'select', '1,0', '', '1', 1),
(412, 4, 'order_ship_note', 'select', '1,0', '', '1', 1),
(413, 4, 'order_receive_note', 'select', '1,0', '', '1', 1),
(414, 4, 'order_unship_note', 'select', '1,0', '', '1', 1),
(415, 4, 'order_return_note', 'select', '1,0', '', '1', 1),
(416, 4, 'order_invalid_note', 'select', '1,0', '', '1', 1),
(417, 4, 'order_cancel_note', 'select', '1,0', '', '1', 1),
(418, 4, 'invoice_content', 'textarea', '', '', '', 1),
(419, 4, 'anonymous_buy', 'select', '1,0', '', '1', 1),
(420, 4, 'min_goods_amount', 'text', '', '', '0', 1),
(421, 4, 'one_step_buy', 'select', '1,0', '', '0', 1),
(422, 4, 'invoice_type', 'manual', '', '', 'a:2:{s:4:"type";a:3:{i:0;s:1:"1";i:1;s:1:"2";i:2;s:0:"";}s:4:"rate";a:3:{i:0;d:1;i:1;d:1.5;i:2;d:0;}}', 1),
(423, 4, 'stock_dec_time', 'select', '1,0', '', '0', 1),
(424, 4, 'cart_confirm', 'options', '1,2,3,4', '', '3', 0),
(425, 4, 'send_service_email', 'select', '1,0', '', '0', 1),
(426, 4, 'show_goods_in_cart', 'select', '1,2,3', '', '3', 1),
(427, 4, 'show_attr_in_cart', 'select', '1,0', '', '1', 1),
(501, 5, 'smtp_host', 'text', '', '', 'localhost', 1),
(502, 5, 'smtp_port', 'text', '', '', '25', 1),
(503, 5, 'smtp_user', 'text', '', '', '', 1),
(504, 5, 'smtp_pass', 'password', '', '', '', 1),
(505, 5, 'smtp_mail', 'text', '', '', '', 1),
(506, 5, 'mail_charset', 'select', 'UTF8,GB2312,BIG5', '', 'UTF8', 1),
(507, 5, 'mail_service', 'select', '0,1', '', '0', 0),
(508, 5, 'smtp_ssl', 'select', '0,1', '', '0', 0),
(601, 6, 'integrate_code', 'hidden', '', '', 'ecshop', 1),
(602, 6, 'integrate_config', 'hidden', '', '', '', 1),
(603, 6, 'hash_code', 'hidden', '', '', 'efa94d8d85f5282fef9d275b3809aaf0', 1),
(604, 6, 'template', 'hidden', '', '', 'default', 1),
(605, 6, 'install_date', 'hidden', '', '', '1432537681', 1),
(606, 6, 'ecs_version', 'hidden', '', '', 'v2.7.3', 1),
(607, 6, 'sms_user_name', 'hidden', '', '', '', 1),
(608, 6, 'sms_password', 'hidden', '', '', '', 1),
(609, 6, 'sms_auth_str', 'hidden', '', '', '', 1),
(610, 6, 'sms_domain', 'hidden', '', '', '', 1),
(611, 6, 'sms_count', 'hidden', '', '', '', 1),
(612, 6, 'sms_total_money', 'hidden', '', '', '', 1),
(613, 6, 'sms_balance', 'hidden', '', '', '', 1),
(614, 6, 'sms_last_request', 'hidden', '', '', '', 1),
(616, 6, 'affiliate', 'hidden', '', '', 'a:3:{s:6:"config";a:7:{s:6:"expire";d:24;s:11:"expire_unit";s:4:"hour";s:11:"separate_by";i:0;s:15:"level_point_all";s:2:"5%";s:15:"level_money_all";s:2:"1%";s:18:"level_register_all";i:2;s:17:"level_register_up";i:60;}s:4:"item";a:4:{i:0;a:2:{s:11:"level_point";s:3:"60%";s:11:"level_money";s:3:"60%";}i:1;a:2:{s:11:"level_point";s:3:"30%";s:11:"level_money";s:3:"30%";}i:2;a:2:{s:11:"level_point";s:2:"7%";s:11:"level_money";s:2:"7%";}i:3;a:2:{s:11:"level_point";s:2:"3%";s:11:"level_money";s:2:"3%";}}s:2:"on";i:1;}', 1),
(617, 6, 'captcha', 'hidden', '', '', '12', 1),
(618, 6, 'captcha_width', 'hidden', '', '', '100', 1),
(619, 6, 'captcha_height', 'hidden', '', '', '20', 1),
(620, 6, 'sitemap', 'hidden', '', '', 'a:6:{s:19:"homepage_changefreq";s:6:"hourly";s:17:"homepage_priority";s:3:"0.9";s:19:"category_changefreq";s:6:"hourly";s:17:"category_priority";s:3:"0.8";s:18:"content_changefreq";s:6:"weekly";s:16:"content_priority";s:3:"0.7";}', 0),
(621, 6, 'points_rule', 'hidden', '', '', '', 0),
(622, 6, 'flash_theme', 'hidden', '', '', 'dynfocus', 1),
(623, 6, 'stylename', 'hidden', '', '', '', 1),
(701, 7, 'show_goodssn', 'select', '1,0', '', '1', 1),
(702, 7, 'show_brand', 'select', '1,0', '', '1', 1),
(703, 7, 'show_goodsweight', 'select', '1,0', '', '1', 1),
(704, 7, 'show_goodsnumber', 'select', '1,0', '', '1', 1),
(705, 7, 'show_addtime', 'select', '1,0', '', '1', 1),
(706, 7, 'goodsattr_style', 'select', '1,0', '', '1', 1),
(707, 7, 'show_marketprice', 'select', '1,0', '', '1', 1),
(801, 8, 'sms_shop_mobile', 'text', '', '', '', 1),
(802, 8, 'sms_order_placed', 'select', '1,0', '', '0', 1),
(803, 8, 'sms_order_payed', 'select', '1,0', '', '0', 1),
(804, 8, 'sms_order_shipped', 'select', '1,0', '', '0', 1),
(901, 9, 'wap_config', 'select', '1,0', '', '0', 1),
(902, 9, 'wap_logo', 'file', '', '../images/', '', 1),
(903, 2, 'message_check', 'select', '1,0', '', '1', 1);

-- --------------------------------------------------------

--
-- テーブルの構造 `zh_startplace`
--

CREATE TABLE IF NOT EXISTS `zh_startplace` (
  `id` int(11) NOT NULL AUTO_INCREMENT,
  `destid` int(11) DEFAULT NULL COMMENT '目的地ID',
  `cityname` varchar(255) DEFAULT NULL,
  `isdefault` int(1) unsigned DEFAULT '0' COMMENT '是否默认',
  `isopen` int(1) unsigned DEFAULT '0',
  `displayorder` int(11) DEFAULT '9999',
  `domain` varchar(255) DEFAULT NULL COMMENT '域名',
  `pid` int(8) NOT NULL,
  PRIMARY KEY (`id`)
) ENGINE=InnoDB  DEFAULT CHARSET=utf8 AUTO_INCREMENT=24 ;

--
-- テーブルのデータのダンプ `zh_startplace`
--

INSERT INTO `zh_startplace` (`id`, `destid`, `cityname`, `isdefault`, `isopen`, `displayorder`, `domain`, `pid`) VALUES
(1, NULL, '中国', 0, 1, 9999, NULL, 0),
(2, NULL, '上海', 0, 1, 9999, NULL, 1),
(3, NULL, '北京', 0, 1, 9999, NULL, 1),
(4, NULL, '天津', 0, 1, 9999, NULL, 1),
(5, NULL, '广州', 0, 1, 9999, NULL, 1),
(6, NULL, '深圳', 0, 1, 9999, NULL, 1),
(7, NULL, '成都', 0, 1, 9999, NULL, 1),
(8, NULL, '大连', 0, 1, 9999, NULL, 1),
(9, NULL, '青岛', 0, 1, 9999, NULL, 1),
(10, NULL, '香港', 0, 1, 9999, NULL, 1),
(11, NULL, '冲绳', 0, 1, 9999, NULL, 13),
(12, NULL, '大阪', 0, 1, 9999, NULL, 13),
(13, NULL, '日本', 0, 1, 9999, NULL, 0),
(14, NULL, '新宿', 0, 1, 9999, NULL, 13),
(15, NULL, '京都', 0, 1, 9999, NULL, 13),
(16, NULL, '神户', 0, 1, 9999, NULL, 13),
(18, NULL, '东京', 0, 1, 9999, NULL, 13),
(19, NULL, '亚洲', 0, 1, 9999, NULL, 0),
(20, NULL, '首尔', 0, 1, 9999, NULL, 19),
(21, NULL, '札幌', 0, 1, 9999, NULL, 13),
(22, NULL, '名古屋', 0, 1, 9999, NULL, 13);

-- --------------------------------------------------------

--
-- テーブルの構造 `zh_suppliers`
--

CREATE TABLE IF NOT EXISTS `zh_suppliers` (
  `suppliers_id` smallint(5) unsigned NOT NULL AUTO_INCREMENT COMMENT '自增id',
  `suppliers_name` varchar(255) DEFAULT NULL COMMENT '控货商名称',
  `suppliers_desc` mediumtext COMMENT '供货商描述',
  `is_check` tinyint(1) unsigned NOT NULL DEFAULT '1',
  PRIMARY KEY (`suppliers_id`)
) ENGINE=MyISAM  DEFAULT CHARSET=utf8 AUTO_INCREMENT=8 ;

--
-- テーブルのデータのダンプ `zh_suppliers`
--

INSERT INTO `zh_suppliers` (`suppliers_id`, `suppliers_name`, `suppliers_desc`, `is_check`) VALUES
(1, '北京供货商', '北京供货商', 1),
(2, '上海供货商', '上海供货商', 1),
(6, '湖北供货商', '湖北供货商描述\r\n湖北供货商描述', 1),
(7, '湖北供货商1', '湖北供货商描述1\r\n湖北供货商描述1', 1);

-- --------------------------------------------------------

--
-- テーブルの構造 `zh_sysconfig`
--

CREATE TABLE IF NOT EXISTS `zh_sysconfig` (
  `id` int(11) NOT NULL AUTO_INCREMENT,
  `webid` int(3) DEFAULT NULL,
  `varname` varchar(30) DEFAULT NULL COMMENT '变量名称',
  `info` varchar(255) DEFAULT NULL COMMENT '参数描述',
  `value` mediumtext COMMENT '变量值',
  PRIMARY KEY (`id`)
) ENGINE=MyISAM  DEFAULT CHARSET=utf8 ROW_FORMAT=COMPACT COMMENT='系统变量配置表' AUTO_INCREMENT=81 ;

--
-- テーブルのデータのダンプ `zh_sysconfig`
--

INSERT INTO `zh_sysconfig` (`id`, `webid`, `varname`, `info`, `value`) VALUES
(1, 0, 'cfg_medias_dir', '上传路径', '/uploads'),
(2, 0, 'cfg_cmspath', '网站路径', ''),
(3, 0, 'cfg_cli_time', '时差值', '8'),
(5, 0, 'cfg_webname', '网站名称', 'ZH旅游'),
(6, 0, 'cfg_keywords', '关键词', 'ZH旅游首页关键词'),
(7, 0, 'cfg_description', '描述', 'ZH旅游首页描述'),
(8, 0, 'cfg_indextitle', '首页标题', 'ZH旅游CMS'),
(9, 0, 'cfg_index_zhuti', '首页主题', ''),
(10, 0, 'cfg_indexcode', '首页代码', ''),
(11, 0, 'cfg_gonggao', '公告', '<p>\n                <span style="color: #808080">上海metaphase<a href="http://www.metaphase.asia/">www.metaphase.asia</a>，电话：13167001526</span>\n</p>'),
(75, 0, 'cfg_phone', NULL, '13167001526'),
(12, 0, 'cfg_tongjicode', '统计代码 ', ''),
(13, 0, 'cfg_df_style', '网站样式', 'smore'),
(14, 0, 'cfg_weathcode', '天气代码', '  '),
(16, 0, 'cfg_beian', '网站备案号', ''),
(17, 0, 'cfg_powerby', '网站版权信息', '思途旅游网'),
(18, 0, 'cfg_indexname', '主页链接名', '首页'),
(21, 0, 'cfg_notallowstr', '评论禁用词语', '她妈|它妈|他妈|你妈|去死|贱人|SB|航空票|飞航空票'),
(22, 0, 'cfg_feedback_time', '评论间隔时间', '0'),
(25, 0, 'cfg_tplcache_dir', '缓存目录', '/data/tplcache'),
(26, 0, 'cfg_taposition', '客服位置', '0'),
(27, 0, 'cfg_taindex', '是否在中间弹出', '1'),
(28, 0, 'cfg_logo', 'logo图片', '/uploads/main/adimg/20140303/20140303104231.gif'),
(29, 0, 'cfg_logourl', 'logo连接位置', 'http://www.stourweb.com'),
(30, 0, 'cfg_logoalt', 'logo alt标识', '思途旅游CMS'),
(31, 0, 'cfg_lxslogo', '旅行社标识', '/uploads/main/adimg/20130918/20130918175433.gif'),
(32, 0, 'cfg_lxslogoalt', 'lxglogo alt标识', 'jjf'),
(33, 0, 'cfg_lxslogourl', '旅行社logo连接地址', 'http://www.suv.com'),
(35, 0, 'cfg_Email139', '默认139邮箱', 'd@139.com'),
(36, 0, 'cfg_lineEmail', '线路139Email', ''),
(37, 0, 'cfg_carEmail', '车务139Email', ''),
(38, 0, 'cfg_hotelEmail', '酒店139Email', ''),
(39, 0, 'cfg_indexphoto', '相册首页滚动情况', '0'),
(40, 0, 'cfg_payment', '签约付款', '\n<p>&nbsp;<span id="1348816711927E"><span style="font-size: larger">网上预订：直接通过网站下单，在线选择产品并填写相关信息后，提交订单。</span></span></p>\n<p>&nbsp;<span style="font-size: larger">在线预订：拨打咨询/预订电话，由客服帮助您完成信息的确认和下单操作。</span></p>'),
(41, 0, 'cfg_qsmaillcontent', '邮件内容设置', '<p>我们已经收到并处理了您的提问，欢迎回来访问本站，查看我们的回复；如果您还有疑问，欢迎您提问，我们将尽快回复您！</p>'),
(42, 0, 'cfg_corephrases', '核心词组', '旅游,思途旅游,思途旅游CMS'),
(45, 0, 'cfg_wenda_open', '是否开启问答', '0'),
(46, 0, 'cfg_logodisplay', '网站LOGO显示栏目', '0,1,2,3,5,4,6,8,13,'),
(47, 0, 'cfg_color', '线路字体颜色', '1'),
(48, 0, 'cfg_wenEmail', '提问139email', ''),
(49, 0, 'cfg_indexlinktitle', '首页连接title', ''),
(60, 0, 'cfg_html_kefu', '客服代码', '第三方客服'),
(61, 0, 'cfg_html_editor', '使用的编辑器', 'slineeditor'),
(64, 0, 'cfg_df_img', '默认图片', '/uploads/main/adimg/20140128/20140128115836.jpg'),
(65, 0, 'cfg_alipay_account', '支付宝帐号', ''),
(66, 0, 'cfg_alipay_signtype', '支付宝签约类型', 'cash'),
(67, 0, 'cfg_alipay_pid', '合作者身份ID', ''),
(68, 0, 'cfg_alipay_key', '交易安全校验码', ''),
(69, 0, 'cfg_web_open', '网站开关', '1'),
(70, 0, 'cfg_logoalt', 'logo标识', '思途旅游CMS'),
(71, 0, 'cfg_alipay_signtype', '签约类型', 'cash'),
(72, 0, 'cfg_py_open', '评论', '1'),
(74, 0, 'cfg_supplier_msg', '客户{#LINKMAN#}预订{#PRODUCTNAME#}产品,联系电话:{#PHONE#},人数:{#NUMBER#},单价:{#PRICE#},总价:{#TOTALPRICE#},请尽快处理.', '1'),
(76, 0, 'cfg_mobile_phone', NULL, ''),
(77, 0, 'cfg_weibo_url', NULL, 'http://weibo.com/u/1594449317/home?wvr=5'),
(78, 0, 'cfg_weixin_logo', NULL, '/uploads/main/allimg/20150901/20150901151213.jpg'),
(79, 0, 'cfg_mobile_open', NULL, '1'),
(80, 0, 'cfg_auto_time', NULL, '');

-- --------------------------------------------------------

--
-- テーブルの構造 `zh_system_message`
--

CREATE TABLE IF NOT EXISTS `zh_system_message` (
  `mid` int(11) unsigned NOT NULL AUTO_INCREMENT,
  `uid` int(10) unsigned NOT NULL DEFAULT '0' COMMENT '收信人',
  `message` varchar(200) NOT NULL DEFAULT '' COMMENT '消息内容',
  `state` tinyint(4) unsigned NOT NULL DEFAULT '0' COMMENT '是否阅读  1 已经阅读 0 未阅读',
  `sendtime` int(11) unsigned NOT NULL COMMENT '发送时间',
  PRIMARY KEY (`mid`)
) ENGINE=MyISAM DEFAULT CHARSET=utf8 COMMENT='系统消息表' AUTO_INCREMENT=1 ;

-- --------------------------------------------------------

--
-- テーブルの構造 `zh_tag`
--

CREATE TABLE IF NOT EXISTS `zh_tag` (
  `tid` int(10) unsigned NOT NULL AUTO_INCREMENT,
  `tag` varchar(30) DEFAULT '' COMMENT 'tag字符',
  `total` mediumint(9) DEFAULT '1' COMMENT '次数',
  PRIMARY KEY (`tid`),
  UNIQUE KEY `name` (`tag`),
  KEY `total` (`total`)
) ENGINE=MyISAM DEFAULT CHARSET=utf8 COMMENT='Tag标签表' AUTO_INCREMENT=1 ;

-- --------------------------------------------------------

--
-- テーブルの構造 `zh_template_tag`
--

CREATE TABLE IF NOT EXISTS `zh_template_tag` (
  `tid` int(10) unsigned NOT NULL AUTO_INCREMENT,
  `type` mediumint(8) unsigned DEFAULT NULL COMMENT '类型  1 arclist',
  `options` text COMMENT '标签属性',
  `name` varchar(100) DEFAULT NULL COMMENT '标签名称',
  `content` text COMMENT '标签内容',
  `addtime` int(10) DEFAULT NULL COMMENT '添加时间',
  PRIMARY KEY (`tid`)
) ENGINE=MyISAM DEFAULT CHARSET=utf8 COMMENT='后台管理员自定义模板标签' AUTO_INCREMENT=1 ;

-- --------------------------------------------------------

--
-- テーブルの構造 `zh_test`
--

CREATE TABLE IF NOT EXISTS `zh_test` (
  `aid` int(10) unsigned NOT NULL AUTO_INCREMENT COMMENT '主键',
  `cid` smallint(5) unsigned NOT NULL DEFAULT '0' COMMENT '栏目cid',
  `title` char(100) NOT NULL DEFAULT '' COMMENT '标题',
  `flag` set('人気','トップ','推薦','画像','エキス','スライド','マスタ推薦') DEFAULT NULL,
  `new_window` tinyint(1) NOT NULL DEFAULT '0' COMMENT '新窗口打开',
  `seo_title` char(100) NOT NULL DEFAULT '' COMMENT 'SEO标题',
  `thumb` varchar(255) NOT NULL DEFAULT '' COMMENT '缩略图',
  `click` int(6) NOT NULL DEFAULT '0' COMMENT '点击数',
  `source` char(60) NOT NULL DEFAULT '' COMMENT '来源',
  `redirecturl` varchar(255) NOT NULL DEFAULT '' COMMENT '转向链接',
  `html_path` varchar(255) NOT NULL DEFAULT '' COMMENT '自定义生成的静态文件地址',
  `allowreply` tinyint(1) NOT NULL DEFAULT '1' COMMENT '是否允许回复',
  `addtime` int(10) NOT NULL DEFAULT '0' COMMENT '添加时间',
  `updatetime` int(10) NOT NULL DEFAULT '0' COMMENT '更新时间',
  `color` char(7) NOT NULL DEFAULT '' COMMENT '标题颜色',
  `template` varchar(255) NOT NULL DEFAULT '' COMMENT '模板',
  `url_type` tinyint(80) NOT NULL DEFAULT '3' COMMENT '文章访问方式  1 静态访问  2 动态访问  3 继承栏目',
  `arc_sort` mediumint(6) NOT NULL DEFAULT '0' COMMENT '排序',
  `content_state` tinyint(1) NOT NULL DEFAULT '1' COMMENT '文章状态  1 已审核 0 未审核',
  `keywords` varchar(100) NOT NULL DEFAULT '' COMMENT '关键字',
  `description` varchar(255) DEFAULT NULL COMMENT '描述',
  `uid` int(10) unsigned NOT NULL COMMENT '用户uid',
  `favorites` mediumint(8) unsigned NOT NULL DEFAULT '0' COMMENT '收藏数',
  `comment_num` mediumint(8) unsigned NOT NULL DEFAULT '0' COMMENT '评论数',
  `tag` varchar(255) NOT NULL DEFAULT '' COMMENT '占位，不用的字段',
  `read_credits` smallint(6) NOT NULL DEFAULT '0' COMMENT '阅读金币',
  `test_images` mediumtext,
  `imges2` mediumtext,
  `images3` mediumtext,
  `images4` mediumtext,
  `images5` mediumtext,
  `images6` mediumtext,
  `img1` varchar(255) NOT NULL DEFAULT '',
  `test_imags_1` mediumtext,
  `textareatest` text,
  `lines` text,
  `test_data` int(10) NOT NULL DEFAULT '0',
  PRIMARY KEY (`aid`),
  KEY `uid` (`uid`),
  KEY `cid` (`cid`),
  KEY `flag` (`flag`)
) ENGINE=MyISAM  DEFAULT CHARSET=utf8 COMMENT='文章表' AUTO_INCREMENT=26 ;

-- --------------------------------------------------------

--
-- テーブルの構造 `zh_test_data`
--

CREATE TABLE IF NOT EXISTS `zh_test_data` (
  `aid` int(10) unsigned NOT NULL DEFAULT '0' COMMENT '文章主表ID',
  `content` text COMMENT '内容',
  KEY `aid` (`aid`)
) ENGINE=MyISAM DEFAULT CHARSET=utf8 COMMENT='文章正文表';

-- --------------------------------------------------------

--
-- テーブルの構造 `zh_tour_member_order`
--

CREATE TABLE IF NOT EXISTS `zh_tour_member_order` (
  `id` int(11) unsigned NOT NULL AUTO_INCREMENT,
  `ordersn` varchar(255) DEFAULT NULL COMMENT '订单号',
  `memberid` int(11) unsigned DEFAULT NULL COMMENT '会员id',
  `typeid` int(3) unsigned DEFAULT NULL COMMENT '订单类型',
  `webid` int(3) unsigned DEFAULT NULL COMMENT '所属站点',
  `productaid` int(11) unsigned DEFAULT NULL COMMENT '产品aid',
  `productname` varchar(255) DEFAULT NULL COMMENT '产品名称',
  `productautoid` int(11) unsigned DEFAULT NULL COMMENT '对应产品表自增id(第三方后台用)',
  `litpic` varchar(255) DEFAULT NULL COMMENT '产品图片',
  `price` float(10,2) unsigned DEFAULT NULL COMMENT '价格(单价)',
  `childprice` float(10,2) unsigned DEFAULT NULL COMMENT '小孩报价',
  `usedate` varchar(255) DEFAULT NULL COMMENT '使用日期',
  `dingnum` int(3) unsigned DEFAULT NULL COMMENT '数量',
  `childnum` int(11) unsigned DEFAULT '0' COMMENT '儿童数量',
  `ispay` int(10) unsigned DEFAULT '0' COMMENT '是否已经付款',
  `status` int(1) unsigned DEFAULT '0' COMMENT '订单状态',
  `linkman` varchar(255) DEFAULT NULL COMMENT '订单联系人',
  `linktel` varchar(255) DEFAULT NULL COMMENT '订单联系电话',
  `linkemail` varchar(100) DEFAULT NULL COMMENT '联系人邮件',
  `linkqq` varchar(16) DEFAULT NULL COMMENT '联系人QQ',
  `isneedpiao` int(1) unsigned DEFAULT '0' COMMENT '是否需要发票',
  `addtime` int(10) unsigned DEFAULT NULL COMMENT '预订时间',
  `finishtime` int(10) unsigned DEFAULT NULL COMMENT '成交时间',
  `ispinlun` int(1) unsigned DEFAULT '0' COMMENT '是否已经评论,1:已评论,0:未评论',
  `jifencomment` int(11) DEFAULT '0' COMMENT '评论送积分',
  `jifentprice` int(11) DEFAULT '0' COMMENT '积分抵现金',
  `jifenbook` int(11) DEFAULT '0' COMMENT '预订送积分',
  `dingjin` int(11) DEFAULT '0' COMMENT '是否支持定金',
  `suitid` int(11) DEFAULT '0' COMMENT '用于预订产品有子分类时',
  `paytype` int(1) DEFAULT '1' COMMENT '支付方式',
  `oldnum` int(11) DEFAULT '0' COMMENT '老人数量',
  `oldprice` float(10,2) DEFAULT '0.00' COMMENT '老人价格',
  `usejifen` int(1) unsigned DEFAULT '0' COMMENT '是否使用积分',
  `needjifen` int(11) unsigned DEFAULT NULL COMMENT '需要的积分',
  `pid` int(11) DEFAULT '0' COMMENT '父级订单id',
  `haschild` int(1) unsigned DEFAULT '0' COMMENT '是否有子级订单',
  `remark` mediumtext,
  `kindlist` varchar(255) DEFAULT '' COMMENT '所属目的地',
  `handleshop` varchar(4) DEFAULT NULL,
  `linksex` int(2) DEFAULT NULL,
  `totalprice` float(10,2) unsigned DEFAULT NULL COMMENT '总价',
  `admin_note` text COMMENT '管理员备注',
  `updatetime` int(10) unsigned DEFAULT NULL COMMENT '修改时间',
  `contacttype` char(3) NOT NULL DEFAULT '' COMMENT '预定类别',
  PRIMARY KEY (`id`)
) ENGINE=MyISAM  DEFAULT CHARSET=utf8 AUTO_INCREMENT=33 ;

--
-- テーブルのデータのダンプ `zh_tour_member_order`
--

INSERT INTO `zh_tour_member_order` (`id`, `ordersn`, `memberid`, `typeid`, `webid`, `productaid`, `productname`, `productautoid`, `litpic`, `price`, `childprice`, `usedate`, `dingnum`, `childnum`, `ispay`, `status`, `linkman`, `linktel`, `linkemail`, `linkqq`, `isneedpiao`, `addtime`, `finishtime`, `ispinlun`, `jifencomment`, `jifentprice`, `jifenbook`, `dingjin`, `suitid`, `paytype`, `oldnum`, `oldprice`, `usejifen`, `needjifen`, `pid`, `haschild`, `remark`, `kindlist`, `handleshop`, `linksex`, `totalprice`, `admin_note`, `updatetime`, `contacttype`) VALUES
(32, '0112299701', 1, 1, 1, 0, '富士急高原游乐园门票(1月到6月价格)', 294, NULL, 329.00, 300.00, '2017-01-02', 1, 0, 0, 0, '周鸿', '13167001526', '136871204@qq.com', NULL, 0, 1482997547, NULL, 0, 0, 0, 0, 0, 415, 0, 0, 0.00, 0, NULL, 0, 0, '本地项目结构调整测试中', '6', '1', 1, 329.00, NULL, NULL, 'b2c');

-- --------------------------------------------------------

--
-- テーブルの構造 `zh_tour_member_order_tourer`
--

CREATE TABLE IF NOT EXISTS `zh_tour_member_order_tourer` (
  `id` int(11) NOT NULL AUTO_INCREMENT,
  `orderid` varchar(255) DEFAULT '0' COMMENT '订单编号',
  `tourername` varchar(255) DEFAULT '0' COMMENT '游客姓名',
  `sex` int(2) DEFAULT '1',
  `cardtype` varchar(255) DEFAULT '0' COMMENT '证件类型',
  `cardnumber` varchar(255) DEFAULT '0' COMMENT '证件号码',
  `mobile` varchar(15) DEFAULT '0' COMMENT '手机',
  `fnamealp` varchar(255) DEFAULT NULL,
  `lnamealp` varchar(255) DEFAULT NULL,
  `birthdayy` varchar(10) DEFAULT NULL,
  `birthdaym` varchar(10) DEFAULT NULL,
  `birthdayd` varchar(10) DEFAULT NULL,
  `passbook` varchar(100) DEFAULT NULL,
  `effectivey` varchar(10) DEFAULT NULL COMMENT '有效期',
  `effectivem` varchar(10) DEFAULT NULL COMMENT '有效期',
  `effectived` varchar(10) DEFAULT NULL COMMENT '有效期',
  `ptype` char(1) DEFAULT '1' COMMENT '游客类型（大人、儿童、婴儿）',
  PRIMARY KEY (`id`)
) ENGINE=MyISAM  DEFAULT CHARSET=utf8 COMMENT='订单游客表' AUTO_INCREMENT=88 ;

--
-- テーブルのデータのダンプ `zh_tour_member_order_tourer`
--

INSERT INTO `zh_tour_member_order_tourer` (`id`, `orderid`, `tourername`, `sex`, `cardtype`, `cardnumber`, `mobile`, `fnamealp`, `lnamealp`, `birthdayy`, `birthdaym`, `birthdayd`, `passbook`, `effectivey`, `effectivem`, `effectived`, `ptype`) VALUES
(87, '32', '周鸿', 1, '0', '0', '0', 'zhou', 'hong', '1986', '04', '18', '1111111', '2020', '05', '18', '1');

-- --------------------------------------------------------

--
-- テーブルの構造 `zh_tour_model`
--

CREATE TABLE IF NOT EXISTS `zh_tour_model` (
  `id` int(10) unsigned NOT NULL AUTO_INCREMENT COMMENT '模型id',
  `modulename` varchar(255) DEFAULT NULL COMMENT '模块名称',
  `pinyin` varchar(255) DEFAULT NULL COMMENT '拼音标识',
  `maintable` varchar(255) DEFAULT NULL COMMENT '主表',
  `addtable` varchar(255) DEFAULT NULL COMMENT '附加表',
  `attrtable` varchar(255) DEFAULT 'model_attr' COMMENT '属性表',
  `issystem` int(1) DEFAULT '0' COMMENT '是否系统',
  `isopen` int(1) DEFAULT '1' COMMENT '是否开启',
  PRIMARY KEY (`id`),
  UNIQUE KEY `pinyin` (`pinyin`)
) ENGINE=MyISAM  DEFAULT CHARSET=utf8 COMMENT='思途模型表' AUTO_INCREMENT=14 ;

--
-- テーブルのデータのダンプ `zh_tour_model`
--

INSERT INTO `zh_tour_model` (`id`, `modulename`, `pinyin`, `maintable`, `addtable`, `attrtable`, `issystem`, `isopen`) VALUES
(1, '线路', 'line', 'line', 'line_extend_field', 'line_attr', 1, 1),
(2, '酒店', 'hotel', 'hotel', 'hotel_extend_field', 'hotel_attr', 1, 1),
(3, '租车', 'car', 'car', 'car_extend_field', 'car_attr', 1, 1),
(4, '文章', 'article', 'article', 'article_extend_field', 'article_attr', 1, 1),
(5, '景点', 'spot', 'spot', 'spot_extend_field', 'spot_attr', 1, 1),
(6, '相册', 'photo', 'photo', 'photo_extend_field', 'photo_attr', 1, 1),
(8, '签证', 'visa', 'visa', 'visa_extend_field', 'null', 1, 1),
(13, '团购', 'tuan', 'tuan', 'tuan_extend_field', 'tuan_attr', 1, 1),
(11, '结伴', 'jieban', 'jieban', 'jieban_extend_field', 'jieban_attr', 1, 1);

-- --------------------------------------------------------

--
-- テーブルの構造 `zh_upload`
--

CREATE TABLE IF NOT EXISTS `zh_upload` (
  `id` int(10) unsigned NOT NULL AUTO_INCREMENT COMMENT '文章ID',
  `name` varchar(255) DEFAULT '' COMMENT '原文件名',
  `filename` varchar(100) NOT NULL DEFAULT '' COMMENT '文件名',
  `basename` varchar(100) NOT NULL DEFAULT '' COMMENT '有扩展名的文件名',
  `path` char(200) NOT NULL DEFAULT '' COMMENT '文件路径 ',
  `ext` varchar(45) NOT NULL DEFAULT '' COMMENT '扩展名',
  `image` tinyint(1) NOT NULL DEFAULT '1' COMMENT '图片',
  `size` mediumint(8) unsigned NOT NULL DEFAULT '0' COMMENT '文件大小',
  `uptime` int(10) NOT NULL DEFAULT '0' COMMENT '上传时间',
  `state` tinyint(1) unsigned NOT NULL DEFAULT '0' COMMENT '是否使用 1 使用 0 未使用',
  `uid` int(10) unsigned NOT NULL DEFAULT '0' COMMENT '用户uid',
  `mid` smallint(6) NOT NULL DEFAULT '0' COMMENT '模型mid',
  PRIMARY KEY (`id`),
  KEY `basename` (`basename`),
  KEY `id` (`id`) USING BTREE
) ENGINE=MyISAM  DEFAULT CHARSET=utf8 COMMENT='上传文件' AUTO_INCREMENT=428 ;

--
-- テーブルのデータのダンプ `zh_upload`
--

INSERT INTO `zh_upload` (`id`, `name`, `filename`, `basename`, `path`, `ext`, `image`, `size`, `uptime`, `state`, `uid`, `mid`) VALUES
(1, 'Chrysanthemum', '93431433749502', '93431433749502.jpg', 'upload/content/2015/06/08/93431433749502.jpg', 'jpg', 1, 879394, 1433749502, 1, 1, 0),
(2, 'Desert', '65751433749504', '65751433749504.jpg', 'upload/content/2015/06/08/65751433749504.jpg', 'jpg', 1, 845941, 1433749505, 1, 1, 0),
(3, 'Hydrangeas', '16721433749510', '16721433749510.jpg', 'upload/content/2015/06/08/16721433749510.jpg', 'jpg', 1, 595284, 1433749511, 1, 1, 0),
(4, 'Jellyfish', '28011433749512', '28011433749512.jpg', 'upload/content/2015/06/08/28011433749512.jpg', 'jpg', 1, 775702, 1433749513, 1, 1, 0),
(5, 'Lighthouse', '68991433749513', '68991433749513.jpg', 'upload/content/2015/06/08/68991433749513.jpg', 'jpg', 1, 561276, 1433749514, 1, 1, 0),
(6, 'Penguins', '97291433749514', '97291433749514.jpg', 'upload/content/2015/06/08/97291433749514.jpg', 'jpg', 1, 777835, 1433749515, 1, 1, 0),
(7, 'Tulips', '5831433749515', '5831433749515.jpg', 'upload/content/2015/06/08/5831433749515.jpg', 'jpg', 1, 620888, 1433749516, 1, 1, 0),
(8, 'Hydrangeas', '3971433749527', '3971433749527.jpg', 'upload/content/2015/06/08/3971433749527.jpg', 'jpg', 1, 595284, 1433749528, 1, 1, 0),
(9, 'Jellyfish', '43871433749708', '43871433749708.jpg', 'upload/content/2015/06/08/43871433749708.jpg', 'jpg', 1, 775702, 1433749708, 1, 1, 0),
(10, 'Chrysanthemum', '55641433749718', '55641433749718.jpg', 'upload/content/2015/06/08/55641433749718.jpg', 'jpg', 1, 879394, 1433749718, 1, 1, 0),
(11, '1', '62691433749743', '62691433749743.jpg', 'upload/content/2015/06/08/62691433749743.jpg', 'jpg', 1, 845941, 1433749743, 1, 1, 0),
(12, '3', '82911433749744', '82911433749744.jpg', 'upload/content/2015/06/08/82911433749744.jpg', 'jpg', 1, 595284, 1433749744, 1, 1, 0),
(13, '5', '49601433749744', '49601433749744.jpg', 'upload/content/2015/06/08/49601433749744.jpg', 'jpg', 1, 775702, 1433749745, 1, 1, 0),
(14, '2', '7551433749745', '7551433749745.jpg', 'upload/content/2015/06/08/7551433749745.jpg', 'jpg', 1, 780831, 1433749745, 1, 1, 0),
(15, '6', '50451433749746', '50451433749746.jpg', 'upload/content/2015/06/08/50451433749746.jpg', 'jpg', 1, 561276, 1433749746, 1, 1, 0),
(16, '4', '81771433749746', '81771433749746.jpg', 'upload/content/2015/06/08/81771433749746.jpg', 'jpg', 1, 777835, 1433749746, 1, 1, 0),
(17, '4', '72781433749747', '72781433749747.jpg', 'upload/content/2015/06/08/72781433749747.jpg', 'jpg', 1, 620888, 1433749747, 1, 1, 0),
(18, 'bg', '71051433750047', '71051433750047.jpg', 'upload/content/2015/06/08/71051433750047.jpg', 'jpg', 1, 879394, 1433750047, 1, 1, 0),
(19, 'Chrysanthemum', '78151433750047', '78151433750047.jpg', 'upload/content/2015/06/08/78151433750047.jpg', 'jpg', 1, 879394, 1433750048, 1, 1, 0),
(20, 'Desert', '3231433750048', '3231433750048.jpg', 'upload/content/2015/06/08/3231433750048.jpg', 'jpg', 1, 845941, 1433750048, 1, 1, 0),
(21, 'Hydrangeas', '43091433750048', '43091433750048.jpg', 'upload/content/2015/06/08/43091433750048.jpg', 'jpg', 1, 595284, 1433750049, 1, 1, 0),
(22, 'Jellyfish', '77081433750049', '77081433750049.jpg', 'upload/content/2015/06/08/77081433750049.jpg', 'jpg', 1, 775702, 1433750049, 1, 1, 0),
(23, 'Koala', '90181433750049', '90181433750049.jpg', 'upload/content/2015/06/08/90181433750049.jpg', 'jpg', 1, 780831, 1433750050, 1, 1, 0),
(24, 'Lighthouse', '10221433750050', '10221433750050.jpg', 'upload/content/2015/06/08/10221433750050.jpg', 'jpg', 1, 561276, 1433750050, 1, 1, 0),
(25, 'Penguins', '48461433750050', '48461433750050.jpg', 'upload/content/2015/06/08/48461433750050.jpg', 'jpg', 1, 777835, 1433750051, 1, 1, 0),
(26, 'Tulips', '32841433750051', '32841433750051.jpg', 'upload/content/2015/06/08/32841433750051.jpg', 'jpg', 1, 620888, 1433750051, 1, 1, 0),
(27, 'bg', '36411433750072', '36411433750072.jpg', 'upload/content/2015/06/08/36411433750072.jpg', 'jpg', 1, 879394, 1433750072, 1, 1, 0),
(28, 'Chrysanthemum', '65731433750073', '65731433750073.jpg', 'upload/content/2015/06/08/65731433750073.jpg', 'jpg', 1, 879394, 1433750073, 1, 1, 0),
(29, 'Desert', '94231433750073', '94231433750073.jpg', 'upload/content/2015/06/08/94231433750073.jpg', 'jpg', 1, 845941, 1433750073, 1, 1, 0),
(30, 'Hydrangeas', '87821433750074', '87821433750074.jpg', 'upload/content/2015/06/08/87821433750074.jpg', 'jpg', 1, 595284, 1433750074, 1, 1, 0),
(31, 'Jellyfish', '23781433750074', '23781433750074.jpg', 'upload/content/2015/06/08/23781433750074.jpg', 'jpg', 1, 775702, 1433750074, 1, 1, 0),
(32, 'Koala', '51621433750075', '51621433750075.jpg', 'upload/content/2015/06/08/51621433750075.jpg', 'jpg', 1, 780831, 1433750075, 1, 1, 0),
(33, 'Lighthouse', '91191433750075', '91191433750075.jpg', 'upload/content/2015/06/08/91191433750075.jpg', 'jpg', 1, 561276, 1433750075, 1, 1, 0),
(34, 'Penguins', '75241433750075', '75241433750075.jpg', 'upload/content/2015/06/08/75241433750075.jpg', 'jpg', 1, 777835, 1433750076, 1, 1, 0),
(35, 'Tulips', '54961433750076', '54961433750076.jpg', 'upload/content/2015/06/08/54961433750076.jpg', 'jpg', 1, 620888, 1433750076, 1, 1, 0),
(36, 'pic_640x480_1', '16721436348409', '16721436348409.png', 'upload/content/2015/07/08/16721436348409.png', 'png', 1, 194437, 1436348409, 1, 1, 0),
(37, 'pic_640x480_1', '23241436349647', '23241436349647.png', 'upload/content/2015/07/08/23241436349647.png', 'png', 1, 194437, 1436349647, 1, 1, 0),
(38, 'pic_640x480_2', '21941436349647', '21941436349647.png', 'upload/content/2015/07/08/21941436349647.png', 'png', 1, 194950, 1436349648, 1, 1, 0),
(39, 'pic_640x480_3', '36961436349648', '36961436349648.png', 'upload/content/2015/07/08/36961436349648.png', 'png', 1, 194142, 1436349648, 1, 1, 0),
(40, 'topbanner2_pc', '67341437447724', '67341437447724.jpg', 'upload/content/2015/07/21/67341437447724.jpg', 'jpg', 1, 14863, 1437447724, 1, 1, 0),
(41, 'topbanner2_pc', '26071437447729', '26071437447729.jpg', 'upload/content/2015/07/21/26071437447729.jpg', 'jpg', 1, 14863, 1437447729, 1, 1, 0),
(42, 'pic_600x822_1', '76301437623457', '76301437623457.png', 'upload/content/2015/07/23/76301437623457.png', 'png', 1, 304164, 1437623458, 1, 1, 0),
(43, 'pc_710x355_1', '75511437623467', '75511437623467.jpg', 'upload/content/2015/07/23/75511437623467.jpg', 'jpg', 1, 13941, 1437623467, 1, 1, 0),
(44, 'pc_710x355_1', '5551437623499', '5551437623499.jpg', 'upload/content/2015/07/23/5551437623499.jpg', 'jpg', 1, 13941, 1437623499, 1, 1, 0),
(45, 'pic_600x822_1', '23461437623528', '23461437623528.png', 'upload/content/2015/07/23/23461437623528.png', 'png', 1, 304164, 1437623528, 1, 1, 0),
(46, 'pc_710x355_1', '95571437623582', '95571437623582.jpg', 'upload/content/2015/07/23/95571437623582.jpg', 'jpg', 1, 13941, 1437623582, 1, 1, 0),
(47, 'pic_600x822_1', '7991437623582', '7991437623582.png', 'upload/content/2015/07/23/7991437623582.png', 'png', 1, 304164, 1437623582, 1, 1, 0),
(48, 'pc_710x355_1', '58071437623823', '58071437623823.jpg', 'upload/content/2015/07/23/58071437623823.jpg', 'jpg', 1, 13941, 1437623823, 1, 1, 0),
(49, 'pic_600x822_1', '8601437623823', '8601437623823.png', 'upload/content/2015/07/23/8601437623823.png', 'png', 1, 304164, 1437623824, 1, 1, 0),
(50, 'pc_710x355_1', '83321437624098', '83321437624098.jpg', 'upload/content/2015/07/23/83321437624098.jpg', 'jpg', 1, 13941, 1437624098, 1, 1, 0),
(51, 'pic_600x822_1', '77281437624098', '77281437624098.png', 'upload/content/2015/07/23/77281437624098.png', 'png', 1, 304164, 1437624098, 1, 1, 0),
(52, 'pc_710x355_1', '36091437624132', '36091437624132.jpg', 'upload/content/2015/07/23/36091437624132.jpg', 'jpg', 1, 13941, 1437624132, 1, 1, 0),
(53, 'pic_600x822_1', '96521437624132', '96521437624132.png', 'upload/content/2015/07/23/96521437624132.png', 'png', 1, 304164, 1437624132, 1, 1, 0),
(54, 'pc_710x355_1', '71411437624258', '71411437624258.jpg', 'upload/content/2015/07/23/71411437624258.jpg', 'jpg', 1, 13941, 1437624258, 1, 1, 0),
(55, 'pic_600x822_1', '26161437624258', '26161437624258.png', 'upload/content/2015/07/23/26161437624258.png', 'png', 1, 304164, 1437624258, 1, 1, 0),
(56, 'pc_710x355_1', '76671437624300', '76671437624300.jpg', 'upload/content/2015/07/23/76671437624300.jpg', 'jpg', 1, 13941, 1437624300, 1, 1, 0),
(57, 'pic_600x822_1', '69011437624300', '69011437624300.png', 'upload/content/2015/07/23/69011437624300.png', 'png', 1, 304164, 1437624300, 1, 1, 0),
(58, 'pc_710x355_1', '56831437624470', '56831437624470.jpg', 'upload/content/2015/07/23/56831437624470.jpg', 'jpg', 1, 13941, 1437624470, 1, 1, 0),
(59, 'pic_600x822_1', '43581437624470', '43581437624470.png', 'upload/content/2015/07/23/43581437624470.png', 'png', 1, 304164, 1437624470, 1, 1, 0),
(60, 'pc_710x355_1', '86361437624494', '86361437624494.jpg', 'upload/content/2015/07/23/86361437624494.jpg', 'jpg', 1, 13941, 1437624494, 1, 1, 0),
(61, 'pic_600x822_1', '41271437624494', '41271437624494.png', 'upload/content/2015/07/23/41271437624494.png', 'png', 1, 304164, 1437624494, 1, 1, 0),
(62, 'pc_710x355_1', '13411437625356', '13411437625356.jpg', 'upload/content/2015/07/23/13411437625356.jpg', 'jpg', 1, 13941, 1437625356, 1, 1, 0),
(63, 'pic_600x822_1', '64901437625356', '64901437625356.png', 'upload/content/2015/07/23/64901437625356.png', 'png', 1, 304164, 1437625356, 1, 1, 0),
(64, 'pic_600x822_1', '13281437625452', '13281437625452.png', 'upload/content/2015/07/23/13281437625452.png', 'png', 1, 304164, 1437625452, 1, 1, 0),
(65, 'pic_600x822_1', '32451437625462', '32451437625462.png', 'upload/content/2015/07/23/32451437625462.png', 'png', 1, 304164, 1437625462, 1, 1, 0),
(66, 'pc_710x355_1', '1751437625768', '1751437625768.jpg', 'upload/content/2015/07/23/1751437625768.jpg', 'jpg', 1, 13941, 1437625768, 1, 1, 0),
(67, 'pic_600x822_1', '25061437625768', '25061437625768.png', 'upload/content/2015/07/23/25061437625768.png', 'png', 1, 304164, 1437625768, 1, 1, 0),
(68, 'pc_710x355_1', '37721437625788', '37721437625788.jpg', 'upload/content/2015/07/23/37721437625788.jpg', 'jpg', 1, 13941, 1437625788, 1, 1, 0),
(69, 'pic_600x822_1', '14841437625788', '14841437625788.png', 'upload/content/2015/07/23/14841437625788.png', 'png', 1, 304164, 1437625788, 1, 1, 0),
(70, 'pc_710x355_1', '15301437625812', '15301437625812.jpg', 'upload/content/2015/07/23/15301437625812.jpg', 'jpg', 1, 13941, 1437625812, 1, 1, 0),
(71, 'pic_600x822_1', '98151437625812', '98151437625812.png', 'upload/content/2015/07/23/98151437625812.png', 'png', 1, 304164, 1437625812, 1, 1, 0),
(72, 'pc_710x355_1', '81401437625853', '81401437625853.jpg', 'upload/content/2015/07/23/81401437625853.jpg', 'jpg', 1, 13941, 1437625853, 1, 1, 0),
(73, 'pic_600x822_1', '30671437625853', '30671437625853.png', 'upload/content/2015/07/23/30671437625853.png', 'png', 1, 304164, 1437625854, 1, 1, 0),
(74, 'pc_710x355_1', '73561437625901', '73561437625901.jpg', 'upload/content/2015/07/23/73561437625901.jpg', 'jpg', 1, 13941, 1437625901, 1, 1, 0),
(75, 'pic_600x822_1', '16471437625901', '16471437625901.png', 'upload/content/2015/07/23/16471437625901.png', 'png', 1, 304164, 1437625902, 1, 1, 0),
(76, 'pc_710x355_1', '47851437625922', '47851437625922.jpg', 'upload/content/2015/07/23/47851437625922.jpg', 'jpg', 1, 13941, 1437625922, 1, 1, 0),
(77, 'pic_600x822_1', '77601437625922', '77601437625922.png', 'upload/content/2015/07/23/77601437625922.png', 'png', 1, 304164, 1437625922, 1, 1, 0),
(78, 'pc_710x355_1', '33641437625959', '33641437625959.jpg', 'upload/content/2015/07/23/33641437625959.jpg', 'jpg', 1, 13941, 1437625959, 1, 1, 0),
(79, 'pic_600x822_1', '22691437625959', '22691437625959.png', 'upload/content/2015/07/23/22691437625959.png', 'png', 1, 304164, 1437625960, 1, 1, 0),
(80, 'Chrysanthemum', '72871442222685', '72871442222685.jpg', 'upload/content/2015/09/14/72871442222685.jpg', 'jpg', 1, 879394, 1442222686, 1, 1, 0),
(81, 'Jellyfish', '26031442222686', '26031442222686.jpg', 'upload/content/2015/09/14/26031442222686.jpg', 'jpg', 1, 775702, 1442222686, 1, 1, 0),
(82, 'bg', '86701442398570', '86701442398570.jpg', 'upload/content/2015/09/16/86701442398570.jpg', 'jpg', 1, 879394, 1442398571, 1, 1, 0),
(83, 'Desert', '84831442399125', '84831442399125.jpg', 'upload/content/2015/09/16/84831442399125.jpg', 'jpg', 1, 845941, 1442399125, 1, 1, 0),
(84, 'Hydrangeas', '14531442399261', '14531442399261.jpg', 'upload/content/2015/09/16/14531442399261.jpg', 'jpg', 1, 595284, 1442399261, 1, 1, 0),
(85, 'Koala', '7591442399289', '7591442399289.jpg', 'upload/content/2015/09/16/7591442399289.jpg', 'jpg', 1, 780831, 1442399289, 1, 1, 0),
(86, 'Hydrangeas', '18761442399828', '18761442399828.jpg', 'upload/content/2015/09/16/18761442399828.jpg', 'jpg', 1, 595284, 1442399828, 1, 1, 0),
(87, 'Koala', '65951442464683', '65951442464683.jpg', 'upload/content/2015/09/17/65951442464683.jpg', 'jpg', 1, 780831, 1442464683, 1, 1, 0),
(88, 'Tulips', '99931442464703', '99931442464703.jpg', 'upload/content/2015/09/17/99931442464703.jpg', 'jpg', 1, 620888, 1442464704, 1, 1, 0),
(89, 'Lighthouse', '9341442464737', '9341442464737.jpg', 'upload/content/2015/09/17/9341442464737.jpg', 'jpg', 1, 561276, 1442464737, 1, 1, 0),
(90, 'Hydrangeas', '18021442464750', '18021442464750.jpg', 'upload/content/2015/09/17/18021442464750.jpg', 'jpg', 1, 595284, 1442464750, 1, 1, 0),
(91, 'Jellyfish', '87021442464771', '87021442464771.jpg', 'upload/content/2015/09/17/87021442464771.jpg', 'jpg', 1, 775702, 1442464771, 1, 1, 0),
(92, 'Chrysanthemum', '94911442464784', '94911442464784.jpg', 'upload/content/2015/09/17/94911442464784.jpg', 'jpg', 1, 879394, 1442464784, 1, 1, 0),
(93, 'pic (2)', '7291442818893', '7291442818893.jpg', 'upload/content/2015/09/21/7291442818893.jpg', 'jpg', 1, 39715, 1442818893, 1, 1, 0),
(94, 'pic (3)', '9781442818903', '9781442818903.jpg', 'upload/content/2015/09/21/9781442818903.jpg', 'jpg', 1, 42039, 1442818903, 1, 1, 0),
(95, 'pic (4)', '40831442818912', '40831442818912.jpg', 'upload/content/2015/09/21/40831442818912.jpg', 'jpg', 1, 40021, 1442818912, 1, 1, 0),
(96, 'pic (5)', '65931442818932', '65931442818932.jpg', 'upload/content/2015/09/21/65931442818932.jpg', 'jpg', 1, 39292, 1442818932, 1, 1, 0),
(97, 'pic (6)', '54701442818943', '54701442818943.jpg', 'upload/content/2015/09/21/54701442818943.jpg', 'jpg', 1, 35977, 1442818943, 1, 1, 0),
(98, 'pic (7)', '48911442819102', '48911442819102.jpg', 'upload/content/2015/09/21/48911442819102.jpg', 'jpg', 1, 39163, 1442819102, 1, 1, 0),
(99, 'pic (8)', '12191442819110', '12191442819110.jpg', 'upload/content/2015/09/21/12191442819110.jpg', 'jpg', 1, 43251, 1442819110, 1, 1, 0),
(100, 'pic (9)', '28811442819132', '28811442819132.jpg', 'upload/content/2015/09/21/28811442819132.jpg', 'jpg', 1, 42101, 1442819132, 1, 1, 0),
(101, 'pic (10)', '40651442819140', '40651442819140.jpg', 'upload/content/2015/09/21/40651442819140.jpg', 'jpg', 1, 42453, 1442819140, 1, 1, 0),
(102, 'pic', '22301442819155', '22301442819155.jpg', 'upload/content/2015/09/21/22301442819155.jpg', 'jpg', 1, 39282, 1442819155, 1, 1, 0),
(103, 'pic (2)', '69311442819164', '69311442819164.jpg', 'upload/content/2015/09/21/69311442819164.jpg', 'jpg', 1, 39715, 1442819164, 1, 1, 0),
(104, '240x200 (2)', '53931442827933', '53931442827933.jpg', 'upload/content/2015/09/21/53931442827933.jpg', 'jpg', 1, 5348, 1442827933, 1, 1, 0),
(105, '240x200 (3)', '39961442827954', '39961442827954.jpg', 'upload/content/2015/09/21/39961442827954.jpg', 'jpg', 1, 5663, 1442827954, 1, 1, 0),
(106, '240x200 (4)', '97391442827982', '97391442827982.jpg', 'upload/content/2015/09/21/97391442827982.jpg', 'jpg', 1, 5069, 1442827982, 1, 1, 0),
(107, '240x200 (5)', '79851442828002', '79851442828002.jpg', 'upload/content/2015/09/21/79851442828002.jpg', 'jpg', 1, 4749, 1442828002, 1, 1, 0),
(108, '240x200 (6)', '7531442828023', '7531442828023.jpg', 'upload/content/2015/09/21/7531442828023.jpg', 'jpg', 1, 5032, 1442828023, 1, 1, 0),
(109, '240x200 (9)', '7681442828043', '7681442828043.jpg', 'upload/content/2015/09/21/7681442828043.jpg', 'jpg', 1, 5492, 1442828043, 1, 1, 0),
(110, '240x80_1', '85061442828737', '85061442828737.jpg', 'upload/content/2015/09/21/85061442828737.jpg', 'jpg', 1, 4059, 1442828737, 1, 1, 0),
(111, '240x80_2', '44881442828750', '44881442828750.jpg', 'upload/content/2015/09/21/44881442828750.jpg', 'jpg', 1, 4477, 1442828750, 1, 1, 0),
(112, '240x80_3', '67081442828765', '67081442828765.jpg', 'upload/content/2015/09/21/67081442828765.jpg', 'jpg', 1, 4166, 1442828765, 1, 1, 0),
(113, '240x80_4', '21081442828790', '21081442828790.jpg', 'upload/content/2015/09/21/21081442828790.jpg', 'jpg', 1, 4046, 1442828790, 1, 1, 0),
(114, '240x80_5', '2881442828804', '2881442828804.jpg', 'upload/content/2015/09/21/2881442828804.jpg', 'jpg', 1, 4061, 1442828804, 1, 1, 0),
(115, '240x80_6', '50161442828817', '50161442828817.jpg', 'upload/content/2015/09/21/50161442828817.jpg', 'jpg', 1, 4209, 1442828817, 1, 1, 0),
(116, '240x80_10', '63101442828830', '63101442828830.jpg', 'upload/content/2015/09/21/63101442828830.jpg', 'jpg', 1, 4658, 1442828830, 1, 1, 0),
(117, '240x80_2', '89971442829397', '89971442829397.jpg', 'upload/content/2015/09/21/89971442829397.jpg', 'jpg', 1, 4477, 1442829397, 1, 1, 0),
(118, '240x80_8', '64331442829416', '64331442829416.jpg', 'upload/content/2015/09/21/64331442829416.jpg', 'jpg', 1, 4811, 1442829416, 1, 1, 0),
(119, '240x80_6', '40991442829430', '40991442829430.jpg', 'upload/content/2015/09/21/40991442829430.jpg', 'jpg', 1, 4209, 1442829430, 1, 1, 0),
(120, '240x80_4', '5451442829443', '5451442829443.jpg', 'upload/content/2015/09/21/5451442829443.jpg', 'jpg', 1, 4046, 1442829443, 1, 1, 0),
(121, '240x80_7', '63611442829455', '63611442829455.jpg', 'upload/content/2015/09/21/63611442829455.jpg', 'jpg', 1, 4463, 1442829455, 1, 1, 0),
(122, '240x80_10', '39101442829466', '39101442829466.jpg', 'upload/content/2015/09/21/39101442829466.jpg', 'jpg', 1, 4658, 1442829466, 1, 1, 0),
(123, '240x80_4', '81501442829479', '81501442829479.jpg', 'upload/content/2015/09/21/81501442829479.jpg', 'jpg', 1, 4046, 1442829479, 1, 1, 0),
(124, 'his_banner_1920', '67371445590534', '67371445590534.jpg', 'upload/content/2015/10/23/67371445590534.jpg', 'jpg', 1, 208741, 1445590534, 1, 1, 0),
(125, 'his_banner_1920', '66411445591035', '66411445591035.jpg', 'upload/content/2015/10/23/66411445591035.jpg', 'jpg', 1, 208741, 1445591035, 1, 19, 0),
(126, 'his_banner_1920', '76721445591047', '76721445591047.jpg', 'upload/content/2015/10/23/76721445591047.jpg', 'jpg', 1, 208741, 1445591047, 1, 19, 0),
(127, 'his_banner_1920', '19601445591058', '19601445591058.jpg', 'upload/content/2015/10/23/19601445591058.jpg', 'jpg', 1, 208741, 1445591058, 1, 19, 0),
(128, 'Desert', '41761445591411', '41761445591411.jpg', 'upload/content/2015/10/23/41761445591411.jpg', 'jpg', 1, 845941, 1445591411, 1, 19, 0),
(129, 'his_banner_1920', '34901445591438', '34901445591438.jpg', 'upload/content/2015/10/23/34901445591438.jpg', 'jpg', 1, 208741, 1445591438, 1, 19, 0),
(130, 'his_banner_1920', '77881445592633', '77881445592633.jpg', 'upload/content/2015/10/23/77881445592633.jpg', 'jpg', 1, 208741, 1445592633, 1, 19, 0),
(131, 'JapanHotNow', '31531447131808', '31531447131808.jpg', 'upload/content/2015/11/10/31531447131808.jpg', 'jpg', 1, 26516, 1447131808, 1, 19, 0),
(132, 'JapanHotNow', '21191447131839', '21191447131839.jpg', 'upload/content/2015/11/10/21191447131839.jpg', 'jpg', 1, 26516, 1447131839, 1, 19, 0),
(133, 'JapanHotNow', '49221447131853', '49221447131853.jpg', 'upload/content/2015/11/10/49221447131853.jpg', 'jpg', 1, 26516, 1447131853, 1, 19, 0),
(134, 'banners_215348_5550390588d82', '14451447132033', '14451447132033.jpg', 'upload/content/2015/11/10/14451447132033.jpg', 'jpg', 1, 16414, 1447132033, 1, 19, 0),
(135, 'aside_adv_01', '37601447132244', '37601447132244.jpg', 'upload/content/2015/11/10/37601447132244.jpg', 'jpg', 1, 23801, 1447132244, 1, 19, 0),
(136, 'aside_adv_04', '24401447132370', '24401447132370.jpg', 'upload/content/2015/11/10/24401447132370.jpg', 'jpg', 1, 10331, 1447132370, 1, 19, 0),
(137, 'aside_adv_04', '52661447132403', '52661447132403.jpg', 'upload/content/2015/11/10/52661447132403.jpg', 'jpg', 1, 10331, 1447132403, 1, 19, 0),
(138, '02', '26011447398490', '26011447398490.jpg', 'upload/content/2015/11/13/26011447398490.jpg', 'jpg', 1, 303135, 1447398490, 1, 19, 0),
(139, '02', '85291447398875', '85291447398875.jpg', 'upload/content/2015/11/13/85291447398875.jpg', 'jpg', 1, 361625, 1447398875, 1, 19, 0),
(140, 'kv_img_01', '76201447639588', '76201447639588.jpg', 'upload/content/2015/11/16/76201447639588.jpg', 'jpg', 1, 192724, 1447639588, 1, 19, 0),
(141, '~8HUJI0NMQ77M]GBN{0P4W9', '48821447660581', '48821447660581.jpg', 'upload/content/2015/11/16/48821447660581.jpg', 'jpg', 1, 15494, 1447660581, 1, 19, 0),
(142, '~8HUJI0NMQ77M]GBN{0P4W9', '23851447660596', '23851447660596.jpg', 'upload/content/2015/11/16/23851447660596.jpg', 'jpg', 1, 15494, 1447660596, 1, 19, 0),
(143, '~8HUJI0NMQ77M]GBN{0P4W9', '20841447660627', '20841447660627.jpg', 'upload/content/2015/11/16/20841447660627.jpg', 'jpg', 1, 15494, 1447660627, 1, 19, 0),
(144, '~8HUJI0NMQ77M]GBN{0P4W9', '13141447660638', '13141447660638.jpg', 'upload/content/2015/11/16/13141447660638.jpg', 'jpg', 1, 15494, 1447660638, 1, 19, 0),
(145, 'bnr', '89141447660735', '89141447660735.jpg', 'upload/content/2015/11/16/89141447660735.jpg', 'jpg', 1, 16482, 1447660735, 1, 19, 0),
(146, 'bnr', '55831447660744', '55831447660744.jpg', 'upload/content/2015/11/16/55831447660744.jpg', 'jpg', 1, 16482, 1447660744, 1, 19, 0),
(147, 'bnr', '67311447660772', '67311447660772.jpg', 'upload/content/2015/11/16/67311447660772.jpg', 'jpg', 1, 16482, 1447660772, 1, 19, 0),
(148, 'bnr', '12001447660936', '12001447660936.jpg', 'upload/content/2015/11/16/12001447660936.jpg', 'jpg', 1, 16482, 1447660936, 1, 19, 0),
(149, '31531447131808', '8061447661062', '8061447661062.jpg', 'upload/content/2015/11/16/8061447661062.jpg', 'jpg', 1, 27723, 1447661062, 1, 19, 0),
(150, '31531447131808', '31181447661088', '31181447661088.jpg', 'upload/content/2015/11/16/31181447661088.jpg', 'jpg', 1, 27723, 1447661088, 1, 19, 0),
(151, '31531447131808', '23451447661137', '23451447661137.jpg', 'upload/content/2015/11/16/23451447661137.jpg', 'jpg', 1, 27723, 1447661137, 1, 19, 0),
(152, '31531447131808', '52171447661172', '52171447661172.jpg', 'upload/content/2015/11/16/52171447661172.jpg', 'jpg', 1, 27791, 1447661172, 1, 19, 0),
(153, '31531447131808', '80401447661212', '80401447661212.jpg', 'upload/content/2015/11/16/80401447661212.jpg', 'jpg', 1, 27791, 1447661212, 1, 19, 0),
(154, '31531447131808', '2111447661225', '2111447661225.jpg', 'upload/content/2015/11/16/2111447661225.jpg', 'jpg', 1, 27791, 1447661225, 1, 19, 0),
(155, '31531447131808', '64161447661239', '64161447661239.jpg', 'upload/content/2015/11/16/64161447661239.jpg', 'jpg', 1, 27791, 1447661239, 1, 19, 0),
(156, 'bnr', '93821447661302', '93821447661302.jpg', 'upload/content/2015/11/16/93821447661302.jpg', 'jpg', 1, 24928, 1447661302, 1, 19, 0),
(157, 'bnr', '39481447661315', '39481447661315.jpg', 'upload/content/2015/11/16/39481447661315.jpg', 'jpg', 1, 24928, 1447661315, 1, 19, 0),
(158, 'bnr', '49091447661326', '49091447661326.jpg', 'upload/content/2015/11/16/49091447661326.jpg', 'jpg', 1, 24928, 1447661326, 1, 19, 0),
(159, 'bnr', '60881447661337', '60881447661337.jpg', 'upload/content/2015/11/16/60881447661337.jpg', 'jpg', 1, 24928, 1447661337, 1, 19, 0),
(160, '24401447132370', '3061447662585', '3061447662585.jpg', 'upload/content/2015/11/16/3061447662585.jpg', 'jpg', 1, 10331, 1447662585, 1, 19, 0),
(161, '24401447132370', '56381447662609', '56381447662609.jpg', 'upload/content/2015/11/16/56381447662609.jpg', 'jpg', 1, 10331, 1447662609, 1, 19, 0),
(162, 'banners_846806_5642eb3a30f58', '95311447739110', '95311447739110.jpg', 'upload/content/2015/11/17/95311447739110.jpg', 'jpg', 1, 24462, 1447739110, 1, 19, 0),
(163, 'banners_846806_5642eb3a30f58', '74051447739136', '74051447739136.jpg', 'upload/content/2015/11/17/74051447739136.jpg', 'jpg', 1, 24462, 1447739136, 1, 19, 0),
(164, 'banners_846806_5642eb3a30f58', '80881447739180', '80881447739180.jpg', 'upload/content/2015/11/17/80881447739180.jpg', 'jpg', 1, 24462, 1447739180, 1, 19, 0),
(165, 'banners_846806_5642eb3a30f58', '58171447739199', '58171447739199.jpg', 'upload/content/2015/11/17/58171447739199.jpg', 'jpg', 1, 24462, 1447739199, 1, 19, 0),
(166, 'banners_846806_5642eb3a30f58', '64201447740268', '64201447740268.jpg', 'upload/content/2015/11/17/64201447740268.jpg', 'jpg', 1, 83249, 1447740268, 1, 19, 0),
(167, 'banners_846806_5642eb3a30f58', '45961447740280', '45961447740280.jpg', 'upload/content/2015/11/17/45961447740280.jpg', 'jpg', 1, 83249, 1447740280, 1, 19, 0),
(168, 'banners_846806_5642eb3a30f58', '2311447740291', '2311447740291.jpg', 'upload/content/2015/11/17/2311447740291.jpg', 'jpg', 1, 83249, 1447740291, 1, 19, 0),
(169, 'banners_846806_5642eb3a30f58', '96631447740329', '96631447740329.jpg', 'upload/content/2015/11/17/96631447740329.jpg', 'jpg', 1, 83249, 1447740329, 1, 19, 0),
(170, '60881447661337', '44481447820057', '44481447820057.jpg', 'upload/content/2015/11/18/44481447820057.jpg', 'jpg', 1, 24928, 1447820057, 1, 19, 0),
(171, '60881447661337', '79831447820086', '79831447820086.jpg', 'upload/content/2015/11/18/79831447820086.jpg', 'jpg', 1, 24928, 1447820086, 1, 19, 0),
(172, '60881447661337', '19811447820111', '19811447820111.jpg', 'upload/content/2015/11/18/19811447820111.jpg', 'jpg', 1, 24928, 1447820111, 1, 19, 0),
(173, '60881447661337', '21371447820144', '21371447820144.jpg', 'upload/content/2015/11/18/21371447820144.jpg', 'jpg', 1, 24928, 1447820144, 1, 19, 0),
(174, 'his_banner_1920_151119', '49571447910996', '49571447910996.jpg', 'upload/content/2015/11/19/49571447910996.jpg', 'jpg', 1, 146641, 1447910996, 1, 19, 0),
(175, 'his_banner_1920_151119', '5351447911172', '5351447911172.jpg', 'upload/content/2015/11/19/5351447911172.jpg', 'jpg', 1, 146641, 1447911172, 1, 19, 0),
(176, 'his_banner_1920_151119', '1511447912231', '1511447912231.jpg', 'upload/content/2015/11/19/1511447912231.jpg', 'jpg', 1, 146641, 1447912231, 1, 19, 0),
(177, 'aside_adv_01', '77731447923616', '77731447923616.jpg', 'upload/content/2015/11/19/77731447923616.jpg', 'jpg', 1, 23801, 1447923616, 1, 19, 0),
(178, '34901445591438', '32091448439511', '32091448439511.jpg', 'upload/content/2015/11/25/32091448439511.jpg', 'jpg', 1, 208741, 1448439511, 1, 19, 0),
(179, 'his_banner_64x290', '11631448503167', '11631448503167.jpg', 'upload/content/2015/11/26/11631448503167.jpg', 'jpg', 1, 63521, 1448503167, 1, 19, 0),
(180, 'his_banner_1920x290', '78181448504061', '78181448504061.jpg', 'upload/content/2015/11/26/78181448504061.jpg', 'jpg', 1, 172386, 1448504061, 1, 19, 0),
(181, 'his_banner_64x290', '50761448504108', '50761448504108.jpg', 'upload/content/2015/11/26/50761448504108.jpg', 'jpg', 1, 63521, 1448504108, 1, 19, 0),
(182, 'his_banner_1920x290', '98601448504115', '98601448504115.jpg', 'upload/content/2015/11/26/98601448504115.jpg', 'jpg', 1, 172386, 1448504115, 1, 19, 0),
(183, 'his_banner_64x290', '14961448504126', '14961448504126.jpg', 'upload/content/2015/11/26/14961448504126.jpg', 'jpg', 1, 63521, 1448504126, 1, 19, 0),
(184, 'his_banner_64x290', '63381448504154', '63381448504154.jpg', 'upload/content/2015/11/26/63381448504154.jpg', 'jpg', 1, 63521, 1448504154, 1, 19, 0),
(185, 'his_banner_64x290', '96561448504160', '96561448504160.jpg', 'upload/content/2015/11/26/96561448504160.jpg', 'jpg', 1, 63521, 1448504160, 1, 19, 0),
(186, 'his_banner_1920x290', '70451448504175', '70451448504175.jpg', 'upload/content/2015/11/26/70451448504175.jpg', 'jpg', 1, 172386, 1448504175, 1, 19, 0),
(187, 'his_banner_1920x290', '74491448504235', '74491448504235.jpg', 'upload/content/2015/11/26/74491448504235.jpg', 'jpg', 1, 172386, 1448504235, 1, 19, 0),
(188, 'his_banner_64x290', '2501448504245', '2501448504245.jpg', 'upload/content/2015/11/26/2501448504245.jpg', 'jpg', 1, 63521, 1448504245, 1, 19, 0),
(189, 'his_banner_1920x290', '89201448504333', '89201448504333.jpg', 'upload/content/2015/11/26/89201448504333.jpg', 'jpg', 1, 172386, 1448504333, 1, 19, 0),
(190, 'his_banner_64x290', '79651448504342', '79651448504342.jpg', 'upload/content/2015/11/26/79651448504342.jpg', 'jpg', 1, 63521, 1448504342, 1, 19, 0),
(191, 'cn_hanavi_kv', '25271448599379', '25271448599379.jpg', 'upload/content/2015/11/27/25271448599379.jpg', 'jpg', 1, 347432, 1448599379, 1, 19, 0),
(192, 'cn_hanavi_kv', '90421448599641', '90421448599641.jpg', 'upload/content/2015/11/27/90421448599641.jpg', 'jpg', 1, 347432, 1448599641, 1, 19, 0),
(193, '02', '81191448599651', '81191448599651.jpg', 'upload/content/2015/11/27/81191448599651.jpg', 'jpg', 1, 110900, 1448599651, 1, 19, 0),
(194, 'cn_hanavi_kv', '39441448599803', '39441448599803.jpg', 'upload/content/2015/11/27/39441448599803.jpg', 'jpg', 1, 347432, 1448599803, 1, 19, 0),
(195, 'sp01', '57641448599811', '57641448599811.jpg', 'upload/content/2015/11/27/57641448599811.jpg', 'jpg', 1, 154549, 1448599811, 1, 19, 0),
(196, '02', '9981448599831', '9981448599831.jpg', 'upload/content/2015/11/27/9981448599831.jpg', 'jpg', 1, 110900, 1448599831, 1, 19, 0),
(197, 'cn_gnavi_kv', '15501448599873', '15501448599873.jpg', 'upload/content/2015/11/27/15501448599873.jpg', 'jpg', 1, 395905, 1448599873, 1, 19, 0),
(198, 'sp01', '86891448599883', '86891448599883.jpg', 'upload/content/2015/11/27/86891448599883.jpg', 'jpg', 1, 154549, 1448599883, 1, 19, 0),
(199, 'cn_hanavi_kv', '30341448600037', '30341448600037.jpg', 'upload/content/2015/11/27/30341448600037.jpg', 'jpg', 1, 347432, 1448600037, 1, 19, 0),
(200, '02', '66321448600043', '66321448600043.jpg', 'upload/content/2015/11/27/66321448600043.jpg', 'jpg', 1, 110900, 1448600043, 1, 19, 0),
(201, 'cn_hanavi_kv', '2911448600063', '2911448600063.jpg', 'upload/content/2015/11/27/2911448600063.jpg', 'jpg', 1, 347432, 1448600063, 1, 19, 0),
(202, '02', '28941448600072', '28941448600072.jpg', 'upload/content/2015/11/27/28941448600072.jpg', 'jpg', 1, 110900, 1448600072, 1, 19, 0),
(203, 'cn_hanavi_kv', '45781448600085', '45781448600085.jpg', 'upload/content/2015/11/27/45781448600085.jpg', 'jpg', 1, 347432, 1448600085, 1, 19, 0),
(204, '02', '13451448600094', '13451448600094.jpg', 'upload/content/2015/11/27/13451448600094.jpg', 'jpg', 1, 110900, 1448600094, 1, 19, 0),
(205, 'cn_hanavi_kv', '39721448600122', '39721448600122.jpg', 'upload/content/2015/11/27/39721448600122.jpg', 'jpg', 1, 347432, 1448600122, 1, 19, 0),
(206, '02', '93971448600130', '93971448600130.jpg', 'upload/content/2015/11/27/93971448600130.jpg', 'jpg', 1, 110900, 1448600130, 1, 19, 0),
(207, 'cn_gnavi_kv', '92051448600178', '92051448600178.jpg', 'upload/content/2015/11/27/92051448600178.jpg', 'jpg', 1, 395905, 1448600178, 1, 19, 0),
(208, 'sp01', '76591448600185', '76591448600185.jpg', 'upload/content/2015/11/27/76591448600185.jpg', 'jpg', 1, 154549, 1448600185, 1, 19, 0),
(209, 'cn_gnavi_kv', '22601448600217', '22601448600217.jpg', 'upload/content/2015/11/27/22601448600217.jpg', 'jpg', 1, 395905, 1448600217, 1, 19, 0),
(210, 'sp01', '28881448600225', '28881448600225.jpg', 'upload/content/2015/11/27/28881448600225.jpg', 'jpg', 1, 154549, 1448600225, 1, 19, 0),
(211, 'cn_gnavi_kv', '38471448600244', '38471448600244.jpg', 'upload/content/2015/11/27/38471448600244.jpg', 'jpg', 1, 395905, 1448600244, 1, 19, 0),
(212, 'sp01', '98471448600254', '98471448600254.jpg', 'upload/content/2015/11/27/98471448600254.jpg', 'jpg', 1, 154549, 1448600254, 1, 19, 0),
(213, 'cn_hisgo_ban', '8321448600494', '8321448600494.jpg', 'upload/content/2015/11/27/8321448600494.jpg', 'jpg', 1, 56839, 1448600494, 1, 19, 0),
(214, 'cn_gnavi_ban', '87671448600566', '87671448600566.jpg', 'upload/content/2015/11/27/87671448600566.jpg', 'jpg', 1, 76728, 1448600566, 1, 19, 0),
(215, 'cn_hisgo_ban', '66071448600642', '66071448600642.jpg', 'upload/content/2015/11/27/66071448600642.jpg', 'jpg', 1, 56839, 1448600642, 1, 19, 0),
(216, 'cn_hisgo_ban', '57981448600689', '57981448600689.jpg', 'upload/content/2015/11/27/57981448600689.jpg', 'jpg', 1, 56839, 1448600689, 1, 19, 0),
(217, 'cn_hisgo_ban', '73241448600717', '73241448600717.jpg', 'upload/content/2015/11/27/73241448600717.jpg', 'jpg', 1, 56839, 1448600717, 1, 19, 0),
(218, 'cn_gnavi_kv', '10001448600791', '10001448600791.jpg', 'upload/content/2015/11/27/10001448600791.jpg', 'jpg', 1, 395905, 1448600791, 1, 19, 0),
(219, 'cn_gnavi_kv', '74251448600823', '74251448600823.jpg', 'upload/content/2015/11/27/74251448600823.jpg', 'jpg', 1, 395905, 1448600823, 1, 19, 0),
(220, 'cn_gnavi_kv', '98481448600846', '98481448600846.jpg', 'upload/content/2015/11/27/98481448600846.jpg', 'jpg', 1, 395905, 1448600846, 1, 19, 0),
(221, 'cn_gnavi_ban', '27721448600873', '27721448600873.jpg', 'upload/content/2015/11/27/27721448600873.jpg', 'jpg', 1, 76728, 1448600873, 1, 19, 0),
(222, 'cn_gnavi_ban', '40391448600890', '40391448600890.jpg', 'upload/content/2015/11/27/40391448600890.jpg', 'jpg', 1, 76728, 1448600890, 1, 19, 0),
(223, 'cn_gnavi_ban', '1081448600908', '1081448600908.jpg', 'upload/content/2015/11/27/1081448600908.jpg', 'jpg', 1, 76728, 1448600908, 1, 19, 0),
(224, 'cn_gnavi_640×290', '9221449022798', '9221449022798.png', 'upload/content/2015/12/02/9221449022798.png', 'png', 1, 299238, 1449022798, 1, 19, 0),
(225, 'cn_gnavi_640×290', '33491449022810', '33491449022810.png', 'upload/content/2015/12/02/33491449022810.png', 'png', 1, 299238, 1449022810, 1, 19, 0),
(226, 'cn_gnavi_640×290', '99401449022821', '99401449022821.png', 'upload/content/2015/12/02/99401449022821.png', 'png', 1, 299238, 1449022821, 1, 19, 0),
(227, 'cn_gnavi_ban', '4401449022886', '4401449022886.jpg', 'upload/content/2015/12/02/4401449022886.jpg', 'jpg', 1, 76728, 1449022886, 1, 19, 0),
(228, 'cn_gnavi_ban', '2381449022896', '2381449022896.jpg', 'upload/content/2015/12/02/2381449022896.jpg', 'jpg', 1, 76728, 1449022896, 1, 19, 0),
(229, 'cn_gnavi_ban', '85091449022906', '85091449022906.jpg', 'upload/content/2015/12/02/85091449022906.jpg', 'jpg', 1, 76728, 1449022906, 1, 19, 0),
(230, 'cn_gnavi_640×290', '82181449022943', '82181449022943.png', 'upload/content/2015/12/02/82181449022943.png', 'png', 1, 299238, 1449022943, 1, 19, 0),
(231, 'cn_gnavi_640×290', '57911449022954', '57911449022954.png', 'upload/content/2015/12/02/57911449022954.png', 'png', 1, 299238, 1449022954, 1, 19, 0),
(232, 'cn_gnavi_640×290', '5221449022964', '5221449022964.png', 'upload/content/2015/12/02/5221449022964.png', 'png', 1, 299238, 1449022964, 1, 19, 0),
(233, 'cn_gnavi_640×290', '53771449022994', '53771449022994.png', 'upload/content/2015/12/02/53771449022994.png', 'png', 1, 299238, 1449022994, 1, 19, 0),
(234, 'HAnavi_banner_640×290', '91431449023009', '91431449023009.jpg', 'upload/content/2015/12/02/91431449023009.jpg', 'jpg', 1, 171073, 1449023009, 1, 19, 0),
(235, 'HAnavi_banner_640×290', '97621449023019', '97621449023019.jpg', 'upload/content/2015/12/02/97621449023019.jpg', 'jpg', 1, 171073, 1449023019, 1, 19, 0),
(236, 'HAnavi_banner_640×290', '89871449023030', '89871449023030.jpg', 'upload/content/2015/12/02/89871449023030.jpg', 'jpg', 1, 171073, 1449023030, 1, 19, 0),
(237, 'HAnavi_banner_640×290', '5151449023040', '5151449023040.jpg', 'upload/content/2015/12/02/5151449023040.jpg', 'jpg', 1, 171073, 1449023040, 1, 19, 0),
(238, 'coupon_cn', '93191449459773', '93191449459773.jpg', 'upload/content/2015/12/07/93191449459773.jpg', 'jpg', 1, 214913, 1449459773, 1, 19, 0),
(239, 'coupon_cn', '77761449460017', '77761449460017.jpg', 'upload/content/2015/12/07/77761449460017.jpg', 'jpg', 1, 198920, 1449460017, 1, 19, 0),
(240, 'coupon_cn', '68031449460075', '68031449460075.jpg', 'upload/content/2015/12/07/68031449460075.jpg', 'jpg', 1, 198920, 1449460075, 1, 19, 0),
(241, 'coupon_cn', '30521449460146', '30521449460146.jpg', 'upload/content/2015/12/07/30521449460146.jpg', 'jpg', 1, 198920, 1449460146, 1, 19, 0),
(242, 'coupon_cn', '50031449460188', '50031449460188.jpg', 'upload/content/2015/12/07/50031449460188.jpg', 'jpg', 1, 198920, 1449460188, 1, 19, 0),
(243, '01', '20621449473322', '20621449473322.jpg', 'upload/content/2015/12/07/20621449473322.jpg', 'jpg', 1, 77992, 1449473322, 1, 19, 0),
(244, '01', '55531449473694', '55531449473694.jpg', 'upload/content/2015/12/07/55531449473694.jpg', 'jpg', 1, 12990, 1449473694, 1, 19, 0),
(245, '02', '92041449474221', '92041449474221.jpg', 'upload/content/2015/12/07/92041449474221.jpg', 'jpg', 1, 14585, 1449474221, 1, 19, 0),
(246, '03', '31391449474339', '31391449474339.jpg', 'upload/content/2015/12/07/31391449474339.jpg', 'jpg', 1, 14906, 1449474339, 1, 19, 0),
(247, '04', '50501449474418', '50501449474418.jpg', 'upload/content/2015/12/07/50501449474418.jpg', 'jpg', 1, 15015, 1449474418, 1, 19, 0),
(248, '05', '39351449474807', '39351449474807.jpg', 'upload/content/2015/12/07/39351449474807.jpg', 'jpg', 1, 15044, 1449474807, 1, 19, 0),
(249, '01', '67851449546790', '67851449546790.jpg', 'upload/content/2015/12/08/67851449546790.jpg', 'jpg', 1, 16699, 1449546790, 1, 19, 0),
(250, '02', '58051449546827', '58051449546827.jpg', 'upload/content/2015/12/08/58051449546827.jpg', 'jpg', 1, 16674, 1449546827, 1, 19, 0),
(251, '0', '76791449564205', '76791449564205.jpg', 'upload/content/2015/12/08/76791449564205.jpg', 'jpg', 1, 304334, 1449564205, 1, 19, 0),
(252, '0', '45531449564387', '45531449564387.jpg', 'upload/content/2015/12/08/45531449564387.jpg', 'jpg', 1, 289750, 1449564387, 1, 19, 0),
(253, '0', '71861449564969', '71861449564969.jpg', 'upload/content/2015/12/08/71861449564969.jpg', 'jpg', 1, 307564, 1449564969, 1, 19, 0),
(254, '0', '75591449565034', '75591449565034.jpg', 'upload/content/2015/12/08/75591449565034.jpg', 'jpg', 1, 221557, 1449565034, 1, 19, 0),
(255, '0', '47881449565097', '47881449565097.jpg', 'upload/content/2015/12/08/47881449565097.jpg', 'jpg', 1, 221557, 1449565097, 1, 19, 0),
(256, '0', '52681449565253', '52681449565253.jpg', 'upload/content/2015/12/08/52681449565253.jpg', 'jpg', 1, 202812, 1449565253, 1, 19, 0),
(257, '0', '40451449565269', '40451449565269.jpg', 'upload/content/2015/12/08/40451449565269.jpg', 'jpg', 1, 202812, 1449565269, 1, 19, 0),
(258, '01', '91011449565462', '91011449565462.jpg', 'upload/content/2015/12/08/91011449565462.jpg', 'jpg', 1, 137095, 1449565462, 1, 19, 0),
(259, '01', '33101449565479', '33101449565479.jpg', 'upload/content/2015/12/08/33101449565479.jpg', 'jpg', 1, 137095, 1449565479, 1, 19, 0),
(260, '003', '92351449567449', '92351449567449.jpg', 'upload/content/2015/12/08/92351449567449.jpg', 'jpg', 1, 160625, 1449567449, 1, 19, 0),
(261, '003', '47501449567468', '47501449567468.jpg', 'upload/content/2015/12/08/47501449567468.jpg', 'jpg', 1, 160625, 1449567468, 1, 19, 0),
(262, '1', '97771449567669', '97771449567669.jpg', 'upload/content/2015/12/08/97771449567669.jpg', 'jpg', 1, 16699, 1449567669, 1, 19, 0),
(263, '58051449546827', '17321449567727', '17321449567727.jpg', 'upload/content/2015/12/08/17321449567727.jpg', 'jpg', 1, 16674, 1449567727, 1, 19, 0),
(264, '92041449474221', '94601449567780', '94601449567780.jpg', 'upload/content/2015/12/08/94601449567780.jpg', 'jpg', 1, 14585, 1449567780, 1, 19, 0),
(265, '31391449474339', '49691449567829', '49691449567829.jpg', 'upload/content/2015/12/08/49691449567829.jpg', 'jpg', 1, 14906, 1449567829, 1, 19, 0),
(266, '50501449474418', '35331449567877', '35331449567877.jpg', 'upload/content/2015/12/08/35331449567877.jpg', 'jpg', 1, 15015, 1449567877, 1, 19, 0),
(267, '39351449474807', '57481449567916', '57481449567916.jpg', 'upload/content/2015/12/08/57481449567916.jpg', 'jpg', 1, 15044, 1449567916, 1, 19, 0),
(268, 'cross_banner_btn', '77021449634555', '77021449634555.png', 'upload/content/2015/12/09/77021449634555.png', 'png', 1, 4534, 1449634555, 1, 19, 0),
(269, 'cross_banner_img', '72321449634559', '72321449634559.png', 'upload/content/2015/12/09/72321449634559.png', 'png', 1, 62924, 1449634559, 1, 19, 0),
(270, 'cross_banner_btn', '88101449647861', '88101449647861.png', 'upload/content/2015/12/09/88101449647861.png', 'png', 1, 4534, 1449647861, 1, 19, 0),
(271, 'cross_banner_img', '28411449647867', '28411449647867.png', 'upload/content/2015/12/09/28411449647867.png', 'png', 1, 62924, 1449647867, 1, 19, 0),
(272, 'cross_banner_btn', '17911449803004', '17911449803004.png', 'upload/content/2015/12/11/17911449803004.png', 'png', 1, 13662, 1449803004, 1, 19, 0),
(273, 'cross_banner_img', '50341449804089', '50341449804089.png', 'upload/content/2015/12/11/50341449804089.png', 'png', 1, 87590, 1449804089, 1, 19, 0),
(274, 'cross_banner_btn', '74351449804215', '74351449804215.png', 'upload/content/2015/12/11/74351449804215.png', 'png', 1, 13662, 1449804215, 1, 19, 0),
(275, 'cross_banner_img', '98341449804220', '98341449804220.png', 'upload/content/2015/12/11/98341449804220.png', 'png', 1, 87590, 1449804220, 1, 19, 0),
(276, 'cross_banner_img', '93901449804698', '93901449804698.png', 'upload/content/2015/12/11/93901449804698.png', 'png', 1, 85943, 1449804698, 1, 19, 0),
(277, 'cross_banner_img', '3971449804713', '3971449804713.png', 'upload/content/2015/12/11/3971449804713.png', 'png', 1, 85943, 1449804713, 1, 19, 0),
(278, 'cross_banner_img', '17311449804863', '17311449804863.png', 'upload/content/2015/12/11/17311449804863.png', 'png', 1, 82778, 1449804863, 1, 19, 0),
(279, 'cross_banner_img', '62041449804871', '62041449804871.png', 'upload/content/2015/12/11/62041449804871.png', 'png', 1, 82778, 1449804871, 1, 19, 0),
(280, '1212bnr', '82571449812391', '82571449812391.jpg', 'upload/content/2015/12/11/82571449812391.jpg', 'jpg', 1, 111331, 1449812391, 1, 19, 0),
(281, '1212bnr', '34421449812454', '34421449812454.jpg', 'upload/content/2015/12/11/34421449812454.jpg', 'jpg', 1, 117334, 1449812454, 1, 19, 0),
(282, '1212', '18441449812485', '18441449812485.jpg', 'upload/content/2015/12/11/18441449812485.jpg', 'jpg', 1, 107486, 1449812485, 1, 19, 0),
(283, '1212', '74221449812709', '74221449812709.jpg', 'upload/content/2015/12/11/74221449812709.jpg', 'jpg', 1, 109152, 1449812709, 1, 19, 0),
(284, '0001', '48761449818238', '48761449818238.jpg', 'upload/content/2015/12/11/48761449818238.jpg', 'jpg', 1, 200388, 1449818238, 1, 19, 0),
(285, '0001', '921449818444', '921449818444.jpg', 'upload/content/2015/12/11/921449818444.jpg', 'jpg', 1, 209662, 1449818444, 1, 19, 0),
(286, '0001', '77091449819543', '77091449819543.jpg', 'upload/content/2015/12/11/77091449819543.jpg', 'jpg', 1, 239732, 1449819543, 1, 19, 0),
(287, '0001', '50981449821174', '50981449821174.jpg', 'upload/content/2015/12/11/50981449821174.jpg', 'jpg', 1, 300665, 1449821174, 1, 19, 0),
(288, '0001', '17601449821307', '17601449821307.jpg', 'upload/content/2015/12/11/17601449821307.jpg', 'jpg', 1, 301855, 1449821307, 1, 19, 0),
(289, '0001', '26791449821372', '26791449821372.jpg', 'upload/content/2015/12/11/26791449821372.jpg', 'jpg', 1, 301855, 1449821372, 1, 19, 0),
(290, 'sp', '63861449821731', '63861449821731.jpg', 'upload/content/2015/12/11/63861449821731.jpg', 'jpg', 1, 159485, 1449821731, 1, 19, 0),
(291, 'sp', '26291449821742', '26291449821742.jpg', 'upload/content/2015/12/11/26291449821742.jpg', 'jpg', 1, 159485, 1449821742, 1, 19, 0),
(292, 'bnr', '51601449823773', '51601449823773.jpg', 'upload/content/2015/12/11/51601449823773.jpg', 'jpg', 1, 158637, 1449823773, 1, 19, 0),
(293, 'bnr', '59051449823827', '59051449823827.jpg', 'upload/content/2015/12/11/59051449823827.jpg', 'jpg', 1, 158637, 1449823827, 1, 19, 0),
(294, 'pc', '8191450058965', '8191450058965.jpg', 'upload/content/2015/12/14/8191450058965.jpg', 'jpg', 1, 224277, 1450058965, 1, 19, 0),
(295, 'sp', '66971450058971', '66971450058971.jpg', 'upload/content/2015/12/14/66971450058971.jpg', 'jpg', 1, 133422, 1450058971, 1, 19, 0),
(296, 'bnr', '34231450059002', '34231450059002.jpg', 'upload/content/2015/12/14/34231450059002.jpg', 'jpg', 1, 145468, 1450059002, 1, 19, 0),
(297, 'cross_banner_btn', '76811450059027', '76811450059027.png', 'upload/content/2015/12/14/76811450059027.png', 'png', 1, 8545, 1450059027, 1, 19, 0),
(298, 'cross_banner_img', '7291450059034', '7291450059034.png', 'upload/content/2015/12/14/7291450059034.png', 'png', 1, 43769, 1450059034, 1, 19, 0),
(299, 'bnr', '35811450059102', '35811450059102.jpg', 'upload/content/2015/12/14/35811450059102.jpg', 'jpg', 1, 145468, 1450059102, 1, 19, 0),
(300, 'pc', '32881450059122', '32881450059122.jpg', 'upload/content/2015/12/14/32881450059122.jpg', 'jpg', 1, 224277, 1450059122, 1, 19, 0),
(301, 'sp', '26921450059128', '26921450059128.jpg', 'upload/content/2015/12/14/26921450059128.jpg', 'jpg', 1, 133422, 1450059128, 1, 19, 0),
(302, 'cross_banner_btn', '4311450059141', '4311450059141.png', 'upload/content/2015/12/14/4311450059141.png', 'png', 1, 8545, 1450059141, 1, 19, 0),
(303, 'cross_banner_img', '94721450059150', '94721450059150.png', 'upload/content/2015/12/14/94721450059150.png', 'png', 1, 43769, 1450059150, 1, 19, 0),
(304, '82181449022943', '35151450159107', '35151450159107.jpg', 'upload/content/2015/12/15/35151450159107.jpg', 'jpg', 1, 82238, 1450159107, 1, 19, 0),
(305, '82181449022943', '5391450159118', '5391450159118.jpg', 'upload/content/2015/12/15/5391450159118.jpg', 'jpg', 1, 82238, 1450159118, 1, 19, 0),
(306, '82181449022943', '17061450159130', '17061450159130.jpg', 'upload/content/2015/12/15/17061450159130.jpg', 'jpg', 1, 82238, 1450159130, 1, 19, 0),
(307, '82181449022943', '23471450159140', '23471450159140.jpg', 'upload/content/2015/12/15/23471450159140.jpg', 'jpg', 1, 82238, 1450159140, 1, 19, 0),
(308, '82181449022943', '76121450159149', '76121450159149.jpg', 'upload/content/2015/12/15/76121450159149.jpg', 'jpg', 1, 82238, 1450159149, 1, 19, 0),
(309, '15501448599873', '271450160517', '271450160517.jpg', 'upload/content/2015/12/15/271450160517.jpg', 'jpg', 1, 143422, 1450160517, 1, 19, 0),
(310, '15501448599873', '53341450160527', '53341450160527.jpg', 'upload/content/2015/12/15/53341450160527.jpg', 'jpg', 1, 143422, 1450160527, 1, 19, 0),
(311, '15501448599873', '52361450160541', '52361450160541.jpg', 'upload/content/2015/12/15/52361450160541.jpg', 'jpg', 1, 143422, 1450160541, 1, 19, 0),
(312, '15501448599873', '20441450160550', '20441450160550.jpg', 'upload/content/2015/12/15/20441450160550.jpg', 'jpg', 1, 143422, 1450160550, 1, 19, 0),
(313, 'pc', '95811450239664', '95811450239664.jpg', 'upload/content/2015/12/16/95811450239664.jpg', 'jpg', 1, 178308, 1450239664, 1, 19, 0),
(314, 'sp', '91041450239671', '91041450239671.jpg', 'upload/content/2015/12/16/91041450239671.jpg', 'jpg', 1, 78135, 1450239671, 1, 19, 0),
(315, 'pc', '59841450239683', '59841450239683.jpg', 'upload/content/2015/12/16/59841450239683.jpg', 'jpg', 1, 178308, 1450239683, 1, 19, 0),
(316, 'sp', '20391450239688', '20391450239688.jpg', 'upload/content/2015/12/16/20391450239688.jpg', 'jpg', 1, 78135, 1450239688, 1, 19, 0),
(317, 'pc', '40641450239711', '40641450239711.jpg', 'upload/content/2015/12/16/40641450239711.jpg', 'jpg', 1, 178308, 1450239711, 1, 19, 0),
(318, 'sp', '82241450239716', '82241450239716.jpg', 'upload/content/2015/12/16/82241450239716.jpg', 'jpg', 1, 78135, 1450239716, 1, 19, 0),
(319, 'pc', '46131450239788', '46131450239788.jpg', 'upload/content/2015/12/16/46131450239788.jpg', 'jpg', 1, 176669, 1450239788, 1, 19, 0),
(320, 'pc', '51221450239797', '51221450239797.jpg', 'upload/content/2015/12/16/51221450239797.jpg', 'jpg', 1, 176669, 1450239797, 1, 19, 0),
(321, 'pc', '531450239829', '531450239829.jpg', 'upload/content/2015/12/16/531450239829.jpg', 'jpg', 1, 176669, 1450239829, 1, 19, 0),
(322, 'bnr', '37131450239873', '37131450239873.jpg', 'upload/content/2015/12/16/37131450239873.jpg', 'jpg', 1, 400206, 1450239873, 1, 19, 0),
(323, 'bnr', '96631450239885', '96631450239885.jpg', 'upload/content/2015/12/16/96631450239885.jpg', 'jpg', 1, 400206, 1450239885, 1, 19, 0),
(324, 'sp', '73991450240726', '73991450240726.jpg', 'upload/content/2015/12/16/73991450240726.jpg', 'jpg', 1, 78135, 1450240726, 1, 19, 0),
(325, 'cross_banner_img', '63881450241249', '63881450241249.png', 'upload/content/2015/12/16/63881450241249.png', 'png', 1, 272100, 1450241249, 1, 19, 0),
(326, 'cross_banner_btn', '75581450241283', '75581450241283.png', 'upload/content/2015/12/16/75581450241283.png', 'png', 1, 4534, 1450241283, 1, 19, 0),
(327, 'cross_banner_btn', '15881450241306', '15881450241306.png', 'upload/content/2015/12/16/15881450241306.png', 'png', 1, 4534, 1450241306, 1, 19, 0),
(328, 'cross_banner_img', '78381450241311', '78381450241311.png', 'upload/content/2015/12/16/78381450241311.png', 'png', 1, 272100, 1450241311, 1, 19, 0),
(329, 'cross_banner_img', '40191450241551', '40191450241551.png', 'upload/content/2015/12/16/40191450241551.png', 'png', 1, 264199, 1450241551, 1, 19, 0),
(330, 'cross_banner_img', '99951450241698', '99951450241698.png', 'upload/content/2015/12/16/99951450241698.png', 'png', 1, 264199, 1450241698, 1, 19, 0),
(331, 'cross_banner_img', '31321450241733', '31321450241733.png', 'upload/content/2015/12/16/31321450241733.png', 'png', 1, 264199, 1450241733, 1, 19, 0),
(332, 'bnr', '27871450245454', '27871450245454.jpg', 'upload/content/2015/12/16/27871450245454.jpg', 'jpg', 1, 399910, 1450245454, 1, 19, 0),
(333, 'bnr', '36571450245463', '36571450245463.jpg', 'upload/content/2015/12/16/36571450245463.jpg', 'jpg', 1, 399910, 1450245463, 1, 19, 0),
(334, '36571450245463', '22291450250890', '22291450250890.jpg', 'upload/content/2015/12/16/22291450250890.jpg', 'jpg', 1, 56328, 1450250890, 1, 19, 0),
(335, '36571450245463', '36381450250967', '36381450250967.jpg', 'upload/content/2015/12/16/36381450250967.jpg', 'jpg', 1, 62945, 1450250967, 1, 19, 0),
(336, '36571450245463', '3471450251115', '3471450251115.jpg', 'upload/content/2015/12/16/3471450251115.jpg', 'jpg', 1, 35355, 1450251115, 1, 19, 0),
(337, '36571450245463', '581450251182', '581450251182.jpg', 'upload/content/2015/12/16/581450251182.jpg', 'jpg', 1, 44229, 1450251182, 1, 19, 0),
(338, '36571450245463', '94881450251321', '94881450251321.jpg', 'upload/content/2015/12/16/94881450251321.jpg', 'jpg', 1, 41247, 1450251321, 1, 19, 0),
(339, '46131450239788', '12871450253230', '12871450253230.jpg', 'upload/content/2015/12/16/12871450253230.jpg', 'jpg', 1, 354024, 1450253230, 1, 19, 0),
(340, '46131450239788', '28711450253247', '28711450253247.jpg', 'upload/content/2015/12/16/28711450253247.jpg', 'jpg', 1, 354024, 1450253247, 1, 19, 0),
(341, '46131450239788', '95331450253332', '95331450253332.jpg', 'upload/content/2015/12/16/95331450253332.jpg', 'jpg', 1, 357076, 1450253332, 1, 19, 0);
INSERT INTO `zh_upload` (`id`, `name`, `filename`, `basename`, `path`, `ext`, `image`, `size`, `uptime`, `state`, `uid`, `mid`) VALUES
(342, '46131450239788', '21621450254056', '21621450254056.jpg', 'upload/content/2015/12/16/21621450254056.jpg', 'jpg', 1, 350981, 1450254056, 1, 19, 0),
(343, 'bnr', '80611450254120', '80611450254120.jpg', 'upload/content/2015/12/16/80611450254120.jpg', 'jpg', 1, 399910, 1450254120, 1, 19, 0),
(344, 'bnr', '2551450254132', '2551450254132.jpg', 'upload/content/2015/12/16/2551450254132.jpg', 'jpg', 1, 399910, 1450254132, 1, 19, 0),
(345, 'cross_banner_btn', '18641450326293', '18641450326293.png', 'upload/content/2015/12/17/18641450326293.png', 'png', 1, 21539, 1450326293, 1, 19, 0),
(346, 'cross_banner_btn', '3191450326326', '3191450326326.png', 'upload/content/2015/12/17/3191450326326.png', 'png', 1, 28638, 1450326326, 1, 19, 0),
(347, 'cross_banner_btn', '69971450326351', '69971450326351.png', 'upload/content/2015/12/17/69971450326351.png', 'png', 1, 28638, 1450326351, 1, 19, 0),
(348, '02', '40881450327725', '40881450327725.png', 'upload/content/2015/12/17/40881450327725.png', 'png', 1, 83273, 1450327725, 1, 19, 0),
(349, '02', '98701450327781', '98701450327781.png', 'upload/content/2015/12/17/98701450327781.png', 'png', 1, 83273, 1450327781, 1, 19, 0),
(350, 'jpvisa_bnr', '52641450664387', '52641450664387.png', 'upload/content/2015/12/21/52641450664387.png', 'png', 1, 95915, 1450664387, 1, 19, 0),
(351, 'jpvisa_bnr', '14621450664457', '14621450664457.png', 'upload/content/2015/12/21/14621450664457.png', 'png', 1, 95915, 1450664457, 1, 19, 0),
(352, 'jpvisa_bnr', '34441450664524', '34441450664524.png', 'upload/content/2015/12/21/34441450664524.png', 'png', 1, 95915, 1450664524, 1, 19, 0),
(353, 'jpvisa_bnr', '12741450664569', '12741450664569.png', 'upload/content/2015/12/21/12741450664569.png', 'png', 1, 95915, 1450664569, 1, 19, 0),
(354, 'jpvisa_bnr', '16671450665087', '16671450665087.png', 'upload/content/2015/12/21/16671450665087.png', 'png', 1, 94493, 1450665087, 1, 19, 0),
(355, 'jpvisa_bnr', '69071450665239', '69071450665239.png', 'upload/content/2015/12/21/69071450665239.png', 'png', 1, 81207, 1450665239, 1, 19, 0),
(356, 'jpvisa_bnr', '29981450665501', '29981450665501.png', 'upload/content/2015/12/21/29981450665501.png', 'png', 1, 76246, 1450665501, 1, 19, 0),
(357, 'jpvisa_bnr', '42711450665534', '42711450665534.png', 'upload/content/2015/12/21/42711450665534.png', 'png', 1, 76246, 1450665534, 1, 19, 0),
(358, 'jpvisa_bnr', '4381450665556', '4381450665556.png', 'upload/content/2015/12/21/4381450665556.png', 'png', 1, 76246, 1450665556, 1, 19, 0),
(359, '531450239829', '56841450690828', '56841450690828.jpg', 'upload/content/2015/12/21/56841450690828.jpg', 'jpg', 1, 176669, 1450690828, 1, 19, 0),
(360, 'pc', '63581450854144', '63581450854144.jpg', 'upload/content/2015/12/23/63581450854144.jpg', 'jpg', 1, 173914, 1450854144, 1, 19, 0),
(361, 'sp02', '43721450854150', '43721450854150.jpg', 'upload/content/2015/12/23/43721450854150.jpg', 'jpg', 1, 74024, 1450854150, 1, 19, 0),
(362, 'pc', '16611450854159', '16611450854159.jpg', 'upload/content/2015/12/23/16611450854159.jpg', 'jpg', 1, 173914, 1450854159, 1, 19, 0),
(363, 'sp02', '80391450854166', '80391450854166.jpg', 'upload/content/2015/12/23/80391450854166.jpg', 'jpg', 1, 74024, 1450854166, 1, 19, 0),
(364, 'bnr02', '3681450854239', '3681450854239.jpg', 'upload/content/2015/12/23/3681450854239.jpg', 'jpg', 1, 398122, 1450854239, 1, 19, 0),
(365, 'bnr02', '72811450854255', '72811450854255.jpg', 'upload/content/2015/12/23/72811450854255.jpg', 'jpg', 1, 398122, 1450854255, 1, 19, 0),
(366, 'cross_banner_img02', '34701450854298', '34701450854298.png', 'upload/content/2015/12/23/34701450854298.png', 'png', 1, 214517, 1450854298, 1, 19, 0),
(367, 'pc', '1241450854332', '1241450854332.jpg', 'upload/content/2015/12/23/1241450854332.jpg', 'jpg', 1, 173736, 1450854332, 1, 19, 0),
(368, 'cross_banner_img02', '66611450854364', '66611450854364.png', 'upload/content/2015/12/23/66611450854364.png', 'png', 1, 214517, 1450854364, 1, 19, 0),
(369, 'cross_banner_img02', '46421450854385', '46421450854385.png', 'upload/content/2015/12/23/46421450854385.png', 'png', 1, 214517, 1450854385, 1, 19, 0),
(370, 'cross_banner_img02', '31551450854416', '31551450854416.png', 'upload/content/2015/12/23/31551450854416.png', 'png', 1, 214517, 1450854416, 1, 19, 0),
(371, 'cross_banner_img02', '51861450854522', '51861450854522.png', 'upload/content/2015/12/23/51861450854522.png', 'png', 1, 184670, 1450854522, 1, 19, 0),
(372, 'cross_banner_img02', '99581450854552', '99581450854552.png', 'upload/content/2015/12/23/99581450854552.png', 'png', 1, 184670, 1450854552, 1, 19, 0),
(373, 'pc02', '68631450854666', '68631450854666.jpg', 'upload/content/2015/12/23/68631450854666.jpg', 'jpg', 1, 174761, 1450854666, 1, 19, 0),
(374, 'pc02', '35541450854715', '35541450854715.jpg', 'upload/content/2015/12/23/35541450854715.jpg', 'jpg', 1, 174761, 1450854715, 1, 19, 0),
(375, 'bnr', '93351451294958', '93351451294958.jpg', 'upload/content/2015/12/28/93351451294958.jpg', 'jpg', 1, 418023, 1451294958, 1, 19, 0),
(376, 'bnr', '8841451294976', '8841451294976.jpg', 'upload/content/2015/12/28/8841451294976.jpg', 'jpg', 1, 418023, 1451294976, 1, 19, 0),
(377, 'pc', '38591451295026', '38591451295026.jpg', 'upload/content/2015/12/28/38591451295026.jpg', 'jpg', 1, 209472, 1451295026, 1, 19, 0),
(378, 'sp', '57271451295052', '57271451295052.jpg', 'upload/content/2015/12/28/57271451295052.jpg', 'jpg', 1, 92912, 1451295052, 1, 19, 0),
(379, 'pc', '83021451295079', '83021451295079.jpg', 'upload/content/2015/12/28/83021451295079.jpg', 'jpg', 1, 209472, 1451295079, 1, 19, 0),
(380, 'sp', '14041451295085', '14041451295085.jpg', 'upload/content/2015/12/28/14041451295085.jpg', 'jpg', 1, 92912, 1451295085, 1, 19, 0),
(381, 'cross_banner_btn', '57641451295138', '57641451295138.png', 'upload/content/2015/12/28/57641451295138.png', 'png', 1, 8747, 1451295138, 1, 19, 0),
(382, 'cross_banner_img', '31261451295152', '31261451295152.png', 'upload/content/2015/12/28/31261451295152.png', 'png', 1, 28002, 1451295152, 1, 19, 0),
(383, 'cross_banner_btn', '41581451295194', '41581451295194.png', 'upload/content/2015/12/28/41581451295194.png', 'png', 1, 8747, 1451295194, 1, 19, 0),
(384, 'cross_banner_img', '98731451295199', '98731451295199.png', 'upload/content/2015/12/28/98731451295199.png', 'png', 1, 28002, 1451295199, 1, 19, 0),
(385, '83021451295079-恢复的', '40001452149099', '40001452149099.jpg', 'upload/content/2016/01/07/40001452149099.jpg', 'jpg', 1, 143876, 1452149099, 1, 19, 0),
(386, 'cross_banner_btn', '21511452149247', '21511452149247.png', 'upload/content/2016/01/07/21511452149247.png', 'png', 1, 33395, 1452149247, 1, 19, 0),
(387, 'cross_banner_img', '62461452149278', '62461452149278.png', 'upload/content/2016/01/07/62461452149278.png', 'png', 1, 133617, 1452149278, 1, 19, 0),
(388, 'cross_banner_btn', '9001452149653', '9001452149653.png', 'upload/content/2016/01/07/9001452149653.png', 'png', 1, 33395, 1452149653, 1, 19, 0),
(389, 'sp', '81011452149697', '81011452149697.jpg', 'upload/content/2016/01/07/81011452149697.jpg', 'jpg', 1, 73133, 1452149697, 1, 19, 0),
(390, 'cross_banner_btn', '461452149858', '461452149858.png', 'upload/content/2016/01/07/461452149858.png', 'png', 1, 42858, 1452149858, 1, 19, 0),
(391, 'cross_banner_btn', '61521452149919', '61521452149919.png', 'upload/content/2016/01/07/61521452149919.png', 'png', 1, 42858, 1452149919, 1, 19, 0),
(392, 'cross_banner_btn', '47331452150061', '47331452150061.png', 'upload/content/2016/01/07/47331452150061.png', 'png', 1, 42921, 1452150061, 1, 19, 0),
(393, '83021451295079-恢复的', '98711452150269', '98711452150269.jpg', 'upload/content/2016/01/07/98711452150269.jpg', 'jpg', 1, 143876, 1452150269, 1, 19, 0),
(394, 'sp', '61701452150273', '61701452150273.jpg', 'upload/content/2016/01/07/61701452150273.jpg', 'jpg', 1, 73133, 1452150273, 1, 19, 0),
(395, 'cross_banner_btn', '59391452150369', '59391452150369.png', 'upload/content/2016/01/07/59391452150369.png', 'png', 1, 42921, 1452150369, 1, 19, 0),
(396, 'cross_banner_img', '74591452150375', '74591452150375.png', 'upload/content/2016/01/07/74591452150375.png', 'png', 1, 133617, 1452150375, 1, 19, 0),
(397, 'bnr', '74111452150772', '74111452150772.jpg', 'upload/content/2016/01/07/74111452150772.jpg', 'jpg', 1, 310368, 1452150772, 1, 19, 0),
(398, 'bnr', '20311452150857', '20311452150857.jpg', 'upload/content/2016/01/07/20311452150857.jpg', 'jpg', 1, 310368, 1452150857, 1, 19, 0),
(399, 'pc', '98661452151011', '98661452151011.jpg', 'upload/content/2016/01/07/98661452151011.jpg', 'jpg', 1, 142775, 1452151011, 1, 19, 0),
(400, 'pc', '11781452151019', '11781452151019.jpg', 'upload/content/2016/01/07/11781452151019.jpg', 'jpg', 1, 142775, 1452151019, 1, 19, 0),
(401, 'pc', '47221452151056', '47221452151056.jpg', 'upload/content/2016/01/07/47221452151056.jpg', 'jpg', 1, 142775, 1452151056, 1, 19, 0),
(402, 'pc', '71861452151115', '71861452151115.jpg', 'upload/content/2016/01/07/71861452151115.jpg', 'jpg', 1, 143876, 1452151115, 1, 19, 0),
(403, 'pc', '56301452158773', '56301452158773.jpg', 'upload/content/2016/01/07/56301452158773.jpg', 'jpg', 1, 143843, 1452158773, 1, 19, 0),
(404, 'pc', '49741452158825', '49741452158825.jpg', 'upload/content/2016/01/07/49741452158825.jpg', 'jpg', 1, 143843, 1452158825, 1, 19, 0),
(405, 'sp', '61031452158830', '61031452158830.jpg', 'upload/content/2016/01/07/61031452158830.jpg', 'jpg', 1, 73073, 1452158830, 1, 19, 0),
(406, 'pc', '19981452158839', '19981452158839.jpg', 'upload/content/2016/01/07/19981452158839.jpg', 'jpg', 1, 143843, 1452158839, 1, 19, 0),
(407, 'sp', '58401452158845', '58401452158845.jpg', 'upload/content/2016/01/07/58401452158845.jpg', 'jpg', 1, 73073, 1452158845, 1, 19, 0),
(408, 'bnr', '96411452159011', '96411452159011.jpg', 'upload/content/2016/01/07/96411452159011.jpg', 'jpg', 1, 309656, 1452159011, 1, 19, 0),
(409, 'bnr', '3271452159020', '3271452159020.jpg', 'upload/content/2016/01/07/3271452159020.jpg', 'jpg', 1, 309656, 1452159020, 1, 19, 0),
(410, 'Desert', '11711481190374', '11711481190374.jpg', 'upload/content/2016/12/08/11711481190374.jpg', 'jpg', 1, 845941, 1481190374, 1, 19, 0),
(411, '3171447133447', '10261482987960', '10261482987960.jpg', 'upload/content/2016/12/29/10261482987960.jpg', 'jpg', 1, 114202, 1482987960, 1, 19, 0),
(413, '3171447133447', '19091482987996', '19091482987996.jpg', 'upload/content/2016/12/29/19091482987996.jpg', 'jpg', 1, 114202, 1482987996, 1, 19, 0),
(414, '7411447130378', '58981482988097', '58981482988097.jpg', 'upload/content/2016/12/29/58981482988097.jpg', 'jpg', 1, 92907, 1482988097, 1, 19, 0),
(415, '7411447130378', '99221482988102', '99221482988102.jpg', 'upload/content/2016/12/29/99221482988102.jpg', 'jpg', 1, 92907, 1482988102, 1, 19, 0),
(416, 'kv_img_01', '79751482989139', '79751482989139.jpg', 'upload/content/2016/12/29/79751482989139.jpg', 'jpg', 1, 192724, 1482989139, 1, 19, 0),
(417, 'kv_img_01', '48771482989143', '48771482989143.jpg', 'upload/content/2016/12/29/48771482989143.jpg', 'jpg', 1, 192724, 1482989143, 1, 19, 0),
(418, 'kv_img_01', '2191482989153', '2191482989153.jpg', 'upload/content/2016/12/29/2191482989153.jpg', 'jpg', 1, 192724, 1482989153, 1, 19, 0),
(419, 'kv_img_01', '11131482989157', '11131482989157.jpg', 'upload/content/2016/12/29/11131482989157.jpg', 'jpg', 1, 192724, 1482989157, 1, 19, 0),
(420, 'kv_img_01', '39021482989220', '39021482989220.jpg', 'upload/content/2016/12/29/39021482989220.jpg', 'jpg', 1, 111772, 1482989220, 1, 19, 0),
(421, 'kv_img_01', '30291482989228', '30291482989228.jpg', 'upload/content/2016/12/29/30291482989228.jpg', 'jpg', 1, 111772, 1482989228, 1, 19, 0),
(422, 'kv_img_01pc', '35851482990146', '35851482990146.jpg', 'upload/content/2016/12/29/35851482990146.jpg', 'jpg', 1, 192724, 1482990146, 1, 19, 0),
(423, 'kv_img_01', '62911482990150', '62911482990150.jpg', 'upload/content/2016/12/29/62911482990150.jpg', 'jpg', 1, 111772, 1482990150, 1, 19, 0),
(424, 'kv_img_01pc', '11601482990183', '11601482990183.jpg', 'upload/content/2016/12/29/11601482990183.jpg', 'jpg', 1, 192724, 1482990183, 1, 19, 0),
(425, 'kv_img_01', '96791482990187', '96791482990187.jpg', 'upload/content/2016/12/29/96791482990187.jpg', 'jpg', 1, 111772, 1482990187, 1, 19, 0),
(426, 'kv_img_01pc', '26451482990211', '26451482990211.jpg', 'upload/content/2016/12/29/26451482990211.jpg', 'jpg', 1, 192724, 1482990211, 1, 19, 0),
(427, 'kv_img_01', '28591482990216', '28591482990216.jpg', 'upload/content/2016/12/29/28591482990216.jpg', 'jpg', 1, 111772, 1482990216, 1, 19, 0);

-- --------------------------------------------------------

--
-- テーブルの構造 `zh_user`
--

CREATE TABLE IF NOT EXISTS `zh_user` (
  `uid` int(10) unsigned NOT NULL AUTO_INCREMENT,
  `nickname` char(30) NOT NULL DEFAULT '' COMMENT '昵称',
  `username` char(30) NOT NULL DEFAULT '',
  `password` char(40) NOT NULL DEFAULT '',
  `code` char(30) NOT NULL DEFAULT '' COMMENT '密码key',
  `email` char(30) NOT NULL DEFAULT '' COMMENT '邮箱',
  `validatecode` char(50) NOT NULL DEFAULT '' COMMENT '邮箱验证key',
  `regtime` int(11) NOT NULL DEFAULT '0' COMMENT '注册时间',
  `logintime` int(10) unsigned NOT NULL DEFAULT '0' COMMENT '登录时间',
  `regip` char(255) NOT NULL DEFAULT '' COMMENT '注册IP',
  `lastip` char(15) NOT NULL DEFAULT '' COMMENT '最后登录ip',
  `user_state` tinyint(1) NOT NULL DEFAULT '1' COMMENT '1  正常  0 锁定',
  `lock_end_time` int(10) NOT NULL DEFAULT '0' COMMENT '锁定到期时间',
  `qq` char(20) NOT NULL DEFAULT '' COMMENT 'qq号码',
  `sex` tinyint(1) NOT NULL DEFAULT '1' COMMENT '1 男 2 女 3 保密',
  `favicon` varchar(255) NOT NULL DEFAULT '' COMMENT '头像',
  `credits` int(10) unsigned NOT NULL DEFAULT '0' COMMENT '积分',
  `rid` smallint(5) unsigned NOT NULL DEFAULT '0' COMMENT '角色id',
  `allow_user_set_credits` tinyint(1) unsigned NOT NULL DEFAULT '1' COMMENT '允许前台会员设置投稿积分',
  `signature` varchar(255) NOT NULL DEFAULT '' COMMENT '个性签名',
  `domain` char(20) NOT NULL DEFAULT '' COMMENT '个性域名',
  `spec_num` mediumint(9) unsigned NOT NULL DEFAULT '0' COMMENT '空间访问数',
  `icon` varchar(255) NOT NULL DEFAULT '' COMMENT '头像',
  `language` char(20) NOT NULL DEFAULT '''''' COMMENT '选择语言',
  `suppliers_id` smallint(5) unsigned DEFAULT '0',
  `agency_id` smallint(5) unsigned NOT NULL COMMENT '该管理员负责的办事处的id，同zh_agency的agency_id字段。如果管理员没负责办事处，则此处为0',
  `user_money` decimal(10,2) NOT NULL DEFAULT '0.00' COMMENT '用户现有资金',
  `pay_points` int(10) unsigned NOT NULL DEFAULT '0' COMMENT '消费积分',
  `user_rank` tinyint(3) unsigned NOT NULL DEFAULT '0' COMMENT '会员登记id，取值zh_user_rank',
  `rank_points` int(10) unsigned NOT NULL DEFAULT '0' COMMENT '会员等级积分',
  PRIMARY KEY (`uid`),
  UNIQUE KEY `username` (`username`),
  UNIQUE KEY `nickname` (`nickname`),
  UNIQUE KEY `domain` (`domain`),
  KEY `password` (`password`),
  KEY `credits` (`credits`)
) ENGINE=MyISAM  DEFAULT CHARSET=utf8 COMMENT='会员表' AUTO_INCREMENT=36 ;

--
-- テーブルのデータのダンプ `zh_user`
--

INSERT INTO `zh_user` (`uid`, `nickname`, `username`, `password`, `code`, `email`, `validatecode`, `regtime`, `logintime`, `regip`, `lastip`, `user_state`, `lock_end_time`, `qq`, `sex`, `favicon`, `credits`, `rid`, `allow_user_set_credits`, `signature`, `domain`, `spec_num`, `icon`, `language`, `suppliers_id`, `agency_id`, `user_money`, `pay_points`, `user_rank`, `rank_points`) VALUES
(1, 'test', 'test', '8f6b4a6f71a604a8e6309aa45ea0affe', '392b529bed', '136871204@qq.com', '', 1432112415, 1482995299, '127.0.0.1', '127.0.0.1', 1, 0, '', 1, '', 0, 1, 1, '', 'test', 1, '', 'zh', 0, 0, '0.00', 0, 0, 0),
(19, 'super', 'super', 'fbe5c06e037f602ff968848005575bbe', 'f99d0a53ed', 'super@qq.com', '', 1441074238, 1482999308, '127.0.0.1', '127.0.0.1', 1, 0, '', 1, '', 100, 18, 1, '', 'zhcms19', 0, '', 'zh', 0, 0, '0.00', 0, 0, 0);

-- --------------------------------------------------------

--
-- テーブルの構造 `zh_user_bonus`
--

CREATE TABLE IF NOT EXISTS `zh_user_bonus` (
  `bonus_id` mediumint(8) unsigned NOT NULL AUTO_INCREMENT COMMENT '红包的流水号',
  `bonus_type_id` tinyint(3) unsigned NOT NULL DEFAULT '0' COMMENT '红包发送类型.0,按用户如会员等级,会员名称发放;1,按商品类别发送;2,按订单金额所达到的额度发送;3,线下发送',
  `bonus_sn` bigint(20) unsigned NOT NULL DEFAULT '0' COMMENT '红包号,如果为0就是没有红包号.如果大于0,就需要输入该红包号才能使用红包',
  `user_id` mediumint(8) unsigned NOT NULL DEFAULT '0' COMMENT '该红包属于某会员的id.如果为0,就是该红包不属于某会员',
  `used_time` int(10) unsigned NOT NULL DEFAULT '0' COMMENT '红包使用的时间',
  `order_id` mediumint(8) unsigned NOT NULL DEFAULT '0' COMMENT '使用了该红包的交易号',
  `emailed` tinyint(3) unsigned NOT NULL DEFAULT '0' COMMENT '猜的，应该是是否已经将红包发送到用户的邮箱；1，是；0，否；',
  PRIMARY KEY (`bonus_id`),
  KEY `user_id` (`user_id`)
) ENGINE=MyISAM  DEFAULT CHARSET=utf8 COMMENT='已经发送的红包信息列表' AUTO_INCREMENT=42 ;

--
-- テーブルのデータのダンプ `zh_user_bonus`
--

INSERT INTO `zh_user_bonus` (`bonus_id`, `bonus_type_id`, `bonus_sn`, `user_id`, `used_time`, `order_id`, `emailed`) VALUES
(1, 3, 0, 1, 1242142681, 4, 0),
(2, 4, 1000003379, 1, 1242976699, 14, 0),
(3, 4, 1000018450, 0, 0, 0, 0),
(4, 4, 1000023774, 0, 0, 0, 0),
(5, 4, 1000039394, 0, 0, 0, 0),
(6, 4, 1000049305, 0, 0, 0, 0),
(7, 4, 1000052248, 0, 0, 0, 0),
(8, 4, 1000061542, 0, 0, 0, 0),
(9, 4, 1000070278, 0, 0, 0, 0),
(10, 4, 1000080588, 0, 0, 0, 0),
(11, 4, 1000091405, 0, 0, 0, 0),
(24, 3, 0, 1, 0, 0, 0),
(25, 3, 0, 1, 0, 0, 0),
(26, 3, 0, 1, 0, 0, 0),
(27, 3, 0, 1, 0, 0, 0),
(28, 3, 0, 1, 0, 0, 0),
(29, 3, 0, 1, 0, 0, 0),
(30, 3, 0, 1, 0, 0, 0),
(31, 3, 0, 1, 0, 0, 0),
(32, 5, 0, 1, 0, 0, 1),
(33, 5, 0, 14, 0, 0, 1),
(34, 5, 0, 15, 0, 0, 1),
(35, 5, 0, 16, 0, 0, 1),
(36, 5, 0, 18, 0, 0, 1),
(37, 5, 0, 1, 0, 0, 1),
(38, 5, 0, 14, 0, 0, 1),
(39, 5, 0, 15, 0, 0, 1),
(40, 5, 0, 16, 0, 0, 1),
(41, 5, 0, 18, 0, 0, 1);

-- --------------------------------------------------------

--
-- テーブルの構造 `zh_user_deny_ip`
--

CREATE TABLE IF NOT EXISTS `zh_user_deny_ip` (
  `ip` char(15) NOT NULL DEFAULT '' COMMENT '拒绝访问ip',
  UNIQUE KEY `ip` (`ip`)
) ENGINE=MyISAM DEFAULT CHARSET=utf8 COMMENT='拒绝访问ip';

-- --------------------------------------------------------

--
-- テーブルの構造 `zh_user_dynamic`
--

CREATE TABLE IF NOT EXISTS `zh_user_dynamic` (
  `did` int(10) unsigned NOT NULL AUTO_INCREMENT,
  `uid` int(11) unsigned NOT NULL DEFAULT '0' COMMENT '用户uid',
  `content` text NOT NULL COMMENT '内容',
  `addtime` int(11) NOT NULL DEFAULT '0' COMMENT '时间',
  PRIMARY KEY (`did`)
) ENGINE=MyISAM  DEFAULT CHARSET=utf8 COMMENT='会员动态' AUTO_INCREMENT=129 ;

--
-- テーブルのデータのダンプ `zh_user_dynamic`
--

INSERT INTO `zh_user_dynamic` (`did`, `uid`, `content`, `addtime`) VALUES
(1, 1, '发表了文章：<a target=''_blank'' href=''http://192.168.1.105:8092/mycms/index.php?a=Index&c=Index&m=content&mid=7&cid=4&aid=19''>测试1</a>', 1433749772),
(2, 1, '发表了文章：<a target=''_blank'' href=''http://192.168.1.105:8092/mycms/index.php?a=Index&c=Index&m=content&mid=7&cid=4&aid=20''>测试2</a>', 1433750089),
(3, 1, '发表了文章：<a target=''_blank'' href=''http://localhost:8092/mycms/index.php?a=Index&c=Index&m=content&mid=7&cid=4&aid=21''>测试3</a>', 1436348433),
(4, 1, '发表了文章：<a target=''_blank'' href=''http://localhost:8092/mycms/index.php?a=Index&c=Index&m=content&mid=7&cid=4&aid=22''>测试4</a>', 1436843283),
(5, 1, '发表了文章：<a target=''_blank'' href=''http://localhost:8092/mycms/index.php?a=Index&c=Index&m=content&mid=7&cid=4&aid=23''>测试5</a>', 1436843289),
(6, 1, '发表了文章：<a target=''_blank'' href=''http://localhost:8092/mycms/index.php?a=Index&c=Index&m=content&mid=7&cid=4&aid=24''>banner1</a>', 1437447731),
(7, 1, '发表了文章：<a target=''_blank'' href=''http://admin.his.com/index.php?a=Index&c=Index&m=content&mid=7&cid=4&aid=25''>111</a>', 1442395375),
(8, 1, '发表了文章：<a target=''_blank'' href=''http://admin.his.com/index.php?a=Index&c=Index&m=content&mid=8&cid=6&aid=19''>banner1</a>', 1442398097),
(9, 1, '发表了文章：<a target=''_blank'' href=''http://admin.his.com/index.php?a=Index&c=Index&m=content&mid=8&cid=6&aid=20''>主站banner2</a>', 1442399128),
(10, 1, '发表了文章：<a target=''_blank'' href=''http://admin.his.com/index.php?a=Index&c=Index&m=content&mid=8&cid=6&aid=21''>上海站点banner1</a>', 1442399263),
(11, 1, '发表了文章：<a target=''_blank'' href=''http://admin.his.com/index.php?a=Index&c=Index&m=content&mid=8&cid=6&aid=22''>上海站点banner2</a>', 1442399291),
(12, 1, '发表了文章：<a target=''_blank'' href=''http://admin.his.com/index.php?a=Index&c=Index&m=content&mid=8&cid=6&aid=23''>主站banner3</a>', 1442399832),
(13, 1, '发表了文章：<a target=''_blank'' href=''http://admin.his.com/index.php?a=Index&c=Index&m=content&mid=8&cid=6&aid=24''>北京首页banner1</a>', 1442464686),
(14, 1, '发表了文章：<a target=''_blank'' href=''http://admin.his.com/index.php?a=Index&c=Index&m=content&mid=8&cid=6&aid=25''>北京首页banner2</a>', 1442464706),
(15, 1, '发表了文章：<a target=''_blank'' href=''http://admin.his.com/index.php?a=Index&c=Index&m=content&mid=8&cid=6&aid=26''>苏州首页banner1</a>', 1442464739),
(16, 1, '发表了文章：<a target=''_blank'' href=''http://admin.his.com/index.php?a=Index&c=Index&m=content&mid=8&cid=6&aid=27''>苏州首页banner2</a>', 1442464752),
(17, 1, '发表了文章：<a target=''_blank'' href=''http://admin.his.com/index.php?a=Index&c=Index&m=content&mid=8&cid=6&aid=28''>其他站点banner1</a>', 1442464773),
(18, 1, '发表了文章：<a target=''_blank'' href=''http://admin.his.com/index.php?a=Index&c=Index&m=content&mid=8&cid=6&aid=29''>其他站点banner2</a>', 1442464786),
(19, 1, '发表了文章：<a target=''_blank'' href=''http://admin.his.com/index.php?a=Index&c=Index&m=content&mid=9&cid=7&aid=19''>全国banner1</a>', 1442827936),
(20, 1, '发表了文章：<a target=''_blank'' href=''http://admin.his.com/index.php?a=Index&c=Index&m=content&mid=9&cid=7&aid=20''>全国站banner2</a>', 1442827956),
(21, 1, '发表了文章：<a target=''_blank'' href=''http://admin.his.com/index.php?a=Index&c=Index&m=content&mid=9&cid=7&aid=21''>上海站banner1</a>', 1442827984),
(22, 1, '发表了文章：<a target=''_blank'' href=''http://admin.his.com/index.php?a=Index&c=Index&m=content&mid=9&cid=7&aid=22''>北京站banner1</a>', 1442828004),
(23, 1, '发表了文章：<a target=''_blank'' href=''http://admin.his.com/index.php?a=Index&c=Index&m=content&mid=9&cid=7&aid=23''>苏州站banner1</a>', 1442828028),
(24, 1, '发表了文章：<a target=''_blank'' href=''http://admin.his.com/index.php?a=Index&c=Index&m=content&mid=9&cid=7&aid=24''>其他站banner1</a>', 1442828046),
(25, 1, '发表了文章：<a target=''_blank'' href=''http://admin.his.com/index.php?a=Index&c=Index&m=content&mid=10&cid=8&aid=19''>全国站banner1</a>', 1442828740),
(26, 1, '发表了文章：<a target=''_blank'' href=''http://admin.his.com/index.php?a=Index&c=Index&m=content&mid=10&cid=8&aid=20''>全国站banner2</a>', 1442828754),
(27, 1, '发表了文章：<a target=''_blank'' href=''http://admin.his.com/index.php?a=Index&c=Index&m=content&mid=10&cid=8&aid=21''>全国站banner3</a>', 1442828771),
(28, 1, '发表了文章：<a target=''_blank'' href=''http://admin.his.com/index.php?a=Index&c=Index&m=content&mid=10&cid=8&aid=22''>上海站banner1</a>', 1442828792),
(29, 1, '发表了文章：<a target=''_blank'' href=''http://admin.his.com/index.php?a=Index&c=Index&m=content&mid=10&cid=8&aid=23''>北京站banner1</a>', 1442828806),
(30, 1, '发表了文章：<a target=''_blank'' href=''http://admin.his.com/index.php?a=Index&c=Index&m=content&mid=10&cid=8&aid=24''>苏州站banner1</a>', 1442828819),
(31, 1, '发表了文章：<a target=''_blank'' href=''http://admin.his.com/index.php?a=Index&c=Index&m=content&mid=10&cid=8&aid=25''>其他站banner1</a>', 1442828831),
(32, 1, '发表了文章：<a target=''_blank'' href=''http://admin.his.com/index.php?a=Index&c=Index&m=content&mid=11&cid=9&aid=19''>全国banner1</a>', 1442829401),
(33, 1, '发表了文章：<a target=''_blank'' href=''http://admin.his.com/index.php?a=Index&c=Index&m=content&mid=11&cid=9&aid=20''>全国站banner2</a>', 1442829419),
(34, 1, '发表了文章：<a target=''_blank'' href=''http://admin.his.com/index.php?a=Index&c=Index&m=content&mid=11&cid=9&aid=21''>全国站banner3</a>', 1442829432),
(35, 1, '发表了文章：<a target=''_blank'' href=''http://admin.his.com/index.php?a=Index&c=Index&m=content&mid=11&cid=9&aid=22''>上海站banner1</a>', 1442829445),
(36, 1, '发表了文章：<a target=''_blank'' href=''http://admin.his.com/index.php?a=Index&c=Index&m=content&mid=11&cid=9&aid=23''>北京站banner1</a>', 1442829457),
(37, 1, '发表了文章：<a target=''_blank'' href=''http://admin.his.com/index.php?a=Index&c=Index&m=content&mid=11&cid=9&aid=24''>苏州站banner1</a>', 1442829468),
(38, 1, '发表了文章：<a target=''_blank'' href=''http://admin.his.com/index.php?a=Index&c=Index&m=content&mid=11&cid=9&aid=25''>其他站banner1</a>', 1442829482),
(39, 1, '发表了文章：<a target=''_blank'' href=''http://admin.his.com/index.php?a=Index&c=Index&m=content&mid=8&cid=6&aid=30''>全国banner1</a>', 1445590556),
(40, 1, '发表了文章：<a target=''_blank'' href=''http://admin.his.com/index.php?a=Index&c=Index&m=content&mid=8&cid=6&aid=31''>全国banner1</a>', 1445590562),
(41, 1, '发表了文章：<a target=''_blank'' href=''http://admin.his.com/index.php?a=Index&c=Index&m=content&mid=8&cid=6&aid=32''>全国banner1</a>', 1445590615),
(42, 1, '发表了文章：<a target=''_blank'' href=''http://admin.his.com/index.php?a=Index&c=Index&m=content&mid=8&cid=6&aid=33''>全国banner1</a>', 1445590714),
(43, 1, '发表了文章：<a target=''_blank'' href=''http://admin.his.com/index.php?a=Index&c=Index&m=content&mid=8&cid=6&aid=35''>全国banner1</a>', 1445590989),
(44, 19, '发表了文章：<a target=''_blank'' href=''http://admin.his.com/index.php?a=Index&c=Index&m=content&mid=8&cid=6&aid=36''>上海站banner1</a>', 1445591037),
(45, 19, '发表了文章：<a target=''_blank'' href=''http://admin.his.com/index.php?a=Index&c=Index&m=content&mid=8&cid=6&aid=37''>北京站banner1</a>', 1445591049),
(46, 19, '发表了文章：<a target=''_blank'' href=''http://admin.his.com/index.php?a=Index&c=Index&m=content&mid=8&cid=6&aid=38''>其他站banner1</a>', 1445591061),
(47, 19, '发表了文章：<a target=''_blank'' href=''http://admin.his.com/index.php?a=Index&c=Index&m=content&mid=8&cid=6&aid=39''>全国站banner2</a>', 1445592635),
(48, 19, '发表了文章：<a target=''_blank'' href=''http://trip.metaphasedemo.com/index.php?a=Index&c=Index&m=content&mid=9&cid=7&aid=25''>JapanHotNow</a>', 1447131822),
(49, 19, '发表了文章：<a target=''_blank'' href=''http://trip.metaphasedemo.com/index.php?a=Index&c=Index&m=content&mid=9&cid=7&aid=26''>JapanHotNow</a>', 1447131841),
(50, 19, '发表了文章：<a target=''_blank'' href=''http://trip.metaphasedemo.com/index.php?a=Index&c=Index&m=content&mid=9&cid=7&aid=27''>JapanHotNow</a>', 1447131855),
(51, 19, '发表了文章：<a target=''_blank'' href=''http://trip.metaphasedemo.com/index.php?a=Index&c=Index&m=content&mid=10&cid=8&aid=26''>JapanHotNow</a>', 1447131952),
(52, 19, '发表了文章：<a target=''_blank'' href=''http://trip.metaphasedemo.com/index.php?a=Index&c=Index&m=content&mid=11&cid=9&aid=26''>JapanHotNow</a>', 1447131991),
(53, 19, '发表了文章：<a target=''_blank'' href=''http://trip.metaphasedemo.com/index.php?a=Index&c=Index&m=content&mid=11&cid=9&aid=27''>JR RAIL PASS</a>', 1447132036),
(54, 19, '发表了文章：<a target=''_blank'' href=''http://trip.metaphasedemo.com/index.php?a=Index&c=Index&m=content&mid=11&cid=9&aid=28''>JR RAIL PASS</a>', 1447132083),
(55, 19, '发表了文章：<a target=''_blank'' href=''http://trip.metaphasedemo.com/index.php?a=Index&c=Index&m=content&mid=11&cid=9&aid=29''>JR RAIL PASS</a>', 1447132096),
(56, 19, '发表了文章：<a target=''_blank'' href=''http://trip.metaphasedemo.com/index.php?a=Index&c=Index&m=content&mid=11&cid=9&aid=30''>JR RAIL PASS</a>', 1447132106),
(57, 19, '发表了文章：<a target=''_blank'' href=''http://trip.metaphasedemo.com/index.php?a=Index&c=Index&m=content&mid=11&cid=9&aid=31''>JapanHotNow</a>', 1447132144),
(58, 19, '发表了文章：<a target=''_blank'' href=''http://trip.metaphasedemo.com/index.php?a=Index&c=Index&m=content&mid=11&cid=9&aid=32''>JapanHotNow</a>', 1447132156),
(59, 19, '发表了文章：<a target=''_blank'' href=''http://trip.metaphasedemo.com/index.php?a=Index&c=Index&m=content&mid=11&cid=9&aid=33''>JapanHotNow</a>', 1447132167),
(60, 19, '发表了文章：<a target=''_blank'' href=''http://trip.metaphasedemo.com/index.php?a=Index&c=Index&m=content&mid=10&cid=8&aid=27''>HAnavi</a>', 1447132246),
(61, 19, '发表了文章：<a target=''_blank'' href=''http://trip.metaphasedemo.com/index.php?a=Index&c=Index&m=content&mid=11&cid=9&aid=34''>医疗旅途日本</a>', 1447132373),
(62, 19, '发表了文章：<a target=''_blank'' href=''http://trip.metaphasedemo.com/index.php?a=Index&c=Index&m=content&mid=11&cid=9&aid=35''>医疗旅途日本</a>', 1447132405),
(63, 19, '发表了文章：<a target=''_blank'' href=''http://www.his-china.cn/index.php?a=Index&c=Index&m=content&mid=8&cid=6&aid=40''>歌诗达赛琳娜号</a>', 1447398495),
(64, 19, '发表了文章：<a target=''_blank'' href=''http://www.his-china.cn/index.php?a=Index&c=Index&m=content&mid=8&cid=6&aid=41''>全国2</a>', 1447639592),
(65, 19, '发表了文章：<a target=''_blank'' href=''http://www.his-china.cn/index.php?a=Index&c=Index&m=content&mid=11&cid=9&aid=36''>医疗旅途日本 北京站</a>', 1447662592),
(66, 19, '发表了文章：<a target=''_blank'' href=''http://www.his-china.cn/index.php?a=Index&c=Index&m=content&mid=11&cid=9&aid=37''>医疗旅途日本 其他</a>', 1447662612),
(67, 19, '发表了文章：<a target=''_blank'' href=''http://www.his-china.cn/index.php?a=Index&c=Index&m=content&mid=11&cid=9&aid=38''>我住在这里的理由 全国</a>', 1447739120),
(68, 19, '发表了文章：<a target=''_blank'' href=''http://www.his-china.cn/index.php?a=Index&c=Index&m=content&mid=11&cid=9&aid=39''>我住在这里的理由 上海</a>', 1447739145),
(69, 19, '发表了文章：<a target=''_blank'' href=''http://www.his-china.cn/index.php?a=Index&c=Index&m=content&mid=11&cid=9&aid=40''>我住在这里的理由 北京站</a>', 1447739184),
(70, 19, '发表了文章：<a target=''_blank'' href=''http://www.his-china.cn/index.php?a=Index&c=Index&m=content&mid=11&cid=9&aid=41''>我住在这里的理由 其他</a>', 1447739206),
(71, 19, '发表了文章：<a target=''_blank'' href=''http://www.his-china.cn/index.php?a=Index&c=Index&m=content&mid=10&cid=8&aid=28''>jrpass 其他</a>', 1447820063),
(72, 19, '发表了文章：<a target=''_blank'' href=''http://www.his-china.cn/index.php?a=Index&c=Index&m=content&mid=10&cid=8&aid=29''>ass 上海</a>', 1447820090),
(73, 19, '发表了文章：<a target=''_blank'' href=''http://www.his-china.cn/index.php?a=Index&c=Index&m=content&mid=10&cid=8&aid=30''>jrpass 北京</a>', 1447820117),
(74, 19, '发表了文章：<a target=''_blank'' href=''http://www.his-china.cn/index.php?a=Index&c=Index&m=content&mid=10&cid=8&aid=31''>jrpass 全国</a>', 1447820151),
(75, 19, '发表了文章：<a target=''_blank'' href=''http://www.his-china.cn/index.php?a=Index&c=Index&m=content&mid=8&cid=6&aid=42''>全国banner2</a>', 1447911000),
(76, 19, '发表了文章：<a target=''_blank'' href=''http://www.his-china.cn/index.php?a=Index&c=Index&m=content&mid=8&cid=6&aid=43''>aaaa</a>', 1448246132),
(77, 19, '发表了文章：<a target=''_blank'' href=''http://www.his-china.cn/index.php?a=Index&c=Index&m=content&mid=8&cid=6&aid=44''>其他站banner2</a>', 1448600189),
(78, 19, '发表了文章：<a target=''_blank'' href=''http://www.his-china.cn/index.php?a=Index&c=Index&m=content&mid=8&cid=6&aid=45''>北京站banner2</a>', 1448600229),
(79, 19, '发表了文章：<a target=''_blank'' href=''http://www.his-china.cn/index.php?a=Index&c=Index&m=content&mid=8&cid=6&aid=46''>上海站banner1</a>', 1448600267),
(80, 19, '发表了文章：<a target=''_blank'' href=''http://www.his-china.cn/index.php?a=Index&c=Index&m=content&mid=10&cid=8&aid=32''>HAnavi中国</a>', 1448600505),
(81, 19, '发表了文章：<a target=''_blank'' href=''http://www.his-china.cn/index.php?a=Index&c=Index&m=content&mid=10&cid=8&aid=33''>gurunabi中国</a>', 1448600584),
(82, 19, '发表了文章：<a target=''_blank'' href=''http://www.his-china.cn/index.php?a=Index&c=Index&m=content&mid=10&cid=8&aid=34''>HAnavi上海</a>', 1448600656),
(83, 19, '发表了文章：<a target=''_blank'' href=''http://www.his-china.cn/index.php?a=Index&c=Index&m=content&mid=10&cid=8&aid=35''>HAnavi北京</a>', 1448600693),
(84, 19, '发表了文章：<a target=''_blank'' href=''http://www.his-china.cn/index.php?a=Index&c=Index&m=content&mid=10&cid=8&aid=36''>HAnavi其他</a>', 1448600719),
(85, 19, '发表了文章：<a target=''_blank'' href=''http://www.his-china.cn/index.php?a=Index&c=Index&m=content&mid=10&cid=8&aid=37''>gurunabi上海</a>', 1448600793),
(86, 19, '发表了文章：<a target=''_blank'' href=''http://www.his-china.cn/index.php?a=Index&c=Index&m=content&mid=10&cid=8&aid=38''>gurunabi北京</a>', 1448600825),
(87, 19, '发表了文章：<a target=''_blank'' href=''http://www.his-china.cn/index.php?a=Index&c=Index&m=content&mid=10&cid=8&aid=39''>gurunabi其他</a>', 1448600856),
(88, 19, '发表了文章：<a target=''_blank'' href=''http://www.his-china.cn/index.php?a=Index&c=Index&m=content&mid=11&cid=9&aid=42''>coupon全国</a>', 1449459810),
(89, 19, '发表了文章：<a target=''_blank'' href=''http://www.his-china.cn/index.php?a=Index&c=Index&m=content&mid=11&cid=9&aid=43''>coupon上海</a>', 1449460078),
(90, 19, '发表了文章：<a target=''_blank'' href=''http://www.his-china.cn/index.php?a=Index&c=Index&m=content&mid=11&cid=9&aid=44''>coupon北京</a>', 1449460154),
(91, 19, '发表了文章：<a target=''_blank'' href=''http://www.his-china.cn/index.php?a=Index&c=Index&m=content&mid=11&cid=9&aid=45''>coupon其他</a>', 1449460190),
(92, 19, '发表了文章：<a target=''_blank'' href=''http://www.his-china.cn/index.php?a=Index&c=Index&m=content&mid=10&cid=8&aid=40''>去哪儿-中国</a>', 1449473343),
(93, 19, '发表了文章：<a target=''_blank'' href=''http://www.his-china.cn/index.php?a=Index&c=Index&m=content&mid=10&cid=8&aid=41''>去哪儿-中国2</a>', 1449474243),
(94, 19, '发表了文章：<a target=''_blank'' href=''http://www.his-china.cn/index.php?a=Index&c=Index&m=content&mid=10&cid=8&aid=42''>去哪儿-中国3</a>', 1449474343),
(95, 19, '发表了文章：<a target=''_blank'' href=''http://www.his-china.cn/index.php?a=Index&c=Index&m=content&mid=10&cid=8&aid=43''>去哪儿-中国4</a>', 1449474431),
(96, 19, '发表了文章：<a target=''_blank'' href=''http://www.his-china.cn/index.php?a=Index&c=Index&m=content&mid=10&cid=8&aid=44''>去哪儿-中国5</a>', 1449474811),
(97, 19, '发表了文章：<a target=''_blank'' href=''http://www.his-china.cn/index.php?a=Index&c=Index&m=content&mid=10&cid=8&aid=45''>去哪儿-中国1</a>', 1449546837),
(98, 19, '发表了文章：<a target=''_blank'' href=''http://www.his-china.cn/index.php?a=Index&c=Index&m=content&mid=8&cid=6&aid=47''>双12</a>', 1449564209),
(99, 19, '发表了文章：<a target=''_blank'' href=''http://www.his-china.cn/index.php?a=Index&c=Index&m=content&mid=8&cid=6&aid=48''>双12 中国</a>', 1449565100),
(100, 19, '发表了文章：<a target=''_blank'' href=''http://www.his-china.cn/index.php?a=Index&c=Index&m=content&mid=10&cid=8&aid=46''>双12 上海</a>', 1449567451),
(101, 19, '发表了文章：<a target=''_blank'' href=''http://www.his-china.cn/index.php?a=Index&c=Index&m=content&mid=10&cid=8&aid=47''>双12 中国</a>', 1449567470),
(102, 19, '发表了文章：<a target=''_blank'' href=''http://www.his-china.cn/index.php?a=Index&c=Index&m=content&mid=10&cid=8&aid=48''>去哪儿-上海1</a>', 1449567678),
(103, 19, '发表了文章：<a target=''_blank'' href=''http://www.his-china.cn/index.php?a=Index&c=Index&m=content&mid=10&cid=8&aid=49''>去哪儿-上海2</a>', 1449567743),
(104, 19, '发表了文章：<a target=''_blank'' href=''http://www.his-china.cn/index.php?a=Index&c=Index&m=content&mid=10&cid=8&aid=50''>去哪儿-上海3</a>', 1449567790),
(105, 19, '发表了文章：<a target=''_blank'' href=''http://www.his-china.cn/index.php?a=Index&c=Index&m=content&mid=10&cid=8&aid=51''>去哪儿-上海4</a>', 1449567850),
(106, 19, '发表了文章：<a target=''_blank'' href=''http://www.his-china.cn/index.php?a=Index&c=Index&m=content&mid=10&cid=8&aid=52''>去哪儿-上海5</a>', 1449567889),
(107, 19, '发表了文章：<a target=''_blank'' href=''http://www.his-china.cn/index.php?a=Index&c=Index&m=content&mid=10&cid=8&aid=53''>去哪儿-上海6</a>', 1449567927),
(108, 19, '发表了文章：<a target=''_blank'' href=''http://www.his-china.cn/index.php?a=Index&c=Index&m=content&mid=9&cid=10&aid=28''>全国底部banner1</a>', 1449634563),
(109, 19, '发表了文章：<a target=''_blank'' href=''http://www.his-china.cn/index.php?a=Index&c=Index&m=content&mid=9&cid=10&aid=29''>中国站</a>', 1449647871),
(110, 19, '发表了文章：<a target=''_blank'' href=''http://www.his-china.cn/index.php?a=Index&c=Index&m=content&mid=9&cid=10&aid=30''>双12</a>', 1449803012),
(111, 19, '发表了文章：<a target=''_blank'' href=''http://www.his-china.cn/index.php?a=Index&c=Index&m=content&mid=9&cid=10&aid=31''>双12 中国</a>', 1449804223),
(112, 19, '发表了文章：<a target=''_blank'' href=''http://www.his-china.cn/index.php?a=Index&c=Index&m=content&mid=8&cid=6&aid=49''>双12-上海</a>', 1449818240),
(113, 19, '发表了文章：<a target=''_blank'' href=''http://www.his-china.cn/index.php?a=Index&c=Index&m=content&mid=10&cid=8&aid=54''>元旦放假-上海</a>', 1450250894),
(114, 19, '发表了文章：<a target=''_blank'' href=''http://www.his-china.cn/index.php?a=Index&c=Index&m=content&mid=11&cid=9&aid=46''>jpvisa_全国</a>', 1450664417),
(115, 19, '发表了文章：<a target=''_blank'' href=''http://www.his-china.cn/index.php?a=Index&c=Index&m=content&mid=10&cid=8&aid=55''>jpvisa_全国</a>', 1450664471),
(116, 19, '发表了文章：<a target=''_blank'' href=''http://www.his-china.cn/index.php?a=Index&c=Index&m=content&mid=10&cid=8&aid=56''>jpvisa_其他</a>', 1450664532),
(117, 19, '发表了文章：<a target=''_blank'' href=''http://www.his-china.cn/index.php?a=Index&c=Index&m=content&mid=10&cid=8&aid=57''>jpvisa_上海</a>', 1450664571),
(118, 19, '发表了文章：<a target=''_blank'' href=''http://www.his-china.cn/index.php?a=Index&c=Index&m=content&mid=8&cid=6&aid=50''>来店イベント－上海</a>', 1452149111),
(119, 19, '发表了文章：<a target=''_blank'' href=''http://www.his-china.cn/index.php?a=Index&c=Index&m=content&mid=9&cid=10&aid=32''>来店イベント－上海</a>', 1452149281),
(120, 19, '发表了文章：<a target=''_blank'' href=''http://www.his-china.cn/index.php?a=Index&c=Index&m=content&mid=8&cid=6&aid=51''>来店イベント－中国</a>', 1452150288),
(121, 19, '发表了文章：<a target=''_blank'' href=''http://www.his-china.cn/index.php?a=Index&c=Index&m=content&mid=9&cid=10&aid=33''>来店イベント－中国</a>', 1452150378),
(122, 19, '发表了文章：<a target=''_blank'' href=''http://www.his-china.cn/index.php?a=Index&c=Index&m=content&mid=10&cid=8&aid=58''>来店イベント－上海</a>', 1452150797),
(123, 19, '发表了文章：<a target=''_blank'' href=''http://www.his-china.cn/index.php?a=Index&c=Index&m=content&mid=10&cid=8&aid=59''>来店イベント－中国</a>', 1452150865),
(124, 19, '发表了文章：<a target=''_blank'' href=''http://www.his.com/index.php?a=Index&c=Index&m=content&mid=8&cid=6&aid=52''>中国站点首页banner1</a>', 1482987968),
(125, 19, '发表了文章：<a target=''_blank'' href=''http://www.his.com/index.php?a=Index&c=Index&m=content&mid=8&cid=6&aid=53''>中国站点首页banner2</a>', 1482988108),
(126, 19, '发表了文章：<a target=''_blank'' href=''http://www.his.com/index.php?a=Index&c=Index&m=content&mid=8&cid=6&aid=54''>北京banner</a>', 1482990155),
(127, 19, '发表了文章：<a target=''_blank'' href=''http://www.his.com/index.php?a=Index&c=Index&m=content&mid=8&cid=6&aid=55''>上海banner1</a>', 1482990191),
(128, 19, '发表了文章：<a target=''_blank'' href=''http://www.his.com/index.php?a=Index&c=Index&m=content&mid=8&cid=6&aid=56''>其他banner1</a>', 1482990220);

-- --------------------------------------------------------

--
-- テーブルの構造 `zh_user_follow`
--

CREATE TABLE IF NOT EXISTS `zh_user_follow` (
  `uid` int(11) unsigned NOT NULL COMMENT '用户uid',
  `fans_uid` int(11) unsigned DEFAULT NULL COMMENT '粉丝uid'
) ENGINE=MyISAM DEFAULT CHARSET=utf8 COMMENT='会员关注表';

-- --------------------------------------------------------

--
-- テーブルの構造 `zh_user_guest`
--

CREATE TABLE IF NOT EXISTS `zh_user_guest` (
  `gid` int(11) unsigned NOT NULL AUTO_INCREMENT,
  `guest_uid` int(11) unsigned NOT NULL COMMENT '访问id',
  `uid` int(11) unsigned NOT NULL COMMENT '被访问空间Uid',
  PRIMARY KEY (`gid`)
) ENGINE=MyISAM DEFAULT CHARSET=utf8 COMMENT='空间访客表' AUTO_INCREMENT=1 ;

-- --------------------------------------------------------

--
-- テーブルの構造 `zh_user_message`
--

CREATE TABLE IF NOT EXISTS `zh_user_message` (
  `mid` int(10) unsigned NOT NULL AUTO_INCREMENT,
  `from_uid` int(10) unsigned NOT NULL,
  `to_uid` int(10) unsigned NOT NULL,
  `content` varchar(255) NOT NULL DEFAULT '',
  `user_message_state` tinyint(1) NOT NULL COMMENT '是否查阅  1 已阅读  2 未读',
  `sendtime` int(10) NOT NULL COMMENT '发送时间',
  PRIMARY KEY (`mid`)
) ENGINE=MyISAM DEFAULT CHARSET=utf8 COMMENT='短消息' AUTO_INCREMENT=1 ;

-- --------------------------------------------------------

--
-- テーブルの構造 `zh_volume_price`
--

CREATE TABLE IF NOT EXISTS `zh_volume_price` (
  `price_type` tinyint(1) unsigned NOT NULL,
  `goods_id` mediumint(8) unsigned NOT NULL,
  `volume_number` smallint(5) unsigned NOT NULL DEFAULT '0',
  `volume_price` decimal(10,2) NOT NULL DEFAULT '0.00',
  PRIMARY KEY (`price_type`,`goods_id`,`volume_number`)
) ENGINE=MyISAM DEFAULT CHARSET=utf8;

--
-- テーブルのデータのダンプ `zh_volume_price`
--

INSERT INTO `zh_volume_price` (`price_type`, `goods_id`, `volume_number`, `volume_price`) VALUES
(1, 1, 5, '1366.00'),
(1, 9, 3, '2200.00'),
(1, 9, 5, '2100.00'),
(1, 13, 5, '1150.00'),
(1, 13, 3, '1200.00'),
(1, 36, 200, '270.00'),
(1, 36, 100, '280.00');

-- --------------------------------------------------------

--
-- テーブルの構造 `zh_vote`
--

CREATE TABLE IF NOT EXISTS `zh_vote` (
  `vote_id` smallint(5) unsigned NOT NULL AUTO_INCREMENT COMMENT '在线调查自增id',
  `vote_name` varchar(250) NOT NULL COMMENT '在线调查主题',
  `start_time` int(11) unsigned NOT NULL DEFAULT '0' COMMENT '在线调查开始时间',
  `end_time` int(11) unsigned NOT NULL DEFAULT '0' COMMENT '在线调查结束时间',
  `can_multi` tinyint(1) unsigned NOT NULL DEFAULT '0' COMMENT '能否多选，0，可以；1，不可以',
  `vote_count` int(10) unsigned NOT NULL DEFAULT '0' COMMENT '投票人数也可以说投票次数',
  PRIMARY KEY (`vote_id`)
) ENGINE=MyISAM  DEFAULT CHARSET=utf8 AUTO_INCREMENT=2 ;

--
-- テーブルのデータのダンプ `zh_vote`
--

INSERT INTO `zh_vote` (`vote_id`, `vote_name`, `start_time`, `end_time`, `can_multi`, `vote_count`) VALUES
(1, '您从哪里知道我们的网站', 1213200000, 1450632872, 0, 0);

-- --------------------------------------------------------

--
-- テーブルの構造 `zh_vote_option`
--

CREATE TABLE IF NOT EXISTS `zh_vote_option` (
  `option_id` smallint(5) unsigned NOT NULL AUTO_INCREMENT COMMENT '投票选项自增id',
  `vote_id` smallint(5) unsigned NOT NULL DEFAULT '0' COMMENT '关联的投票主题id，取值表zh_vote',
  `option_name` varchar(250) NOT NULL COMMENT '投票选项的值',
  `option_count` int(8) unsigned NOT NULL DEFAULT '0' COMMENT '该选项的票数',
  `option_order` tinyint(3) unsigned NOT NULL DEFAULT '100',
  PRIMARY KEY (`option_id`),
  KEY `vote_id` (`vote_id`)
) ENGINE=MyISAM  DEFAULT CHARSET=utf8 AUTO_INCREMENT=4 ;

--
-- テーブルのデータのダンプ `zh_vote_option`
--

INSERT INTO `zh_vote_option` (`option_id`, `vote_id`, `option_name`, `option_count`, `option_order`) VALUES
(1, 1, '论坛', 0, 100),
(2, 1, '朋友', 0, 100),
(3, 1, '友情链接', 0, 100);

-- --------------------------------------------------------

--
-- テーブルの構造 `zh_weblist`
--

CREATE TABLE IF NOT EXISTS `zh_weblist` (
  `id` int(11) NOT NULL AUTO_INCREMENT,
  `webname` varchar(255) DEFAULT NULL COMMENT '网站名称',
  `weburl` varchar(255) DEFAULT NULL COMMENT '网站地址',
  `webid` int(11) DEFAULT NULL,
  `webroot` varchar(255) DEFAULT NULL,
  `webprefix` varchar(255) DEFAULT NULL,
  `is_main` tinyint(1) DEFAULT NULL COMMENT '是否主站',
  `name1` varchar(225) NOT NULL,
  `displayorder` int(11) DEFAULT '9999',
  PRIMARY KEY (`id`)
) ENGINE=MyISAM  DEFAULT CHARSET=utf8 ROW_FORMAT=COMPACT COMMENT='sline网站列表' AUTO_INCREMENT=7 ;

--
-- テーブルのデータのダンプ `zh_weblist`
--

INSERT INTO `zh_weblist` (`id`, `webname`, `weburl`, `webid`, `webroot`, `webprefix`, `is_main`, `name1`, `displayorder`) VALUES
(1, '中国', 'http://tour.metaphasedemo.com/', 0, 'china', 'www', 0, '', 9999),
(2, '上海支店', 'http://tour.metaphasedemo.com/shanghai', NULL, 'shanghai', 'shanghai', 1, '', 9999),
(3, '北京总部', 'http://tour.metaphasedemo.com/beijing', NULL, 'beijing', 'beijing', 1, '', 9999),
(6, '其他支店', 'http://tour.metaphasedemo.com/other', NULL, 'other', 'other', 1, '', 9999);

/*!40101 SET CHARACTER_SET_CLIENT=@OLD_CHARACTER_SET_CLIENT */;
/*!40101 SET CHARACTER_SET_RESULTS=@OLD_CHARACTER_SET_RESULTS */;
/*!40101 SET COLLATION_CONNECTION=@OLD_COLLATION_CONNECTION */;
